JIS,漢字,詳細読み(カタカナ),詳細読み(漢字仮名交じり),音読み,,,,,訓読み,,,
5021,弌,イチ，カンスウジノイチノイタイジ，シキガマエニイチ,イチ，漢数字の一の異体字，式構えに一,イチ,イツ,,,,ひと,ひと（つ）,,
5022,丐,カイ，コウ，アタエルノイミ,カイ，乞う，与えるの意味,カイ,,,,,こ（う）,こじき,,
5023,丕,ヒ，フシギノフノシタニカンスウジノイチ,ヒ，不思議のフの下に漢数字の一,ヒ,,,,,,,,
5024,个,カ，モノノタンイ，ヤネノシタニタテボウ,カ，物の単位，屋根の下に縦棒,,,,,,,,,
5025,丱,カン，アゲマキ,カン，あげまき,カン,ケン,,,,あげまき,おさな（い）,,
5026,丶,チュウ，ブンノクギリフゴウ，カタチハテン,チュウ，文の区切り符号，形は点,,,,,,,,,
5027,丼,ドンブリ,どんぶり,タン,トン,,,,どんぶり,,,
5028,丿,ヘツ，カタカナノノノカタチ,ヘツ，片仮名のノの形,,,,,,,,,
5029,乂,ガイ，クサカリノカリノヒダリガワ,ガイ，草刈りのカリの左側,ガイ,,,,,か（る）,おさ（める）,すぐ（れる）,
502A,乖,カイリスルノカイ，ソムクノイミ,乖離するのカイ，背くの意味,カイ,,,,,そむ（く）,もと（る）,へだ（たる）,こざか（しい）
502B,乘,ジョウシャスルノジョウ，ノルノキュウジ,乗車するのジョウ，乗るの旧字,,,,,,,,,
502C,亂,コンランスルノラン，ミダレル,混乱するのラン，乱れるの旧字,,,,,,,,,
502D,亅,ケツ，カンジノブシュノハネボウ,ケツ，漢字の部首の跳ね棒,,,,,,,,,
502E,豫,ヨテイノヨノキュウジ,予定のヨの旧字,,,,,,,,,
502F,亊,ジケンノジ，コトノイタイジ,事件のジ，ことの異体字,,,,,,,,,
5030,舒,ジョ，シュクシャノシャノキュウジノミギニヨテイノヨ,ジョ，宿舎のシャの旧字の右に予定のヨ,,,,,,,,,,,,,
5031,弍,カンスウジノニノイタイジ，シキガマエニニ,漢数字の二の異体字，式構えにニ,ニ,ジ,,,,なら（ぶ）,つ（ぐ）,うたが（う）,,,,,
5032,于,ウ，ウチュウノウノウカンムリヲトッタモノ,ウ，宇宙のウのウ冠を取ったもの,ウ,ク,,,,ああ,ここ（に）,ゆ（く）,,,,,
5033,亞,アネッタイノアノキュウジ,亜熱帯のアの旧字,,,,,,,,,,,,,
5034,亟,キ，ホッキョクノキョクノツクリ,キ，北極のキョクの旁,キョク,キ,,,,すみ（やか）,しばしば,,,,,,
5035,亠,トウ，ブシュノナベブタ,トウ，部首の鍋蓋,,,,,,,,,,,,,
5036,亢,コウ，テイコウスルノコウノツクリ,コウ，抵抗するのコウの旁,コウ,,,,,のど,たか（い）,たかぶ（る）,あ（がる）,きわ（める）,あ（たる）,,
5037,亰,トウキョウノキョウノイタイジ,東京のキョウの異体字,,,,,,,,,,,,,
5038,亳,ハク，コダイチュウゴクノインノミヤコノヒトツ,ハク，古代中国の殷の都の一つ,,,,,,,,,,,,,
5039,亶,タン，ブツダンノダンノツクリ,タン，仏壇のダンの旁,タン,セン,,,,あつ（い）,ほしいまま,まこと,もっぱ（ら）,,,,
503A,从,シタガウノイタイジ，ヒトフタツ,従うの異体字，人二つ,,,,,,,,,,,,,
503B,仍,ジョウ，ニンベンニノギタイショウノノ,ジョウ，人偏に乃木大将のノ,ジョウ,ニョウ,,,,よ（る）,かさ（なる）,しきり（に）,なお,,,,
503C,仄,ソクブンスルノソク，ホノカ,仄聞するのソク，ほのか,シキ,ショク,ソク,,,かたわ（ら）,かたむ（く）,そばだ（つ）,ほの（か）,いや（しい）,うらがえ（る）,ほの（めく）,ほの（めかす）
503D,仆,ボク，ニンベンニウラナウノボク,ボク，人偏に卜うのボク,フ,ホク,,,,たお（れる）,し（ぬ）,,,,,,
503E,仂,ロク，ニンベンニチカラ,ロク，人偏に力,ロク,リョク,リキ,,,あま（り）,つと（める）,,,,,,
503F,仗,ギジョウヘイノジョウ,儀仗兵のジョウ,ジョウ,,,,,つわもの,ほこ,まも（り）,よ（る）,,,,
5040,仞,フカサノタンイノジン，ニンベンニカタナニテン,深さの単位のジン，人偏に刀に点,ジン,,,,,ひろ,はか（る）,,,,,,
5041,仭,フカサノタンイノジンノイタイジ，ニンベンニヤイバノイタイジ,深さの単位のジンの異体字，人偏に刃の異体字,,,,,,,,,,,,,
5042,仟,セン，ニンベンニカンスウジノセン,セン，人偏に漢数字の千,セン,,,,,かしら,,,,,,,
5043,价,カイ，ニンベンニチュウカイスルノカイ,カイ，人偏に仲介するのカイ,カイ,,,,,よ（い）,よろ（う）,,,,,,
5044,伉,コウ，ニンベンニテイコウスルノコウノツクリ,コウ，人偏に抵抗するのコウの旁,コウ,,,,,たぐい,なら（ぶ）,つよ（い）,おご（る）,,,,
5045,佚,アンイツノイツ，ニンベンニウシナウ,安佚のイツ，人偏に失う,イツ,テツ,,,,たの（しむ）,やす（んじる）,あそ（ぶ）,のが（れる）,うしな（う）,うつく（しい）,ゆる（い）,たが（いに）
5046,估,コ，ニンベンニチュウコシャノコ,コ，人偏に中古車のコ,コ,,,,,あたい,あきな（う）,,,,,,
5047,佛,ブツゾウノブツノキュウジ,仏像のブツの旧字,,,,,,,,,,,,,
5048,佝,ク，ニンベンニハイクノク,ク，人偏に俳句のク,ク,コウ,,,,ま（がる）,おろ（か）,,,,,,
5049,佗,タ，ワビ，ニンベンニウカンムリニカタカナノヒ,タ，わび，人偏にウ冠に片仮名のヒ,タ,イ,,,,ほか,にな（う）,みだ（す）,わび,わび（しい）,わ（びる）,,
504A,佇,チョリツスルノチョ，タタズム,佇立するのチョ，たたずむ,チョ,,,,,たたず（む）,たちど（まる）,ま（つ）,,,,,
504B,佶,キツ，ニンベンニダイキチノキチ,キチ，人偏に大吉のキチ,キツ,,,,,よ（い）,かた（い）,,,,,,
504C,侈,シャシニナガレルノシ，ニンベンニオオイスクナイノオオイ,奢侈に流れるのシ，人偏に多い少ないの多い,シ,,,,,おご（る）,ほしいまま,おお（きい）,ひろ（い）,,,,
504D,侏,シュジュノシュ，ニンベンニシュイロノシュ,侏儒のシュ，人偏に朱色のシュ,シュ,,,,,みじか（い）,,,,,,,
504E,侘,タ，ワビシイノワビ，ニンベンニジュウタクノタク,人偏に住宅のタク,タ,,,,,ほこ（る）,わ（びる）,わび（しい）,わび,,,,
504F,佻,ケイチョウフハクノチョウ,軽佻浮薄のチョウ,チョウ,,,,,かる（い）,かるがるしい,,,,,,
5050,佩,ハイヨウスルノハイ，オビル,佩用するのハイ，おびる,ハイ,,,,,おびだま,お（びる）,は（く）,
5051,佰,ハク，ニンベンニカンスウジノヒャク,ハク，人偏に漢数字の百,ハク,ヒャク,,,,おさ,,,
5052,侑,ユウ，ニンベンニユウメイジンノユウ,ユウ，人偏に有名人のユウ,ウ,ユウ,,,,すす（める）,むく（いる）,たす（ける）,ゆる（す）
5053,佯,ヨウ，ニンベンニドウブツノヒツジ,ヨウ，人偏に動物の羊,ヨウ,,,,,いつわ（る）,さまよ（う）,,
5054,來,ライネンノライ，クルノキュウジ,来年のライ，来るの旧字,,,,,,,,,
5055,侖,リン，シャリンノリンノツクリ,リン，車輪のリンの旁,ロン,リン,,,,おも（う）,つい（ずる）,,
5056,儘,ワガママノママ，ジン,我儘のママ，ジン,,,,,,,,,
5057,俔,ケン，ニンベンニケンブツスルノケン,ケン，人偏に見物するのケン,ケン,,,,,うかが（う）,しの（び）,,
5058,俟,シ，マツ，ニンベンニカタカナノムノシタニユミヤノヤ,シ，まつ，人偏に片仮名のムの下に弓矢のヤ,シ,,,,,ま（つ）,,,
5059,俎,マナイタ，ソジョウノソ,まないた，俎上のソ,ショ,ソ,,,,まないた,,,
505A,俘,トリコ，フリョノフ,とりこ，俘虜のフ,フ,,,,,とりこ,と（る）,,
505B,俛,ベン，ニンベンニメンキョノメン,ベン，人偏に免許のメン,ベン,メン,フ,,,ふ（せる）,,,
505C,俑,ヘイバヨウノヨウ,兵馬俑のヨウ,ヨウ,トウ,,,,ひとがた,いた（む）,,
505D,俚,リゲンノリ，ニンベンニサトガエリノサト,俚諺のリ，人偏に里帰りのサト,リ,,,,,いや（しい）,ひな,,
505E,俐,レイリノリ，ニンベンニケンリノリ,伶俐のリ，人偏に権利のリ,リ,,,,,かしこ（い）,さか（しい）,,
505F,俤,オモカゲ，ニンベンニオトウト,おもかげ，人偏に弟,,,,,,おもかげ,,,
5060,俥,クルマ，ニンベンニデンシャノシャ,くるま，人偏に電車のシャ,,,,,,くるま,,,
5061,倚,イ，ニンベンニキミョウナノキ,イ，人偏に奇妙なのキ,イ,キ,,,,よ（る）,たの（む）,,
5062,倨,キョゴウノキョ，ニンベンニジュウキョノキョ,キョゴウ，人偏に住居のキョ,キョ,,,,,おご（る）,,,
5063,倔,クツ，ニンベンニリクツノクツ,クツ，人偏に理屈のクツ,クツ,,,,,つよ（い）,,,
5064,倪,タンゲイノゲイ，ニンベンニヌラムノツクリ,端倪のゲイ，人偏に睨むの旁,ゲイ,,,,,かよわ（い）,ながしめ,きわ,
5065,倥,コウ，ニンベンニクウキノクウ,コウ，人偏に空気のクウ,コウ,,,,,おろ（か）,いそが（しい）,ぬか（る）,
5066,倅,セガレ，ニンベンニソツギョウノソツ,せがれ，人偏に卒業のソツ,サイ,ソツ,,,,たす（け）,にわ（か）,せがれ,
5067,伜,セガレノイタイジ，ニンベンニカンスウジノキュウトジュウ,倅の異体字，人偏に漢数字の九と十,,,,,,,,,
5068,俶,シュク，ニンベンニシュクジョノシュクノツクリ,シュク，人偏に淑女のシュクの旁,シュク,テキ,,,,よ（い）,はじ（める）,すぐ（れる）,
5069,倡,ショウ，ニンベンニガッショウキョクノショウノツクリ,ショウ，人偏に合唱曲のショウの旁,ショウ,,,,,わざおぎ,あそびめ,とな（える）,
506A,倩,セン，ニンベンニアオノキュウジタイ,セン，人偏に青の旧字体,セン,セイ,,,,うつく（しい）,むこ,やと（う）,つらつら
506B,倬,タク，ニンベンニタッキュウノタク,タク，人偏に卓球のタク,タク,,,,,おお（きい）,たか（い）,あき（らか）,
506C,俾,ヘイ，ニンベンニヒクツナノヒ,ヘイ，人偏に卑屈なのヒ,ヒ,ヘイ,,,,しもべ,たす（ける）,にら（む）,
506D,俯,ウツムク，フカンスルノフ,うつむく，俯瞰するのフ,フ,,,,,ふ（す）,ふ（せる）,うつむ（く）,うつぶ（す）
506E,們,モン，ニンベンニセンモンノモン,モン，人偏に専門のモン,モン,,,,,ともがら,,,
506F,倆,リョウ，ニンベンニリョウテノリョウノキュウジ,リョウ，人偏に両手のリョウの旧字,リョウ,,,,,うでまえ,,,
5070,偃,エン，ニンベンニエンテイノエン，セキノツクリ,エン，人偏に堰堤のエン，堰の旁,エン,,,,,ふ（す）,ふ（せる）,や（める）,せ（く）,おご（る）
5071,假,カメンノカ，カリノキュウジ,仮面のカ，仮の旧字,,,,,,,,,,
5072,會,カイシャノカイ，アウノキュウジ,会社のカイ，会うの旧字,,,,,,,,,,
5073,偕,カイ，トモニ，ニンベンニミナサマノミナ,カイ，ともに，人偏に皆様のミナ,カイ,,,,,とも（に）,,,,
5074,偐,ガン，ニンベンニヒコボシノヒコノキュウジ,ガン，人偏に彦星のヒコの旧字,ガン,ゲン,,,,にせ,にせもの,,,
5075,偈,ゲ，ニンベンニカッショクノカツノツクリ,ゲ，人偏に褐色のカツの旁,ケツ,ケイ,ゲ,,,はや（い）,すこ（やか）,いこ（う）,,
5076,做,サ，ニンベンニコキョウノコ,サ，人偏に故郷のコ,サク,サ,,,,な（す）,,,,
5077,偖,シャ，ニンベンニカガクシャノシャノキュウジタイ,シャ，人偏に科学者のシャの旧字体,シャ,,,,,さて,,,,
5078,偬,ソウ，ニンベンニネギノクサカンムリヲトッタモノ,ソウ，人偏に葱の草冠を取ったもの,ソウ,,,,,せわ（しい）,,,,
5079,偸,トウ，ニンベンニユカイナノユノツクリ,トウ，人偏に愉快なの愉の旁,トウ,チュウ,,,,ぬす（む）,かりそめ,かろ（んずる）,うす（い）,
507A,傀,カイライセイケンノカイ,傀儡政権のカイ,カイ,,,,,おお（きい）,くぐつ,でく,,
507B,傚,コウ，ニンベンニコウカテキノコウノキュウジ,コウ，人偏に効果的のコウの旧字,コウ,,,,,なら（う）,まね（る）,,,
507C,傅,フイクスルノフ，メノト,傅育するのフ，めのと,フ,,,,,もり,かしず（く）,つ（く）,し（く）,
507D,傴,ウ，ニンベンニクベツスルノクノキュウジ,ウ，人偏に区別するのクの旧字,ウ,,,,,かが（む）,かわい（がる）,つつし（む）,,
507E,傲,ゴウマンナノゴウ,傲慢なのゴウ,ゴウ,,,,,おご（る）,あなど（る）,あそ（ぶ）,,
5121,僉,シケンヲウケルノケンノキュウジノツクリ,試験を受けるのケンの旧字の旁,セン,,,,,みな,,,,
5122,僊,セン，ニンベンニサセンスルノセンノツクリ,セン，人偏に左遷するのセンの旁,セン,,,,,やまびと,せんにん,
5123,傳,デンセツノデンノキュウジ,伝説のデンの旧字,,,,,,,,
5124,僂,ロウ，ニンベンニロウカクノロウノキュウジノツクリ,ロウ，人偏に楼閣のロウの旧字の旁,ロウ,ル,,,,かが（める）,ま（げる）,
5125,僖,キ，ニンベンニキゲキノキ，ヨロコブ,キ，人偏に喜劇のキ，喜ぶ,キ,,,,,よろこ（ぶ）,たの（しむ）,
5126,僞,ギゾウノギ，ニセノキュウジ,偽造のギ，にせの旧字,,,,,,,,
5127,僥,ギョウコウノギョウ，ニンベンニギョウシュンギョウノキュウジ,僥倖のギョウ，人偏に堯舜の堯の旧字,ギョウ,,,,,もと（める）,ねが（う）,
5128,僭,センエツナガラノセン,僭越ながらのセン,セン,,,,,なぞら（える）,おご（る）,
5129,僣,センエツナガラノセンノイタイジ,僭越ながらのセンの異体字,,,,,,,,
512A,僮,ドウ，ニンベンニワラベ,ドウ，人偏にわらべ,トウ,ドウ,,,,わらべ,おろ（か）,しもべ
512B,價,カチノカ，アタイノキュウジ,価値のカ，あたいの旧字,,,,,,,,
512C,僵,キョウ，ニンベンニカシハラジングウノカシノツクリ,キョウ，人偏に橿原神宮のカシの旁,キョウ,,,,,こわ（ばる）,たお（れる）,
512D,儉,ケンヤクスルノケンノキュウジ,倹約するのケンの旧字,,,,,,,,
512E,儁,シュン，ニンベンニフルトリニユミ,シュン，人偏に隹に弓,シュン,,,,,すぐ（れる）,まさ（る）,
512F,儂,ノウ，ニンベンニノウギョウノノウ,ノウ，人偏に農業のノウ,ドウ,ノウ,,,,わし,われ,
5130,儖,ラン，ニンベンニカントクスルノカン,ラン，人偏に監督するのカン,,,,,,,,
5131,儕,セイ，ニンベンニイッセイシャゲキノセイノキュウジ,セイ，人偏に一斉射撃のセイの旧字,サイ,セイ,,,,ともがら,,
5132,儔,チュウ，ニンベンニコトブキノキュウジ,チュウ，人偏に寿の旧字,チュウ,ジュ,,,,ともがら,,,
5133,儚,ボウ，ニンベンニユメ，ハカナイ,ボウ，人偏に夢，はかない,ボウ,モウ,,,,くら（い）,はかな（い）,はかな（む）,
5134,儡,カイライセイケンノライ,傀儡政権のライ,ライ,,,,,つか（れる）,くぐつ,でく,
5135,儺,ダ，ニンベンニコンナンノナン,ダ，人偏に困難のナン,ナ,ダ,,,,おにやらい,,,
5136,儷,レイ，ニンベンニウルワシイ,レイ，人偏に麗しい,レイ,,,,,なら（ぶ）,つれあい,,
5137,儼,ゲン，ニンベンニゲンジュウナノゲン,ゲン，人偏に厳重なのゲン,ゲン,,,,,いかめ（しい）,おごそ（か）,,
5138,儻,トウ，ニンベンニヨトウヤトウノトウノキュウジ,トウ，人偏に与党野党のトウの旧字,トウ,,,,,すぐ（れる）,も（し）,ある（いは）,
5139,儿,ジン，ブシュノヒトアシ,ジン，部首のひとあし,,,,,,,,,
513A,兀,ゴツ，カンスウジノイチノシタニヒトアシ,ゴツ，漢数字の一の下にひとあし,コツ,ゴツ,,,,たか（い）,,,
513B,兒,ジドウセイトノジノキュウジ,児童生徒のジの旧字,,,,,,,,,
513C,兌,ダカンシヘイノダ,兌換紙幣のダ,ダ,タイ,エツ,エイ,,か（える）,とりか（える）,よろこ（ぶ）,するど（い）
513D,兔,ドウブツノウサギノイタイジ,動物の兔の異体字,,,,,,,,,
513E,兢,センセンキョウキョウノキョウ，コクフクスルノコクフタツ,戦線兢々のキョウ，克服するのコク二つ,キョウ,,,,,つつし（む）,おそ（れる）,,
513F,竸,キョウソウスルノキョウ，キソウノイタイジ,競争するのキョウ，競うの異体字,,,,,,,,,
5140,兩,リョウテノリョウノキュウジ,両手のリョウの旧字,,,,,,,,,
5141,兪,ユ，ニレノキノニレノツクリ,ユ，楡の木のニレの旁,ユ,,,,,しか（り）,,,
5142,兮,ケイ，カンスウジノハチノシタニゴウキュウスルノゴウノシタガワ,ケイ，漢数字の八の下に号泣するのゴウの下側,,,,,,,,
5143,冀,キ，キタノシタニコトナル,キ，北の下に異なる,キ,,,,,こいねが（う）,,
5144,冂,ケイ，ブシュノドウガマエ,ケイ，部首のどうがまえ,,,,,,,,
5145,囘,マワル，カイテンノカイノイタイジ，ドウガマエニジュウニシノミ,回る，回転のカイの異体字，どうがまえに十二支の巳,,,,,,,,
5146,册,イッサツニサツノサツノキュウジ,一冊二冊のサツの旧字,,,,,,,,
5147,冉,ゼン，フタタビカライッカクメヲトッタカタチ,ゼン，再びから一画目を取った形,ゼン,ネン,,,,しな（やか）,,
5148,冏,ケイ，ドウガマエニカタカナノルトロ,ケイ，どうがまえに片仮名のルとロ,キョウ,ケイ,,,,あき（らか）,,
5149,冑,カッチュウノチュウ，カブト,甲冑のチュウ，かぶと,チュウ,,,,,かぶと,よろい,
514A,冓,コウ，ミゾノツクリ,コウ，溝の旁,コウ,,,,,く（む）,かま（える）,
514B,冕,ベン，カンムリ,ベン，かんむり,ベン,,,,,かんむり,,
514C,冖,ベキ，ブシュノワカンムリ,ベキ，部首のワ冠,,,,,,,,
514D,冤,エンザイヲハラスノエン,冤罪を晴らすのエン,エン,,,,,ぬれぎぬ,あだ,
514E,冦,モウコシュウライノゲンコウノコウノイタイジ,蒙古襲来の元寇のコウの異体字,,,,,,,,
514F,冢,チョウ，カイヅカノツカノモトノジ,チョウ，貝塚のツカの元の字,チョウ,,,,,つか,おお（きい）,かしら
5150,冩,シャシンノシャ，ウツスノキュウジノイタイジ，ワカンムリ,写真のシャ，うつす，の旧字の異体字，ワ冠,,,,,,,,
5151,冪,ベキ，ワカンムリニジマクノマク,ベキ，ワ冠に字幕のマク,ベキ,,,,,おお（う）,,
5152,冫,ヒョウ，ブシュノニスイ,ヒョウ，部首のにすい,,,,,,,,
5153,决,タスウケツノケツ，キメルノイタイジ，ニスイ,多数決のケツ，きめるの異体字，にすい,,,,,,,,
5154,冱,コ，ニスイニゴカクノゴ,コ，にすいに互角のゴ,コ,ゴ,,,,こお（る）,さむ（い）,さ（える）
5155,冲,チュウ，ニスイニチュウガッコウノチュウ,チュウ，にすいに中学校のチュウ,,,,,,,,
5156,冰,ヒョウガノヒョウ，コオリノイタイジ，ニスイ,氷河のヒョウ，こおりの異体字，二水,,,,,,,,
5157,况,ジッキョウチュウケイノキョウノイタイジ，ニスイ,実況中継のキョウの異体字，にすい,,,,,,,,
5158,冽,リンレツノレツ，ニスイニギョウレツノレツ,凜冽のレツ，にすいに行列のレツ,レツ,,,,,さむ（い）,つめ（たい）,
5159,凅,コ，コオル，ニスイニカタマル,コ，こおり，にすいに固まる,コ,,,,,こお（る）,,
515A,凉,スズシイノイタイジ，ニスイ,涼しいの異体字，にすい,,,,,,,,
515B,凛,リンレツタルノリンノイタイジ,凜冽たるのリンの異体字,リン,,,,,さむ（い）,すさ（まじい）,
515C,几,キチョウメンノキ，ツクエ,几帳面のキ，つくえ,キ,,,,,つくえ,ひじかけ,
515D,處,ショブンスルノショノキュウジ,処分するのショの旧字,,,,,,,,
515E,凩,コガラシ,こがらし,,,,,,こがらし,,
515F,凭,ヒョウ，モタレル,ヒョウ，凭れる,ヒョウ,,,,,よ（る）,もた（れる）,
5160,凰,トリノホウオウノオウ,鳥の鳳凰のオウ,,,,,,,,
5161,凵,ケン，ブシュノウケバコ,ケン，部首のうけばこ,,,,,,,,
5162,凾,ハコダテノハコ，カンノイタイジ,函館のハコ，カンの異体字,,,,,,,,,
5163,刄,ハモノノハ，ヤイバノイタイジ,刃物のハ，刃（やいば）の異体字,,,,,,,,,
5164,刋,セン，カタカナノチノミギニリットウ,セン，片仮名のチの右にりっとう,セン,,,,,き（る）,けず（る）,,
5165,刔,ケツ，エグル，タスウケツノケツノツクリノミギニリットウ,ケツ，えぐる，多数決のケツの旁の右にりっとう,ケツ,,,,,えぐ（る）,,,
5166,刎,フンケイノマジワリノフン,刎頸の交わりのフン,フン,ブン,,,,は（ねる）,くびは（ねる）,,
5167,刧,ミライエイゴウノゴウノイタイジ,未来永劫のゴウの異体字,,,,,,,,,
5168,刪,サン，ケズル，イッサツニサツノサツノミギニリットウ,サン，けずる，一冊二冊のサツの右にりっとう,サン,,,,,けず（る）,えら（ぶ）,,
5169,刮,カツモクスルノカツ,刮目するのカツ,カツ,,,,,けず（る）,こす（る）,こそ（げる）,
516A,刳,クリヌクノクル，コ,刳り貫くのくる，コ,コ,,,,,えぐ（る）,く（る）,さ（く）,
516B,刹,セツナテキナノナ,刹那的なのナ,セツ,サツ,,,,てら,,,
516C,剏,ソウ，ヘイヨウスルノヘイノツクリニヤイバノイタイジ,ソウ，併用するのヘイに刃の異体字,ソウ,ショウ,,,,はじ（める）,そこ（なう）,,
516D,剄,ケイドウミャクノケイノヒダリガワニリットウ,頸動脈のケイの左側にりっとう,ケイ,,,,,くびき（る）,,,
516E,剋,ゲコクジョウノコク，コクフクスルノコクニリットウ,下剋上のコク，克服するのコクにりっとう,コク,,,,,か（つ）,きざ（む）,き（める）,きび（しい）
516F,剌,ハツラツノラツ,溌剌のラツ,ラツ,,,,,もと（る）,そむ（く）,,
5170,剞,キ，キミョウナノキニリットウ,キ，奇妙なのキにりっとう,キ,,,,,きざ（む）,ほ（る）,,
5171,剔,テキシュツスルノテキ，ボウエキノエキ，ヤサシイニリットウ,剔出するのテキ，貿易風のエキ，易しいにりっとう,テキ,テイ,,,,えぐ（る）,のぞ（く）,そ（る）,
5172,剪,ニワキヲセンテイスルノセン，キル,庭木を剪定するのセン，剪る,セン,,,,,き（る）,つ（む）,ほろ（ぼす）,はさみ,はさ（む）
5173,剴,ガイ，ヨロイノツクリニリットウ,ガイ，鎧の旁にりっとう,ガイ,,,,,あ（たる）,あては（まる）,,,
5174,剩,ジョウ，ジシンカジョウノジョウノキュウジ,ジョウ，自信過剰のジョウの旧字,,,,,,,,,,
5175,剳,ゴジュウノトウノトウノツクリニリットウ,五重塔のトウの旁にりっとう,サツ,トウ,,,,かぎ,かま,,,
5176,剿,ハチノスノスニリットウ,蜂の巣のスにりっとう,ソウ,ショウ,,,,た（つ）,ほろ（ぼす）,かすめと（る）,,
5177,剽,ヒョウセツスルノヒョウ,剽窃するのヒョウ,ヒョウ,,,,,すばや（い）,かる（い）,あびや（かす）,かすめと（る）,
5178,劍,ケン，ツルギノキュウジ,ケン，剣（つるぎ）の旧字,,,,,,,,,,
5179,劔,ケン，ツルギノイタイジ，ツクリガヤイバノイタイジ,ケン，剣（つるぎ）の異体字，旁が刃の異体字,,,,,,,,,,
517A,劒,ケン，ツルギノイタイジ，ツクリガカタナニテン,ケン，剣（つるぎ）の異体字，旁が刀に点,,,,,,,,,,
517B,剱,ケン，ツルギノイタイジ，ジョウヨウカンジノケンノツクリガヤイバノイタイジ,ケン，剣（つるぎ）の異体字，常用漢字の剣の旁が刃の異体字,,,,,,,,,,
517C,劈,ヘキ，カベノツチノカワリニカタナ,ヘキ，壁の土の代わりに刀,ヘキ,,,,,さ（く）,つんざ（く）,,,
517D,劑,ヤクザイシノザイノキュウジ,薬剤師のザイの旧字,,,,,,,,,,
517E,辨,ベンベツスルノベンノキュウジ，カライ，シンフタツノアイダニリットウ,弁別するのベンの旧字，辛い二つの間にりっとう,,,,,,,,,,
5221,辧,ベンベツスルノベンノキュウジ，カライ，シンフタツノアイダニカタナ,弁別するのベンの旧字，辛い二つの間に刀（かたな）,,,,,,,,,,
5222,劬,ク，ハイクノクニチカラ,ク，俳句のクに力（ちから）,ク,グ,,,,つか（れる）,,,,
5223,劭,ショウ，マネクノツクリニチカラ,ショウ，招くの旁に力（ちから）,ショウ,,,,,つと（める）,,,,
5224,劼,カツ，ダイキチノキチニチカラ,カツ，大吉のキチに力（ちから）,カツ,,,,,つつし（む）,つと（める）,,
5225,劵,ケン，ジョウシャケンノケンノカタナノカワリニチカラ,ケン，乗車券のケンの刀の代わりに力,,,,,,,,,
5226,勁,ケイ，ツヨイ，ケイドウミャクノケイノヒダリガワニチカラ,ケイ，つよい，頸動脈のケイの左側に力（ちから）,ケイ,,,,,つよ（い）,,,
5227,勍,ケイ，トウキョウノキョウニチカラ,ケイ，東京のキョウに（ちから）,ケイ,,,,,つよ（い）,,,
5228,勗,キョク，ニチョウビノニチノシタニキュウジョスルノジョ,キョク，日曜日のニチの下に救助するのジョ,キョク,,,,,つと（める）,はげ（ます）,,
5229,勞,ロウドウノロウノキュウジ,労働のロウの旧字,,,,,,,,,
522A,勣,セキ，セキニンノセキニチカラ,セキ，責任のセキに力,,,,,,,,,
522B,勦,ソウ，ハチノスノキュウジニチカラ,ソウ，蜂の巣の旧字に力（ちから）,,,,,,,,,
522C,飭,チョク，ショクヘンニカタカナノノ，ヨコボウニチカラ,チョク，食偏に片仮名のノ，横棒に力（ちから）,チィク,,,,,つつし（む）,ただ（す）,いましめ（る）,ととの（える）
522D,勠,リク，ゴビュウノビュウノツクリニチカラ,リク，誤謬のビュウの旁に力（ちから）,リク,,,,,あわ（せる）,,,
522E,勳,クンショウノクン，イサオノキュウジ,勲章のクン，いさおの旧字,,,,,,,,,
522F,勵,ゲキレイスルノレイノキュウジ,激励するのレイの旧字,,,,,,,,,
5230,勸,カンユウスルノカン，ススメルノキュウジ,勧誘するのカン，勧めるの旧字,,,,,,,,,
5231,勹,ホウ，ブシュノツツミガマエ,ホウ，部首のつつみがまえ,,,,,,,,,
5232,匆,ソウ，ネギカラクサカンムリトココロヲトッタカタチ,ソウ，葱から草冠と心を取った形,ソウ,,,,,いそが（しい）,あわ（てる）,,
5233,匈,ユウボクミンゾクノキョウドノキョウ,遊牧民族の匈奴のキョウ,キョウ,,,,,むね,わる（い）,かまびす（しい）,
5234,甸,デン，ツツミガマエニタンボノタ,デン，つつみがまえに田んぼのタ,テン,デン,,,,おさ（める）,か（り）,か（る）
5235,匍,ホフクゼンシンノホ,匍匐前進のホ,ホ,,,,,は（う）,はらば（う）,
5236,匐,ホフクゼンシンノフク,匍匐前進のフク,フク,,,,,は（う）,はらば（う）,
5237,匏,ホウ，ヒサゴ，ハカマノツクリニ，ヒョウガフルノヒョウノシタガワ,ホウ，ひさご，袴の旁に，雹が降るのヒョウの下側,ホウ,,,,,ひさご,ふくべ,
5238,匕,サジヲイミスルヒ,匙を意味するヒ,ヒ,,,,,さじ,,
5239,匚,ホウ，ブシュノハコガマエ,ホウ，部首のはこがまえ,ホウ,,,,,はこ,,
523A,匣,コウ，ハコガマエニコウオツノコウ,コウ，はこがまえに甲乙のコウ,コウ,,,,,はこ,こばこ,
523B,匯,カイ，ハコガマエニサンズイトフルトリ,カイ，はこがまえにさんずいとふるとり,カイ,ワイ,,,,めぐ（る）,かわせ,
523C,匱,キ，ハコガマエニキチョウヒンノキ,キ，はこがまえに貴重品のキ,キ,ギ,,,,ひつ,はこ,とぼし（い）
523D,匳,ハコガマエニシケンヲウケルノケンノキュウジノツクリ,はこがまえに試験を受けるのケンの旧字の旁,レン,,,,,こばこ,くしげ,
523E,匸,ケイ，ブシュノカクシガマエ,ケイ，部首のかくしがまえ,,,,,,,,
523F,區,クベツスルノクノキュウジ,区別するのクの旧字,,,,,,,,
5240,卆,ソツギョウノソツノイタイジ,卒業のソツの異体字,,,,,,,,
5241,卅,ソウ，カンスウジノサンジュウ,ソウ，漢数字の三十,ソウ,,,,,みそ,,
5242,丗,セカイノセノキュウジ,世界のセの旧字,,,,,,,,
5243,卉,カキエンゲイノキ,花卉園芸のキ,キ,,,,,くさ,さか（ん）,
5244,卍,マンジ,まんじ,バン,マン,,,,まんじ,,,
5245,凖,ジュンビスルノジュンノイタイジ,準備するのジュンの異体字,,,,,,,,,
5246,卞,ベン，ナベブタノシタニカタカナノト,ベン，なべぶたの下に片仮名のト,,,,,,,,,
5247,卩,セツ，ブシュノワリフ,セツ，部首のわりふ,,,,,,,,,
5248,卮,シ，サカズキ,シ，さかずき,シ,,,,,さかずき,,,
5249,夘,ジュウニシノウノイタイジ,十二支の卯の異体字,,,,,,,,,
524A,卻,ヘンキャクスルノキャクノイタイジ,返却するのキャクの異体字,,,,,,,,,
524B,卷,カン，ノリマキノマキノキュウジ,カン，海苔巻きのマキの旧字,,,,,,,,,
524C,厂,カン，ブシュノガンダレ,カン，部首の雁垂,,,,,,,,,
524D,厖,ボウダイナノボウ，ガンダレニムクイヌ,厖大なのボウ，雁垂に尨,ボウ,,,,,おお（きい）,あつ（い）,いりま（じる）,
524E,厠,カワヤ，ガンダレニホウソクノソク,かわや，雁垂に法則のソク,,,,,,,,,
524F,厦,カ，ガンダレニナツ,カ，雁垂に夏,,,,,,,,,
5250,厥,ユウボクミンゾクノトッケツノケツ,遊牧民族の突厥のケツ,ケツ,クツ,,,,ま（げる）,ぬか（ずく）,そ（の）,それ
5251,厮,シ，ガンダレニシカイノケンイノシ,シ，雁垂に斯界の権威のシ,,,,,,,,,
5252,厰,カイグンコウショウノショウノイタイジ，ガンダレ,海軍工厰のショウの異体字，雁垂,,,,,,,,,
5253,厶,シ，ワタクシ，カタカナノム,シ，わたくし，片仮名のム,,,,,,,,,
5254,參,サンカスルノサン，マイルノキュウジ,参加するのサン，参るの旧字,,,,,,,,
5255,簒,サンダツスルノサン，ウバウ,簒奪するのサン，うばう,サン,セン,,,,うば（う）,と（る）,
5256,雙,ソウガンキョウノソウノキュウジ,双眼鏡のソウの旧字,,,,,,,,
5257,叟,サンバソウノソウ，オキナ,三番叟のソウ，おきな,ソウ,,,,,おきな,としよ（り）,
5258,曼,マンダラノマン,曼荼羅のマン,,,,,,,,
5259,燮,チョウワサセルノイミノショウ,調和させるの意味のショウ,ショウ,,,,,やわら（げる）,,
525A,叮,テイ，クチヘンニイッチョウメノチョウ,テイ，口偏に一丁目のチョウ,テイ,,,,,ねんご（ろ）,,
525B,叨,トウ，クチヘンニカタナ,トウ，口偏に刀（かたな）,トウ,,,,,みだり（に）,う（ける）,むさぼ（る）
525C,叭,ガッキノラッパノハ,楽器の喇叭のハ,ハ,,,,,,,
525D,叺,フクロノカマス，クチヘンニハイル,袋の叺，口偏に入る,,,,,,かます,,
525E,吁,ク，クチヘンニウチュウノウノウカンムリヲトッタモノ,ク，口偏に宇宙の宇のウ冠を取ったもの,ク,キョ,,,,ああ,なげ（く）,
525F,吽,アウンノコキュウノウン，クチヘンニドウブツノウシ,阿吽の呼吸のウン，口偏に動物の牛,ゴウ,ウン,,,,,,
5260,呀,カ，クチヘンニキバ,カ，口偏に牙,,,,,,,,
5261,听,オモサノタンイノポンド,重さの単位のポンド,キン,,,,,わら（う）,ポンド,
5262,吭,コウ，クチヘンニテイコウスルノコウノツクリ,コウ，口偏に抵抗するのコウの旁,コウ,,,,,のど,くび,かなめ
5263,吼,シシクノク，クチヘンニコウシモウシノコウ,獅子吼，口偏に孔子孟子のコウ,ク,コウ,,,,ほ（える）,,
5264,吮,セン，クチヘンニカタカナノムノシタニヒトアシ,セン，口偏に片仮名のムの下にひとあし,シュン,セン,,,,す（う）,な（める）,,
5265,吶,トツベンノトツ，クチヘンニコクナイノナイ,吶弁のトツ，口偏に国内のナイ,トツ,ドツ,,,,ども（る）,さけ（ぶ）,,
5266,吩,フン，クチヘンニハンブンノブン,フン，半分のブン,フン,,,,,ふ（く）,いいつ（ける）,,
5267,吝,リンショクカノリン,吝嗇家のリン,リン,,,,,お（しむ）,しわ（い）,けち,やぶさ（か）
5268,呎,ナガサノタンイノフィート,長さの単位のフィート,,,,,,フィート,,,
5269,咏,エイ，クチヘンニエイキュウノエイ,エイ，口偏に永久のエイ,エイ,,,,,うた（う）,うた,,
526A,呵,タンカヲキルノカ，クチヘンニカノウセイノカ,啖呵を切る，口偏に可能性のカ,カ,,,,,しか（る）,わら（う）,ふ（く）,
526B,咎,トガメル,咎める,キョウ,,,,,とが,とが（め）,とが（める）,
526C,呟,ツブヤク,呟く,ゲン,,,,,つぶや（く）,,,
526D,呱,ココノコエヲアゲルノコ,呱々の声をあげるのコ,コ,,,,,な（く）,,,
526E,呷,コウ，サケヲアオルノアオル，クチヘンニコウオツノコウ,コウ，酒を呷るのあおる，口偏に甲乙のコウ,コウ,,,,,す（う）,かまびす（しい）,あお（る）,
526F,呰,シ，ヒガンシガンノシノシタニクチ,シ，彼岸此岸のシの下に口,シ,,,,,そし（る）,きず,,
5270,咒,ノロウ，ジュモンノジュノイタイジ,呪う，呪文のジュの異体字,,,,,,,,,
5271,呻,シンギンスルノシン，ウメク,呻吟するのシン，呻く,シン,,,,,うめ（く）,うな（る）,,
5272,咀,カミクダクイミノソシャクノソ,噛み砕く意味の咀嚼のソ,ショ,ソ,,,,か（む）,,,
5273,呶,ド，クチヘンニヤッコ,ド，口偏に奴,ド,ドウ,,,,かまびす（しい）,,,
5274,咄,トッサノトツ，クチヘンニデル,咄嗟のトツ，口偏に出る,トツ,,,,,しか（る）,したう（ち）,はなし,
5275,咐,ホ，クチヘンニフロクノフ，ツケル,ホ，口偏に付録のフ，付ける,フ,ホ,,,,ふ（く）,いいつ（ける）,,
5276,咆,トラノホウコウノホウ，ホエル,虎の咆哮のホウ，ほえる,ホウ,,,,,ほ（える）,,,
5277,哇,アイ，クチヘンニツチフタツ,アイ，口偏に土二つ,アイ,ア,ワ,,,は（く）,,,
5278,咢,ガク，キョウガクスルノガクノツクリ,ガク，驚愕するのガクの旁,ガク,,,,,いいあらそ（う）,おどろ（く）,,
5279,咸,シンノミヤコ，カンヨウノカン,秦の都，咸陽の咸,タン,,,,,みな,ことごと（く）,,
527A,咥,テツ，クチヘンニゲシノシ,テツ，口偏に夏至のシ,キ,テツ,,,,わら（う）,か（む）,くわ（える）,
527B,咬,カム，コウ，クチヘンニマジワル,咬む，コウ，口偏に交わる,コウ,ヨウ,,,,か（む）,かじ（る）,,
527C,哄,コウ，クチヘンニキョウツウノキョウ,コウ，口偏に共通のキョウ,コウ,,,,,どよ（めき）,わら（う）,,
527D,哈,ゴウ，クチヘンニゴウカクノゴウ,ゴウ，口偏に合格のゴウ,コウ,ゴウ,ソウ,ハ,,すす（る）,,,
527E,咨,シ，ハカル，ツギノシタニクチ,シ，はかる，次の下に口,シ,,,,,はか（る）,なげ（く）,ああ,
5321,咫,ナガサノタンイノシ，シャクハチノシャクノミギニタダイマノタダ,長さの単位のシ，尺八のシャクの右に只今のタダ,シ,,,,,ちか（い）,みじか（い）,た,あた
5322,哂,シン，ワラウ，クチヘンニニシヒガシノニシ,シン，わらう，口偏に西東のにし,シン,,,,,わら（う）,あざわら（う）,,
5323,咤,シッタゲキレイノタ，クチヘンニジュウタクノタク,叱咤激励のタ，口偏に住宅のタク,タ,,,,,しか（る）,したう（ち）,,
5324,咾,ロウ，クチヘンニロウジンノロウ,ロウ，口偏に老人のロウ,,,,,,,,,
5325,咼,カ，ナベノツクリ,カ，鍋の旁,,,,,,,,,
5326,哘,サソウ，クチヘンニリョコウノコウ,さそう，口偏に旅行のコウ,,,,,,,
5327,哥,ウタ，カ，カノウセイノカヲカサネル,うた，カ，可能性のカを重ねる,カ,,,,,うた（う）,うた
5328,哦,ガ，クチヘンニガマンノガ,ガ，口偏に我慢のガ,ガ,,,,,うた（う）,ぎん（ずる）
5329,唏,キ，クチヘンニキボウノキ,キ，口偏に希望のキ,キ,,,,,すすりな（く）,なげ（く）
532A,唔,ゴ，クチヘンニタゴサクノゴ,ゴ，口偏に田吾作のゴ,ゴ,,,,,,
532B,哽,コウ，クチヘンニサラシナノサラ,コウ，口偏に更科のさら,コウ,,,,,むせ（ぶ）,むさ（がる）
532C,哮,ホエル，ホウコウスルノコウ,ほえる，咆哮するのコウ,コウ,,,,,ほ（える）,たけ（る）
532D,哭,ドウコクスルノコク，ナク,慟哭するのコク，なく,コク,,,,,な（く）,
532E,哺,ホニュウルイノホ,哺乳類のホ,ホ,,,,,ふく（む）,はぐく（む）
532F,哢,ロウ，クチヘンニホンロウスルノロウ,ロウ，口偏に翻弄するのロウ,ロウ,,,,,さえず（る）,
5330,唹,オ，クチヘンニナニナニニオイテノオ,オ，口偏に何々に於いてのオ,オ,ヨ,,,,わら（う）,
5331,啀,イガミアウノイガム，ガイ,啀み合うの啀む，ガイ,ガイ,,,,,いが（む）,
5332,啣,クツワノイタイジ，クチヘンニオロシウリノオロシ,くつわの異体字，口偏に卸売りのおろし,カン,ガン,,,,くわ（える）,
5333,啌,コウ，クチヘンニクウキノクウ,コウ，口偏に空気のクウ,,,,,,,
5334,售,シュウ，ウル，フルトリノシタニクチ,シュウ，うる，隹の下に口,シュウ,,,,,う（る）,
5335,啜,ススル，セツ,すする，セツ,セツ,テツ,,,,すす（る）,すすりな（く）
5336,啅,タク，クチヘンニタッキュウノタク,タク，口偏に卓球のタク,タク,トウ,,,,かまびす（しい）,ついば（む）,さえず（る）
5337,啖,タンカヲキルノタン,啖呵を切るのタン,タン,,,,,く（う）,く（らう）,く（らわす）
5338,啗,タン，クラウ，クチヘンニアンコノアンノツクリ,タン，くらう，口偏に餡このアンの旁,,,,,,,,
5339,唸,ウナル，クチヘンニザンネンノネン,うなる，口偏に残念のネン,テン,,,,,うな（る）,うな（り）,
533A,唳,レイ，クチヘンニモドル,レイ，口偏に戻る,レイ,,,,,な（く）,,
533B,啝,カ，クチヘンニワフクノワ,カ，口偏に和服のワ,,,,,,,,
533C,喙,カイ，クチバシ，タニンゴトニヨウカイスルノカイ,カイ，くちばし，他人事に容喙するのカイ,カイ,,,,,くちばし,ことば,
533D,喀,カッケツスルノカク，クチヘンニオキャクノキャク,喀血するのカツ，口偏にお客のキャク,カク,,,,,は（く）,,
533E,咯,ラク，クチヘンニオノオノ,ラク，口偏に各,,,,,,,,
533F,喊,カンセイヲアゲルノカン，サケブ,喊声を上げるのカン，さけぶ,カン,,,,,さけ（ぶ）,,
5340,喟,キ，クチヘンニイブクロノイ,キ，口偏に胃袋のイ,キ,,,,,なげ（く）,ためいき,
5341,啻,タダ，テイオウノテイノシタニクチ,タダ，帝王のテイの下に口,シ,,,,,ただ,ただ（に）,
5342,啾,シュウ，ナク，クチヘンニアキマツリノアキ,シュウ，なく，口偏に秋祭りのアキ,シュウ,,,,,な（く）,,
5343,喘,ゼンソクノゼン,喘息のゼン,ゼン,セン,,,,あえ（ぐ）,せき,せ（く）
5344,喞,ショク，カコツ，クチヘンニソク,ショク，かこつ，口偏に即,ショク,ソク,,,,な（く）,そそ（ぐ）,かこ（つ）
5345,單,タンジュンナノタンノキュウジ,単純なのタンの旧字,,,,,,,,
5346,啼,テイ，ナク，クチヘンニテイオウノテイ,テイ，なく，口偏に帝王のテイ,テイ,,,,,な（く）,,,
5347,喃,ナン，クチヘンニナンボクノナン,ナン，口偏に南（みなみ）,ダン,ナン,,,,しゃべ（る）,のう,,
5348,喩,ヒユノユ，タトエル,比喩のユ，たとえる,ユ,,,,,たと（える）,さと（す）,やわ（らぐ）,よろこ（ぶ）
5349,喇,ガッキノラッパノラツ,楽器の喇叭のラツ,ラツ,ラ,,,,,,,
534A,喨,リョウ，クチヘンニジンメイ，ショカツリョウノリョウ,リョウ，口偏に人名，諸葛亮のリョウ,リョウ,,,,,,,,
534B,嗚,オエツノオ，クチヘンニカラス,嗚咽のオ，口偏に烏,オ,,,,,ああ,なげ（く）,,
534C,嗅,キュウカクノキュウ，カグ,嗅覚のキュウ，かぐ,キュウ,,,,,か（ぐ）,,,
534D,嗟,トッサノサ，クチヘンニサベツカスルノサ,咄嗟のサ，口偏に差別化するのサ,サ,,,,,ああ,なげ（く）,,
534E,嗄,コエガカレルノカレル，クチヘンニナツ,声が嗄れるのかれる，口偏に夏,サ,,,,,か（れる）,しわが（れる）,,
534F,嗜,シコウヒンノシ，タシナム,嗜好品のシ，たしなむ,シ,,,,,たしな（む）,たしな（み）,,
5350,嗤,シ，ワラウ，アザワラウ,シ，わらう，あざわらう,シ,,,,,わら（う）,あざわら（う）,,
5351,嗔,シン，イカル，クチヘンニマゴコロノマノキュウジ,シン，いかる，口偏に真心のマの旧字,シン,,,,,いか（る）,いか（り）,,
5352,嘔,オウトスルノオウ，クチヘンニクベツスルノクノキュウジ,嘔吐するのオウ，口偏に区別するのクの旧字,オウ,ク,,,,は（く）,むかつ（く）,うた（う）,やしな（う）
5353,嗷,ゴウ，クチヘンニゴウマンノゴウノツクリ,ゴウ，口偏に傲慢のゴウの旁,ゴウ,,,,,かまびす（しい）,,,
5354,嘖,サク，クチヘンニセキニンノセキ,サク，口偏に責任のセキ,サク,,,,,さけ（ぶ）,かまびす（しい）,さいな（む）,
5355,嗾,ソウ，ソソノカス，クチヘンニスイゾクカンノゾク,ソウ，そそのかす，口偏に水族館のゾク,ソウ,,,,,そそのか（す）,けしか（ける）,,
5356,嗽,ソウ，クチススグ，クチヘンニナツメソウセキノソウノツクリ,ソウ，くちすすぐ，口偏に夏目漱石のソウの旁,ソウ,ソク,,,,せ（く）,せき,くちすす（ぐ）,うがい,す（う）
5357,嘛,ラマキョウノマ，クチヘンニマスイノマ,喇嘛教のマ，口偏に麻酔のマ,マ,,,,,,,,,
5358,嗹,レン，クチヘンニレンラクノレン,レン，口偏に連絡のレン,,,,,,,,,,
5359,噎,エツ，ムセブ，クチヘンニケイヤクショニツカウイチノキュウジ,エツ，むせぶ，口偏に契約書に使う壱の旧字,イツ,エツ,,,,むせ（ぶ）,む（せる）,ふさ（がる）,,
535A,噐,ウツワ，ガッキノキノイタイジ,うつわ，楽器のキの異体字,,,,,,,,,,
535B,營,エイギョウノエイ，イトナムノキュウジ,営業のエイ，営むの旧字,,,,,,,,,,
535C,嘴,クチバシ，シ,くちばし，シ,シ,,,,,くちばし,はし,,,
535D,嘶,イナナク，セイ,いななく，セイ,セイ,,,,,いなな（く）,しわが（れる）,,,
535E,嘲,チョウショウスルノチョウ，アザケル,嘲笑するのチョウ，あざける,チョウ,トウ,,,,あざけ（る）,からか（う）,,,
535F,嘸,サゾカシノサゾ，クチヘンニムリノム,さぞかしのさぞ，口偏に無理のム,ブ,ム,,,,さぞ,,,,
5360,噫,アア，クチヘンニイミノイ,アア，口偏に意味のイ,イ,アイ,,,,ああ,おくび,,,
5361,噤,キン，ツグム，クチヘンニキンシスルノキン,キン，つぐむ，口偏に禁止するのキン,キン,,,,,つぐ（む）,と（じる）,,,
5362,嘯,ショウ，ウソブク，クチヘンニシシュウノシュウノツクリ,ショウ，うそぶく，口偏に刺繍のシュウの旁,ショウ,シツ,,,,うそぶ（く）,うな（る）,ほ（える）,しか（る）,
5363,噬,ホゾヲカムノカム，クチヘンニゼイチクノゼイ,臍を噬む，口偏に筮竹のゼイ,セイ,ゼイ,,,,か（む）,く（う）,,,
5364,噪,ソウ，クチヘンニソウジュウスルノソウノツクリ,ソウ，口偏に操縦するのソウの旁,ソウ,,,,,さわ（ぐ）,さわ（がしい）,,,
5365,嚆,ハジマリヲイミスルコウシノコウ,始まりを意味する嚆矢のコウ,コウ,,,,,さけ（ぶ）,なりひび（く）,,,
5366,嚀,ネイ，クチヘンニテイネイノネイ,ネイ，口偏に丁寧のネイ,ネイ,,,,,ねんご（ろ）,,,
5367,嚊,カカアデンカノカカ，クチヘンニハナカゼノハナ,かかあ天下のかかあ，口偏に鼻風邪のはな,ヒ,,,,,はないき,かか,かかあ,
5368,嚠,リュウ，クチヘンニリュウホウノリュウ,リュウ，口偏に劉邦のリュウ,リュウ,,,,,,,,
5369,嚔,テイ，クサメ,テイ，くさめ,テイ,,,,,はなひ（る）,くさめ,くしゃみ,
536A,嚏,テイ，クサメノイタイジ,テイ，くさめの異体字,,,,,,,,,
536B,嚥,エンゲスルノエン,嚥下するのエン,エン,,,,,のど,の（む）,,
536C,嚮,キョウ，ウマレコキョウノキョウノシタニムカウ,キョウ，生まれ故郷のキョウの下に向かう,キョウ,,,,,む（かう）,む（く）,さき（に）,ひび（く）
536D,嚶,オウ，クチヘンニサクラノキュウジノツクリ,オウ，口偏に桜の旧字の旁,オウ,,,,,な（く）,,,
536E,嚴,ゲンジュウナノゲン，キビシイノキュウジ,厳重なのゲン，きびしいの旧字,,,,,,,,,
536F,囂,ケンケンゴウゴウノゴウ,喧々囂々のゴウ,キョウ,ゴウ,,,,かまびす（しい,やかま（しい）,わずらわ（しい）,
5370,嚼,ソシャクスルノシャク，カム,咀嚼するのシャク，かむ,シャク,,,,,か（む）,あじ（わう）,,
5371,囁,ササヤク,囁く,ショウ,ジョウ,,,,ささや（く）,,,
5372,囃,ゴニンバヤシノハヤシ,五人囃子のはやし,ソウ,,,,,はやし,はや（す）,,
5373,囀,サエズル，クチヘンニウンテンノテンノキュウジ,さえずる，口偏に運転のテンの旧字,テン,,,,,さえず（る）,,,
5374,囈,ゲイ，クチヘンニゲイジュツノゲイノキュウジ,ゲイ，口偏に芸術のゲイの旧字,ゲイ,,,,,うわごと,たわごと,,
5375,囎,ソ，クチヘンニカイガラノカイニキソジノソノキュウジ,ソ，口偏に貝殻のカイに木曽路のソの旧字,,,,,,,,,
5376,囑,ショク，ショクタクスルノショクノキュウジ,ショク，嘱託するのショクの旧字,,,,,,,,,,
5377,囓,ゲツ，クチヘンニゲッシルイノゲツ,ゲツ，口偏に齧歯類のゲツ,,,,,,,,,,
5378,囗,イ，ブシュノクニガマエ,イ，部首の国構え,,,,,,,,,,
5379,囮,オトリソウサノオトリ,囮捜査のおとり,カ,,,,,おとり,,,,
537A,囹,レイ，クニガマエニメイレイスルノレイ,レイ，国構えに命令するのレイ,レイ,,,,,ひとや,,,,
537B,圀,クニノイタイジ，トクガワミツクニノクニ,国の異体字，徳川光圀のクニ,,,,,,,,,,
537C,囿,ユウ，クニガマエニユウメイジンノユウ,ユウ，国構えに有名人のユウ,ユウ,,,,,その,,,,
537D,圄,ゴ，クニガマエニタゴサクノゴ,ゴ，国構えに田吾作のゴ,ゴ,ギョ,,,,ひとや,とら（える）,,,
537E,圉,ギョ，クニガマエニシアワセ,ギョ，国構えに幸せ,ギョ,ゴ,,,,ひとや,まきば,うまかい,か（う）,ふせ（ぐ）
5421,圈,ケン，シュトケンノケンノキュウジ,ケン，首都圏のケンの旧字,,,,,,,,,,
5422,國,クニ，コクゴノコクノキュウジ,くに，国語のコクの旧字,,,,,,,,,,
5423,圍,カコム，イゴノイノキュウジ,囲む，囲碁のイの旧字,,,,,,,,,,
5424,圓,エン，ヒャクエンダマノエンノキュウジ,エン，百円玉のエンの旧字,,,,,,,,,,
5425,團,ダン，ダンタイコウドウノダンノキュウジ,ダン，団体行動のダンの旧字,,,,,,,,,,
5426,圖,ズ，トショカンノトノキュウジ,ズ，図書館のトの旧字,,,,,,,,,,
5427,嗇,リンショクカノショク,吝嗇家のショク,,,,,,,,,,
5428,圜,カン，クニガマエニシゼンカンキョウノカンノツクリ,カン，国構えに自然環境のカンの旁,カン,エン,,,,めぐ（る）,めぐ（らす）,まる（い）
5429,圦,イリ，ツチヘンニニュウガクスルノニュウ,いり，土偏に入学するのニュウ,,,,,,いり,,
542A,圷,アクツ，ツチヘンニジョウゲノゲ,あくつ，土偏に上下のゲ,,,,,,,,
542B,圸,ママ，ツチヘンニヤマ,まま，土偏に山,,,,,,,,
542C,坎,カン，アナ，ツチヘンニホケツノケツ,カン，あな，土偏に補欠のケツ,カン,,,,,あな,なや（む）,
542D,圻,キ，ツチヘンニショクパンイッキンノキン,キ，土偏に食パン1斤のキン,キ,,,,,さかい,きし,
542E,址,シ，シロアトヲイミスルジョウシノシ,シ，城跡を意味する城址のシ,シ,,,,,あと,,
542F,坏,タカツキノツキ,高坏のツキ,ハイ,,,,,おか,つき,
5430,坩,カン，ルツボ，ツチヘンニアマイ,カン，るつぼ，土偏に甘い,カン,,,,,つぼ,るつぼ,
5431,埀,スイチョクノスイ，タレルノイタイジ,垂直のスイ，垂れるの異体字,,,,,,,,
5432,垈,タイ，ダイヒョウシャノダイノシタニツチ,タイ，代表者のダイの下に土,,,,,,,,
5433,坡,ハ，ツチヘンニケガワノカワ,ハ，土偏に毛皮のかわ,ハ,ヒ,,,,さか,つつみ,なな（め）
5434,坿,フ，ツチヘンニフロクノフ,フ，土偏に付録のフ,フ,ブ,,,,ま（す）,,
5435,垉,ホウ，ツチヘンニツツム,ホウ，土偏に包む,,,,,,,,
5436,垓,カズノタンイノガイ,数の単位のガイ,カイ,ガイ,,,,はて,さかい,
5437,垠,ギン，ツチヘンニダイコンノコンノツクリ,ギン，土偏に大根のコンの旁,ギン,,,,,かぎり,さかい,きし
5438,垳,ガケ，ツチヘンニリョコウスルノコウ,がけ，土偏に旅行するのコウ,,,,,,,,,
5439,垤,テツ，アリヅカ，ツチヘンニゲシノシ,テツ，ありづか，土偏に夏至のシ,テツ,,,,,ありづか,つか,,
543A,垪,ハ，ツチヘンニヘイゴウノヘイノツクリ,は，土偏に併合のヘイの旁,,,,,,,,,
543B,垰,タオ，ツチヘンニウエトシタ,たお，土偏に上と下,,,,,,,,,
543C,埃,ホコリマミレノホコリ，ジンアイノアイ,埃まみれのほこり，塵埃のアイ,アイ,,,,,ちり,ほこり,,
543D,埆,カク，ツチヘンニツノ,カク，土偏につの,カク,,,,,そね,やせち,,
543E,埔,ホ，ツチヘンニシジンノトホノホ,ホ，土偏に詩人の杜甫のホ,,,,,,,,,
543F,埒,ラチガアカナイノラチ,埒が開かないのラチ,ラチ,ラツ,,,,かこ（い）,,,
5440,埓,ラチガアカナイノラチノイタイジ,埒が開かないのラチの異体字,,,,,,,,,
5441,堊,アク，アネッタイノアノキュウジタイノシタニツチ,アク，亜熱帯のアの旧字体の下に土,ア,アク,,,,しろつち,いろつち,,
5442,埖,ゴミ，ツチヘンニハナビノハナ,ごみ，土偏に花火のはな,,,,,,,,,
5443,埣,サイ，ツチヘンニソツギョウノソツ,サイ，土偏に卒業のソツ,,,,,,,,,
5444,堋,ホウ，ツチヘンニホウユウノホウ,ホウ，土偏に朋友のホウ,ホウ,ボウ,,,,ほうむ（る）,あずち,,
5445,堙,イン，ツチヘンニエントツノエンノツクリ,イン，土偏に煙突のエンの旁,イン,,,,,ふさ（ぐ）,ふさ（がる）,うず（める）,うず（もれる）
5446,堝,カ，ツチヘンニナベノツクリ,カ，土偏に鍋の旁,カ,,,,,るつぼ,,,
5447,塲,バショノバノイタイジ,場所のバの異体字,,,,,,,,,
5448,堡,キョウトウホのホ，ホケンシツノホノシタニツチ,橋頭堡のホ，保健室のホの下に土,ホウ,ホ,,,,とりで,つつみ,
5449,塢,オ，ツチヘンニウゴウノシュウノウ,オ，土偏に烏合の衆のウ,,,,,,,,
544A,塋,エイ，ハカ，エイギョウノエイノキュウジノロノカワリニツチ,エイ，はか，営業のエイの旧字の呂の代わりに土,エイ,,,,,はか,つか,
544B,塰,アマ，ウミノシタニツチ,あま，海の下に土,,,,,,,,
544C,毀,メイヨキソンノキ,名誉毀損のキ,,,,,,,,
544D,塒,ジ，ネグラ，ツチヘンニニチジノジ,ジ，ねぐら，土偏に日時のジ,シ,ジ,,,,とや,ねぐら,とぐろ
544E,堽,コウ，ツチヘンニアミガシラニタダシイ,コウ，土偏にあみがしらに正しい,,,,,,,,
544F,塹,ザンゴウノザン,塹壕のザン,ザン,セン,,,,ほり,あな,ほ（る）
5450,墅,ショ，ノハラノノノシタニツチ,ショ，野原のノの下に土,ショ,ヤ,,,,なや,しもやしき,のはら
5451,墹,ママ，ツチヘンニアイダ,まま，土偏に間,,,,,,,,
5452,墟,ハイキョノキョ,廃墟のキョ,キョ,,,,,おか,あと,
5453,墫,タルノイタイジ,樽の異体字,,,,,,,,
5454,墺,オウ，ツチヘンニオクバノオクノキュウジ,オウ，土偏に奥歯のオクの旧字,,,,,,,,
5455,壞,コワス，ハカイノカイノキュウジ,壊す，破壊のカイの旧字,,,,,,,,
5456,墻,ショウ，ツチヘンニリンショクノショク,ショウ，土偏に吝嗇のショク,,,,,,,,
5457,墸,ツチヘンニチョシャノチョノキュウジタイ,土偏に著者のチョの旧字体,,,,,,,,
5458,墮,ダラクスルノダノキュウジ,堕落するのダの旧字,,,,,,,,
5459,壅,ヨウ，ヨウリツスルノヨウノツクリノシタニツチ,ヨウ，擁立するのヨウの旁の下に土,ヨウ,,,,,ふさ（ぐ）,さえぎ（る）,
545A,壓,アツリョクノアツノキュウジ,圧力のアツの旧字,,,,,,,,
545B,壑,タニヲイミスルガク,谷を意味するガク,ガク,,,,,たに,みぞ,
545C,壗,ママ，ツチヘンニワガママノママノツクリ,まま，土偏に我儘のママの旁,,,,,,,,
545D,壙,コウ，ツチヘンニヒロバノヒロノキュウジ,コウ，土偏に広場のヒロの旧字,コウ,,,,,あな,むな（しい）,のはら
545E,壘,ルイセキスルノルイノキュウジ,累積するのルイの旧字,,,,,,,,
545F,壥,ツチヘンニガンダレニボクジュウノボクノキュウジ,土偏に雁垂に墨汁のボクの旧字,,,,,,,,
5460,壜,ビン，ツチヘンニクモリ,ビン，土偏に曇り,タン,ドン,,,,びん,,
5461,壤,ドジョウカイリョウノジョウノキュウジ,土壌改良のジョウの旧字,,,,,,,,
6462,壟,ロウ，キョウリュウノリュウノキュウジノシタニツチ,ロウ，恐竜のリュウの旧字の下に土,リョウ,ロウ,,,,うね,つか,
5463,壯,ソウダイナノソウノキュウジ,壮大なのソウの旧字,,,,,,,,
5464,壺,オモウツボノツボノセイジ,思う壷のツボの正字,コン,,,,,おく,しきみ,
5465,壹,ケイヤクショノツカウスウジイチノキュウジ,契約書に使う数字壱の旧字,,,,,,,,
5466,壻,ハナムコノムコノイタイジ，ツチヘン,花婿のムコの異体字，土偏,,,,,,,,
5467,壼,コン，サムライノシタニワカンムリ，アネッタイノアノキュウジ,コン，士の下にワ冠，亜熱帯のアの旧字,,,,,,,,
5468,壽,コトブキ，ジュミョウノジュノキュウジ,ことぶき，寿命のジュの旧字,,,,,,,,,,,
5469,夂,チ，ブシュノフユガシラ,チ，部首の冬がしら,,,,,,,,,,,
546A,夊,スイ，ブシュノスイニョウ,スイ，部首のすいにょう,,,,,,,,,,,
546B,夐,ケイ，スイニョウノハルカ,ケイ，すいにょうのはるか,ケイ,,,,,はる（か）,とお（い）,なが（い）,,,
546C,夛,オオイスクナイノオオイノイタイジ,多い少ないの多いの異体字,,,,,,,,,,,
546D,梦,ユメ，ムチュウノムノイタイジ,ゆめ，夢中のムの異体字,,,,,,,,,,,
546E,夥,カ，オビタダシイ,カ，おびただしい,カ,,,,,おびただ（しい）,おお（い）,なかま,,,
546F,夬,カイ，ワケル，タスウケツノケツノツクリ,カイ，わける，多数決のケツの旁,カイ,ケツ,,,,わ（ける）,き（める）,ゆがけ,,,
5470,夭,ヨウセツスルノヨウ，ワカイ,夭折するのヨウ，わかい,ヨウ,,,,,わか（い）,わかわか（しい）,うつく（しい）,わざわ（い）,わかじに,
5471,夲,トウ，オオキイノシタニスウジノジュウ,トウ，大きいの下に数字の十,トウ,,,,,すす（む）,,,,,
5472,夸,カ，コチョウスルノコノツクリ,カ，誇張するのコの旁,コ,カ,,,,はこ（る）,おご（る）,,,,
5473,夾,キョウ，ハサムノキュウジノツクリ,キョウ，挟むの旧字の旁,キョウ,,,,,さしはさ（む）,はさ（む）,ま（じる）,,,
5474,竒,キミョウナノキノイタイジ,奇妙なのキの異体字,,,,,,,,,,,
5475,奕,イゴヲイミスルエキ,囲碁を意味するエキ,エキ,ヤク,,,,いご,ばくち,うつく（しい）,うれ（える）,かさ（なる）,おお（きい）
5476,奐,カン，カンキセンノカンノツクリ,カン，換気扇のカンの旁,カン,,,,,あき（らか）,おお（きい）,,,,
5477,奎,ケイ，オオキイノシタニツチフタツ,ケイ，大きいの下に土二つ,ケイ,キ,,,,とかきぼし,また,,,,
5478,奚,ケイ，ケイリュウヅリノケイノキュウジノツクリ,ケイ，渓流釣りのケイの旧字の旁,ケイ,,,,,しもべ,なん（ぞ）,なに
5479,奘,サンゾウホウシゲンジョウノジョウ,三蔵法師玄奘のジョウ,ソウ,ゾウ,ジョウ,,,さか（ん）,,
547A,奢,ゴウシャノシャ，オゴリ,豪奢のシャ，奢り,シャ,,,,,おご（る）,,
547B,奠,オコウデンノデン，シュウチョウノシュウノシタニオオキイ,お香奠のデン，酋長さんのシュウの下に大きい,テン,デン,,,,まつ（る）,そな（える）,さだ（める）
547C,奧,オクバノオクノキュウジ,奥歯のオクの旧字,,,,,,,,
547D,奬,ショウガクキンノショウノキュウジ,奨学金のショウの旧字,,,,,,,,
547E,奩,レン，ハコ，オオキイノシタニクベツノクノキュウジ,レン，ハコ，大きいの下に区別するのク,,,,,,,,
547F,奸,カン，オンナヘンニホス,カン，女偏に干す,カン,,,,,おか（す）,よこしま,
5522,妁,シャク，オンナヘンニヨウセキノタンイノシャク,シャク，女偏に容積の単位の勺,シャク,,,,,なこうど,,
5523,妝,ショウ，ショウグンノショウノキュウジノヒダリガワニオンナ,ショウ，将軍のショウの旧字の左側に女,ソウ,ショウ,,,,よそお（う）,よそお（い）,
5524,佞,カンネイノネイ,奸佞のネイ,,,,,,,,
5525,侫,カンネイノネイノイタイジ,奸佞のネイの異体字,,,,,,,,
5526,妣,ヒ，オンナヘンニヒカクスルノヒ,ヒ，女偏に比較するのヒ,ヒ,,,,,なきはは,,
5527,妲,ダツ，オンナヘンニガンタンノタン,ダツ，女偏に元旦のタン,ダツ,,,,,,,
5528,姆,ボ，オンナヘンニハハ,ボ，女偏に母,ボ,モ,,,,うば,,
5529,姨,イ，オンナヘンニソンノウジョウイノイ,イ，女偏に尊皇攘夷のイ,イ,,,,,おば,,
552A,姜,ショウガノニモジメ，ヒツジノシタニオンナ,生姜の2文字目，羊の下に女,キョウ,,,,,,,,
552B,妍,ケン，オンナヘンニケンキュウノケンノツクリ,ケン，女偏に研究のケンの旁,ケン,ゲン,,,,うつく（しい）,,,
552C,姙,ニン，ニンシンスルノニンノイタイジ,ニン，妊娠するのニンの異体字,ニン,,,,,はら（む）,みごも（る）,,
552D,姚,ヨウ，オンナヘンニイッチョウエンノチョウ,ヨウ，女偏に一兆円のチョウ,ヨウ,,,,,うつく（しい）,はる（か）,,
552E,娥,ガ，オンナヘンニガマンノガ,ガ，女偏に我慢のガ,ガ,,,,,うつく（しい）,,,
552F,娟,ケン，オンナヘンニキヌイトノキヌノツクリ,ケン，女偏に絹糸のきぬの旁,ケン,エン,,,,うつく（しい）,しな（やか）,,
5530,娑,シャバニデルノシャ,娑婆に出るのシャ,サ,シャ,,,,,,,
5531,娜,アダッポイノダ,婀娜っぽいのダ,ダ,ナ,,,,しな（やか）,,,
5532,娉,ヘイ，オンナヘンニショウヘイスルノヘイ,ヘイ，女偏に招聘するのヘイ,ヘイ,ホウ,,,,と（う）,めと（る）,め（す）,
5533,娚,ナン，オンナヘンニオトコ,ナン，女偏に男,,,,,,,,,
5534,婀,アダッポイノア,婀娜っぽいのア,ア,,,,,たお（やか）,,,
5535,婬,イン，オンナヘンニインランノインノツクリ,イン，女偏に淫乱のインの旁,イン,,,,,たわむ（れる）,みだ（ら）,,
5536,婉,エンキョクヒョウゲンノエン,婉曲表現のエン,エン,,,,,しと（やか）,うつく（しい）,したが（う）,すなお
5537,娵,シュ，オンナヘンニシュザイノシュ,シュ，女偏に取材のシュ,ソウ,シュ,,,,たおやめ,よめ,,
5538,娶,メトル，シュ,めとる，シュ,シュ,シュウ,,,,めと（る）,,,
5539,婢,ヒ，オンナヘンニヒクツナノヒ,ヒ，女偏に卑屈なのヒ,ヒ,,,,,はしため,,,
553A,婪,ドンランナノラン，ハヤシノシタニオンナ,貪婪なのラン，林の下に女,ラン,,,,,むさぼ（る）,,
553B,媚,ビヤクノビ，コビル,媚薬のビ，媚びる,ビ,,,,,こ（びる）,こび,うつく（しい）
553C,媼,オウ，オンナヘンニオンセンノオンノキュウジノツクリ,オウ，女偏に温泉のオンの旧字の旁,オウ,,,,,おうな,うば,
553D,媾,コウ，オンナヘンニミゾノツクリ,コウ，女偏に溝の旁,コウ,,,,,まじ（わる）,よしみ,
553E,嫋,ジョウ，タオヤカ,ジョウ，たおやか,ジョウ,,,,,たお（やか）,しな（やか）,そよ（ぐ）
553F,嫂,ソウ，アニヨメ,ソウ，あによめ,ソウ,,,,,あによめ,,
5540,媽,ボ，オンナヘンニウマ,ボ，女偏に馬,ボ,モ,,,,はは,,
5541,嫣,エン，オンナヘンニシュウエンノチノエン,エン，女偏に終焉の地のエン,エン,,,,,,,
5542,嫗,オウ，オンナヘンニクベツノクノキュウジ,オウ，女偏に区別のクの旧字,オウ,ウ,,,,おうな,あたた（める）,
5543,嫦,ジョウ，オンナヘンニヒジョウグチノジョウ,ジョウ，女偏に非常口のジョウ,,,,,,,,
5544,嫩,ドン，オンナヘンニセイリスルノセイノウエガワ,ドン，整理するのセイの上側,ドン,ノン,,,,わか（い）,,
5545,嫖,ヒョウ，オンナヘンニトウヒョウノヒョウ,ヒョウ，女偏に投票のヒョウ,ヒョウ,,,,,かる（い）,みだ（ら）,
5546,嫺,カン，オンナヘンニモンガマエニツキ,カン，女偏に門構えに月,カン,,,,,みやび（やか）,なら（う）,
5547,嫻,カン，オンナヘンニモンガマエニモクヨウビノモク,カン，女偏に門構えに木曜日の木,カン,,,,,みやび（やか）,なら（う）,
5548,嬌,アイキョウガアルノキョウ,愛嬌があるのキョウ,キョウ,,,,,なまめ（かしい）,,
5549,嬋,セン，オンナヘンニタンジュンノタンノキュウジ,セン，女偏に単純のタンの旧字,セン,ゼン,,,,あで（やか）,,
554A,嬖,ヘイ，ヘキエキスルノヘキノシタニオンナ,ヘイ，辟易するのヘキの下に女,ヘイ,,,,,おきにい（り）,かわい（がる）,
554B,嬲,ジョウ，ナブル，オトコ，オンナ，オトコ,ジョウ，なぶる，男，女，男,ジョウ,,,,,なぶ（る）,,
554C,嫐,ドウ，ナヤマシイ，オンナ，オトコ，オンナ,ドウ，なやましい，女，男，女,,,,,,,,
554D,嬪,ベッピンノヒン,別嬪のヒン,ヒン,,,,,ひめ,そ（う）,こしもと
554E,嬶,カカア，オンナヘンニハナカゼノハナ,かかあ，女偏に鼻風邪の鼻,,,,,,かか,かかあ,
554F,嬾,ラン，オンナヘンニタヨルノキュウジ,ラン，女偏に頼るの旧字,ラン,,,,,おこた（る）,ものう（い）,
5550,孃,オジョウサマノジョウノキュウジ,お嬢様のジョウの旧字,,,,,,,,
5551,孅,セン，オンナヘンニクジビキノクジノシタガワ,セン，女偏に籤引きのくじの下側,セン,,,,,かよわ（い）,こま（かい）,
5552,孀,ソウ，ヤモメ，オンナヘンニシモバシラノシモ,ソウ，寡，女偏に霜柱のしも,ソウ,,,,,やもめ,,
5553,孑,ノコリヲイミスルケツ，コドモノコノミギウデガカケタカタチ,残りを意味するケツ，子供のコの右腕が欠けた形,キョウ,,,,,ぼうふら,,
5554,孕,ハラム，ヨウ,はらむ，ヨウ,ヨウ,,,,,はら（む）,みごも（る）,
5555,孚,フ，ハグクム，ツメノシタニコドモノコ,フ，はぐくむ，爪の下に子供のコ,フ,,,,,かえ（す）,まこと,はぐく（む）
5556,孛,ボツ，ボッパツスルノヒダリガワ,ボツ，勃発するの左側,ハイ,ボツ,,,,ほうきぼし,,
5557,孥,ド，ヤッコノシタニコドモノコ,ド，奴の下に子供のコ,ド,ヌ,,,,つまこ,,
5558,孩,ガイ，コヘンニジュウニシノイノシシ,ガイ，子偏に十二支の亥,カイ,ガイ,,,,あかご,ちのみご,
5559,孰,シュク，ガクシュウジュクノジュクカラツチヲトッタカタチ,シュク，学習塾のジュクから土を取った形,ジュク,,,,,たれ,つまび（らか）,いず（れ）
555A,孳,ジ，ジヒブカイノジノココロノカワリニコドモノコ,ジ，慈悲深いのジの心の代わりに子供のコ,ジ,シ,,,,う（む）,しげ（る）,つと（める）
555B,孵,タマゴガフカスルノフ,卵が孵化するのフ,フ,,,,,かえ（る）,かえ（す）,
555C,學,マナブ，ガクシュウノガクノキュウジ,学ぶ，学習のガクの旧字,,,,,,,,
555D,斈,マナブ，ガクシュウノガクノイタイジ,学ぶ，学習のガクの異体字,,,,,,,,
555E,孺,ジュ，コヘンニヒツジュヒンノジュ,ジュ，子偏に必需品のジュ,ジュ,,,,,ちのみご,おさな（い）,
555F,宀,ベン，ブシュノウカンムリ,ベン，部首のウ冠,,,,,,,,
5560,它,タ，ヘビカラムシヘンヲトッタカタチ,タ，蛇から虫偏を取った形,,,,,,,,
5561,宦,カンガンノカン，ウカンムリニソウリダイジンノジン,宦官のカン，ウ冠に総理大臣のジン,カン,,,,,つかさ,つか（える）,
5562,宸,シン，ウカンムリニジュウニシノタツ,シン，ウ冠に十二支の辰,シン,,,,,のき,,
5563,寃,エンザイヲハラスノエンノイタイジ,冤罪を晴らすのエンの異体字,,,,,,,,
5564,寇,モウコシュウライノゲンコウノコウ,蒙古襲来の元寇のコウ,コウ,,,,,あだ,かたき,
5565,寉,トリノツルノイタイジ，ウカンムリニフルトリ,鳥の鶴の異体字，ウ冠に隹,,,,,,,,
5566,寔,ショク，ウカンムリニゼヒノゼ,ショク，ウ冠に是非のゼ,ショク,,,,,まこと（に）,,
5567,寐,ムビノビ，ネムル,夢寐のビ，ねむる,ビ,,,,,ね（る）,,
5568,寤,サメルヲイミスルゴ,覚めるを意味するゴ,ゴ,,,,,さ（める）,さと（る）,
5569,實,ジツリョクノジツ，ミノキュウジ,実力のジツ，みの旧字,,,,,,,,
556A,寢,シンシツノシン，ネルノキュウジ,寝室のシン，寝るの旧字,,,,,,,,,
556B,寞,セキバクノバク,寂寞のバク,バク,マク,,,,さび（しい）,しず（か）,,
556C,寥,セキリョウカンノリョウ,寂寥感のリョウ,リョウ,,,,,さび（しい）,しず（か）,,
556D,寫,シャシンノシャ，ウツスノキュウジ,写真のシャ，写すの旧字,,,,,,,,,
556E,寰,カン，ウカンムリニシゼンカンキョウノカンノツクリ,カン，ウ冠に自然環境のカンの旁,カン,,,,,,,,
556F,寶,ホウセキノホウ，タカラノキュウジ,宝石のホウ，宝の旧字,,,,,,,,,
5570,寳,ホウセキノホウ，タカラノキュウジノイタイジ,宝石のホウ，宝の旧字の異体字,,,,,,,,,
5571,尅,ゲコクジョウノコクノイタイジ，コクフクスルノコクニスン,下剋上のコクの異体字，克服するのコクに寸,,,,,,,,,
5572,將,ショウグンノショウノキュウジ,将軍のショウの旧字,,,,,,,,,
5573,專,センモンノセンノキュウジ,専門のセンの旧字,,,,,,,,,
5574,對,ハンタイノタイノキュウジ,反対のタイの旧字,,,,,,,,,
5575,尓,ジ，アミダブツノミノツクリ,ジ，阿弥陀仏のミの旁,,,,,,,,,
5576,尠,セン，ハナハダシイニスクナイ,セン，甚だしいに少ない,セン,,,,,すく（ない）,,,
5577,尢,オウ，ブシュノマゲアシ,オウ，部首の曲げ足,,,,,,,,,
5578,尨,ボウ，ムクイヌ,ぼう，尨（むくいぬ）,ボウ,,,,,むくいぬ,ま（じる）,おお（きい）,
5579,尸,シ，ブシュノシカバネ,シ，部首のしかばね,シ,,,,,しかばね,かばね,かたしろ,つかさど（る）
557A,尹,イン，イセエビノイノツクリ,イン，伊勢エビのイの旁,イン,,,,,おさ,おさ（める）,ただ（す）,,
557B,屁,ヒ，ヘリクツノヘ,ヒ，屁理屈のへ,ヒ,,,,,へ,,,,
557C,屆,トドケルノキュウジ,届けるの旧字,,,,,,,,,,
557D,屎,シニョウノシ，クソ,屎尿のシ，くそ,シ,,,,,くそ,,,,
557E,屓,ヒイキノキ，シカバネニカイガラノカイ,贔屓のキ，しかばねに貝殻のカイ,キ,,,,,ひいき,,,,
5621,屐,ゲキ，キグツ，シカバネニギョウニンベンニシエンスルノシ,ゲキ，きぐつ，しかばねに行人偏に支援するのシ,,,,,,,,,,
5622,屏,ビョウブノビョウ,屏風のビョウ,ヘイ,ビョウ,,,,かき,ついたて,しりぞ（く）,しりぞ（ける）,おお（う）
5623,孱,サン，シカバネニコドモノコガミッツ,サン，尸に子供の子が三つ,セン,サン,,,,よわ（い）,おと（る）,,,
5624,屬,フゾクノゾクノキュウジ,付属のゾクの旧字,,,,,,,,,,
5625,屮,ヒダリヲイミスルサ，ヤマノナガイタテボウガシタニヌケル,左を意味するサ，山の長い縦棒が下に抜ける,テツ,ソウ,,,,め,めば（える）,,,
5626,乢,カイ，ヤマヘンニレイギノレイノツクリ,カイ，山偏に礼儀のレイの旁,,,,,,,,,,
5627,屶,カイ，ナタ，ヤマノシタニカタナ,カイ，なた，山の下に刀,,,,,,なた,,,,
5628,屹,キツリツスルノキツ,屹立するのキツ,キツ,,,,,そばだ（つ）,けわ（しい）,,,
5629,岌,キュウ，ヤマノシタニフキュウスルノキュウ,キュウ，山の下に普及するのキュウ,キュウ,ギュウ,,,,たか（い）,,,,
562A,岑,シン，ヤマノシタニコンゲツノコン,シン，山の下に今月のコン,ギン,シン,,,,みね,けわ（しい）,,,
562B,岔,タ，ハンブンノブンノシタニヤマ,タ，半分のブンの下に山,サ,タ,,,,,,,,
562C,妛,ヤマノシタニカンスウジノイチ，ソノシタニオンナ,山の下に漢数字の一，その下に女,,,,,,,,
562D,岫,シュウ，イワアナ，ヤマヘンニリユウノユウ,シュウ，いわあな，山偏に理由のユウ,シュウ,,,,,くき,いわあな,みね
562E,岻,チ，ヤマヘンニヒクイノツクリ,チ，山偏に低いの旁,,,,,,,,
562F,岶,ハク，ヤマヘンニシロイ,ハク，山偏に白い,,,,,,,,
5630,岼,ユリ，ヤマヘンニタイラ,ゆり，山偏に平ら,,,,,,,,
5631,岷,ビン，ヤマヘンニコクミンノミン,ビン，山偏に国民のミン,,,,,,,,
5632,峅,クラ，ヤマヘンニベントウノベン,くら，山偏に弁当のベン,,,,,,,,
5633,岾,ハケ，ヤマヘンニドクセンスルノセン,はけ，山偏に独占するのセン,,,,,,,,
5634,峇,コウ，ヤマノシタニゴウカクノゴウ,コウ，山の下に合格のゴウ,,,,,,,,
5635,峙,タイジスルノジ，ヤマヘンニテラ,対峙するのジ，山偏に寺,ジ,チ,,,,そばだ（つ）,そな（える）,たくわ（える）
5636,峩,ヤマヘンニワレノガノイタイジ,山偏に我のガの異体字,,,,,,,,
5637,峽,ツガルカイキョウノキョウノキュウジ,津軽海峡のキョウの旧字,,,,,,,,
5638,峺,コウ，ヤマヘンニサラシナノサラ,コウ，山偏に更科のさら,,,,,,,,
5639,峭,ショウ，ヤマヘンニショウゾウガノショウ,ショウ，山偏に肖像画のショウ,ショウ,,,,,けわ（しい）,きび（しい）,
563A,嶌,トウ，シマグニノシマノイタイジ，ヤマノシタニトリ,トウ，島国のシマの異体字，山の下に鳥,,,,,,,,
563B,峪,ヨク，ヤマヘンニタニ,ヨク，山偏に谷,ヨク,,,,,たに,,
563C,崋,ワタナベカザンノカ,渡辺崋山のカ,,,,,,,,,,,
563D,崕,ガケ，ダンガイノガイノイタイジ,がけ，断崖のガイの異体字,,,,,,,,,,,
563E,崗,カコウガンノコウ，オカヤマケンノオカノイタイジ,花崗岩のコウ，岡山県のおかの異体字,,,,,,,,,,,
563F,嵜,ナガサキケンノサキノイタイジ,長崎県のサキの異体字,,,,,,,,,,,
5640,崟,ギン，ヤマノシタニキンヨウビノキン,ギン，山の下に金曜日のキン,ギン,,,,,みね,たか（い）,,,,
5641,崛,クツ，ヤマヘンニリクツノクツ,クツ，山偏に理屈のクツ,クツ,,,,,そばだ（つ）,,,,,
5642,崑,コンロンサンミャクノコン，ヤマノシタニコンチュウノコン,崑崙山脈のコン，山の下に昆虫のコン,コン,,,,,,,,,,
5643,崔,サイ，ヤマノシタニフルトリ,サイ，山の下に隹,サイ,スイ,,,,たか（い）,おお（きい）,まじ（わる）,,,
5644,崢,ソウ，ヤマヘンニアラソウノキュウジ,ソウ，山偏に争うの旧字,ソウ,,,,,たか（い）,けわ（しい）,,,,
5645,崚,リョウ，ヤマヘンニリョウセンノリョウノツクリ,リョウ，山偏に稜線のリョウの旁,リョウ,,,,,たか（い）,けわ（しい）,,,,
5646,崙,コンロンサンミャクノロン,崑崙山脈のロン,ロン,,,,,,,,,,
5647,崘,コンロンサンミャクノロンノイタイジ,崑崙山脈のロンの異体字,,,,,,,,,,,
5648,嵌,ハメキザイクノハメル，カン,嵌木細工の嵌める，カン,カン,,,,,あな,ほらあな,けわ（しい）,は（める）,はめこ（む）,ちりば（める）
5649,嵒,ガン，シナモノノシナノシタニヤマ,ガン，品物のしなの下に山,ガン,,,,,いわ,いわお,けわ（しい）,,,
564A,嵎,グウ，ヤマヘンニグウゼンノグウノツクリ,グウ，山偏に偶然のグウの旁,グ,グウ,,,,くま,すみ,,,,
564B,嵋,ビ，ヤマヘンニマユゲノマユ,ビ，山偏に眉毛のまゆ,ビ,,,,,,,,,,
564C,嵬,カイ，ヤマノシタニオニ,カイ，山の下に鬼,カイ,ガイ,ギ,,,たか（い）,おお（きい）,
564D,嵳,サ，ヤマノシタニサベツカスルノサ,サ，山の下に差別化するのサ,,,,,,,,
564E,嵶,タワ，ヤマヘンニヨワイ,たわ，山偏に弱い,,,,,,,,
564F,嶇,ク，ヤマヘンニクベツスルノクノキュウジ,ク，山偏に区別するのクの旧字,ク,,,,,けわ（しい）,,
5650,嶄,ザン，ヤマノシタニザンシンナノザン,ザン，山の下に斬新なのザン,サン,ザン,,,,けわ（しい）,,
5651,嶂,ショウ，ヤマヘンニブンショウヲカクノショウ,ショウ，山偏に文章を書くのショウ,ショウ,,,,,みね,,
5652,嶢,ギョウ，ヤマヘンニギョウシュンノギョウノキュウジ,ギョウ，山偏に尭舜のギョウの旧字,ギョウ,,,,,けわ（しい）,,
5653,嶝,トウ，ヤマヘンニトザンノト,トウ，山偏に登山のト,トウ,,,,,さか,さかみち,
5654,嶬,ギ，ヤマヘンニギムノギ,ギ，山偏に義務のギ,ギ,,,,,けわ（しい）,,
5655,嶮,ケン，ヤマヘンニシケンヲウケルノケンノキュウジノツクリ,ケン，山偏に試験を受けるのケンの旧字の旁,ケン,,,,,けわ（しい）,,
5656,嶽,サンガクブノガクノキュウジ,山岳部のガクの旧字,,,,,,,,
5657,嶐,リュウ，ヤマノシタニリュウキスルノリュウニイッカククワエタカタチ,リュウ，山の下に隆起するのリュウに一画加えた形,,,,,,,,
5658,嶷,ギ，ヤマノシタニギモンノギ,ギ，山の下に疑問のギ,ギ,ギョク,,,,たか（い）,さと（い）,かしこ（い）
5659,嶼,ショ，ヤマヘンニアタエルノキュウジ,ショ，山偏に与えるの旧字,ショ,,,,,しま,,
565A,巉,ザン，ヤマヘンニザンゲンスルノザンノツクリ,ザン，山偏に讒言するのザンの旁,サン,ザン,,,,けわ（しい）,,
565B,巍,ギ，ヤマノシタニギシワジンデンノギ,ギ，山の下に魏志倭人伝のギ,ギ,,,,,たか（い）,おお（きい）,
565C,巓,ヤマノイタダキヲイミスルサンテンノテン,山の頂を意味する山巓のテン,テン,,,,,いただき,,,
565D,巒,ラン，コイビトノコイノキュウジノココロノカワリニヤマ,ラン，恋人のコイの旧字の心の代わりに山,ラン,,,,,みね,やまなみ,,
565E,巖,ゲンジュウナノゲン，キビシイノキュウジ,厳重なのゲン，厳しいの旧字,,,,,,,,,
565F,巛,セン，ブシュノマガリガワ,セン，部首の曲がり川,,,,,,,,,
5660,巫,ジンジャノミコノフ,神社の巫女のフ,フ,ブ,,,,みこ,かんなぎ,,
5661,已,ブンポウノイゼンケイノイ,文法の已然形のイ,イ,,,,,すで（に）,のみ,や（む）,はなは（だ）
5662,巵,シ，サカズキノイタイジ,シ，さかずきの異体字,,,,,,,,,
5663,帋,ガヨウシノシ，カミノイタイジ,画用紙のシ，紙の異体字,,,,,,,,,
5664,帚,ホウキ，ソウジキノソウノツクリ,ほうき，掃除機のソウの旁,ソウ,シュウ,,,,は（く）,ほうき,,
5665,帙,チツ，ハバヘンニウシナウ,チツ，幅偏に失う,チツ,,,,,ふまき,ふみづつ（み）,,
5666,帑,ド，ヤッコノシタニハバ,ド，奴の下に巾,ド,トウ,,,,かねぐら,つまこ,,
5667,帛,ハク，ハクチョウノハクノシタニハバ,ハク，白鳥のハクの下に巾,ハク,,,,,きぬ,しろぎぬ,ぬさ,
5668,帶,ケイタイノタイ，オビノキュウジ,携帯のタイ，帯の旧字,,,,,,,,,
5669,帷,カタビラ，ハバヘンニフルトリ,カタビラ，幅偏に隹,イ,,,,,とばり,かたびら,,
566A,幄,アク，ハバヘンニオクジョウノオク,アク，幅偏に屋上のオク,アク,,,,,とばり,,,
566B,幃,イ，ハバヘンニイダイナノイノツクリ,イ，幅偏に偉大なのイの旁,イ,,,,,とばり,,,
566C,幀,テイ，ハバヘンニテイシュクナノテイ,テイ，幅偏に貞淑なのテイ,テイ,チョウ,,,,,
566D,幎,ベイ，ハバヘンニメイフクヲイノルノメイ,ベイ，幅偏に冥福を祈るのメイ,ベキ,,,,,おお（う）,とばり
566E,幗,カク，ハバヘンニクニノキュウジ,カク，幅偏に国の旧字,カク,,,,,かみかざ（り）,
566F,幔,マンマクノマン，ハバヘンニウナギノツクリ,幔幕のマン，巾偏に鰻の旁,バン,マン,,,,まく,
5670,幟,キシヲセンメイニスルノシ，ノボリ,旗幟を鮮明にするのシ，のぼり,シ,,,,,のぼり,しるし
5671,幢,トウ，ハバヘンニグリムドウワノドウ,トウ，巾偏にグリム童話のドウ,トウ,ドウ,,,,はた,
5672,幤,ゾウヘイキョクノヘイノイタイジ,造幣局のヘイの異体字,,,,,,,
5673,幇,ホウジョスルノホウ,幇助するのホウ,ホウ,,,,,たす（ける）,なかま
5674,幵,ケン，ホスガフタツ,ケン，干すが二つ,ケン,,,,,たい（ら）,
5675,并,ヘイ，ヘイヨウスルノヘイノツクリ,ヘイ，併用するのヘイの旁,ヘイ,,,,,あわ（せる）,なら（ぶ）
5676,幺,ヨウ，ブシュノイトガシラ,ヨウ，部首の糸頭,ヨウ,,,,,ちい（さい）,おさな（い）
5677,麼,モ，マスイノマノシタニイトガシラ,モ，麻酔のマの下に糸頭,バ,マ,モ,,,ちい（さい）,
5678,广,ゲン，ブシュノマダレ,ゲン，部首の麻垂,,,,,,,
5679,庠,ショウ，マダレニヒツジ,ショウ，マダレニヒツジ,ショウ,,,,,まなびや,
567A,廁,カワヤ，マダレニホウソクノソク,かわや，麻垂に法則のソク,シ,,,,,かわや,ま（じる）
567B,廂,ショウ，マダレニソウダンスルノソウ,ショウ，麻垂に相談するのソウ,ショウ,ソウ,,,,ひさし,
567C,廈,カ，マダレニナツ,カ，麻垂に夏,カ,,,,,いえ,
567D,廐,キュウシャノキュウ，ウマヤノイタイジ，キバ,厩舎のキュウ，うまやの異体字，牙,,,,,,,
567E,廏,キュウシャノキュウ，ウマヤノイタイジ，ルマタ,厩舎のキュウ，うまやの異体字，るまた,,,,,,,
5721,廖,リョウ，マダレニゴビュウノビュウノツクリ,リョウ，麻垂に誤謬のビュウの旁,リョウ,,,,,むな（しい）,
5722,廣,ヒロバノヒロノキュウジ,広場のヒロの旧字,,,,,,,
5723,廝,シ，マダレニシカイノケンイノシ,シ，麻垂に斯界の権威のシ,シ,,,,,めしつかい,こもの
5724,廚,チュウボウノチュウ，クリヤノキュウジ,厨房のチュウ，くりやの旧字,,,,,,,
5725,廛,テン，マトイノツクリ,テン，纏の旁,テン,,,,,やしき,みせ
5726,廢,ハイシスルノハイ，スタレルノキュウジ,廃止するのハイ，廃れるの旧字,,,,,,,
5727,廡,ブ，マダレニムリノム,ブ，麻垂に無理のム,ブ,,,,,ひさし,しげ（る）
5728,廨,カイ，マダレニカイケツスルノカイ,カイ，麻垂に解決するのカイ,カイ,,,,,やくしょ,
5729,廩,リン，マダレニリンギスルノリン,リン，麻垂に稟議するのリン,リン,,,,,くら,ふち
572A,廬,ロザンノロ，マダレニハゼノキノハゼノツクリ,廬山のロ，麻垂に櫨の木のハゼの旁,リョ,ロ,ル,,,いおり,いえ
572B,廱,ヨウ，マダレニカワ，クチ，トモエ，フルトリ,ヨウ，麻垂に川，口，巴，隹,ヨウ,,,,,やわ（らぐ）,
572C,廳,チョウ，キショウチョウノチョウノキュウジ,チョウ，気象庁のチョウの旧字,,,,,,,
572D,廰,チョウ，キショウチョウノチョウノキュウジノイタイジ,チョウ，気象庁のチョウの旧字の異体字,,,,,,,
572E,廴,イン，ブシュノエンニョウ,イン，部首のエンニョウ,,,,,,,,,
572F,廸,テキ，エンニョウニリユウノユウ,テキ，延繞に理由のユウ,,,,,,,,,
5730,廾,キョウ，ブシュノニジュウアシ,キョウ，部首の二重足,,,,,,,,,
5731,弃,ハイキスルノキ，ステルノイタイジ,廃棄するのキ，棄てるの異体字,,,,,,,,,
5732,弉,サンゾウホウシゲンジョウノジョウノイタイジ,三蔵法師玄奘のジョウの異体字,,,,,,,,,
5733,彝,イ，ゴイノイノウエガワニコメ，イト，ニジュウアシ,イ，語彙のイの上側に米，糸，二重足,イ,,,,,のり,つね,,
5734,彜,イ，ゴイノイノウエガワニコナ，ニジュウアシ,イ，語彙のイの上側に粉，二重足,イ,,,,,のり,つね,,
5735,弋,ヨク，ブシュノシキガマエ,ヨク，部首の式構え,ヨク,,,,,いぐるみ,と（る）,くろ（い）,う（かぶ）
5736,弑,シギャクスルノシ，コロスノヒダリガワニニュウガクシキノシキ,弑逆するのシ，殺すの左側に入学式のシキ,シ,シイ,,,,しい（する）,ころ（す）,,
5737,弖,テニヲハノテ，ユミノシタニカンスウジノイチ,てにをはのて，弓の下に漢数字の一,,,,,,て,,,
5738,弩,チョウドキュウノド，ヤッコノシタニユミ,超弩級のド，奴の下に弓,ド,,,,,いしゆみ,おおゆみ,,
5739,弭,ビ，ユミヘンニミミ,ビ，弓偏に耳,ビ,ミ,,,,ゆはず,や（める）,,
573A,弸,ホウ，ユミヘンニホウユウヲイミスルホウ,ホウ，弓偏に朋友を意味するホウ,ビョウ,ホウ,,,,み（ちる）,,,
573B,彁,ユミヘンニカノウセイノカヲカサネル,弓偏に可能性のカを重ねる,,,,,,,,,
573C,彈,ダンリョクノダン，ハズムノキュウジ,弾力のダン，弾むの旧字,,,,,,,,,
573D,彌,アミダブツノミノキュウジ,阿弥陀仏のミの旧字,,,,,,,,,
573E,彎,ワンガンノワンノキュウジノツクリ,湾岸のワンの旧字の旁,ワン,,,,,ま（がる）,ひ（く）,
573F,弯,ワンガンノワンノツクリ,湾岸のワンの旁,ワン,,,,,ま（がる）,ひ（く）,
5740,彑,ケイ，ブシュノケイガシラ,ケイ，部首のケイ頭,,,,,,,,
5741,彖,タン，ケイガシラニイノコ,タン，ケイ頭に豕（いのこ）,,,,,,,,
5742,彗,ハレースイセイノスイ,ハレー彗星のスイ,エ,ケイ,スイ,,,は（く）,ほうき,ほうきぼし
5743,彙,キホンゴイノイ,基本語彙のイ,イ,,,,,はりねずみ,あつ（める）,たぐ（い）
5744,彡,サン，ブシュノサンヅクリ,サン，部首の彡旁,,,,,,,,
5745,彭,ホウ，ボウチョウリツノボウノツクリ,ホウ，膨張率のボウの旁,ホウ,,,,,,,
5746,彳,テキ，ブシュノギョウニンベン,テキ，部首の行人偏,,,,,,,,
5747,彷,ホウコウスルノホウ，ギョウニンベンニオヤカタノカタ,彷徨するのホウ，行人偏に親方のカタ,ホウ,,,,,さまよ（う）,にかよ（う）,
5748,徃,オウフクスルノオウノイタイジ,往復するのオウの異体字,,,,,,,,
5749,徂,ジュガクシャノオギュウソライノソ,儒学者の荻生徂徠のソ,ソ,,,,,ゆ（く）,し（ぬ）,
574A,彿,フツ，ギョウニンベンニドル,フツ，行人偏に弗,フツ,,,,,にかよ（う）,ほの（か）,
574B,徊,ハイカイスルノカイ，ギョウニンベンニマワル,徘徊するのカイ，行人偏に回る,カイ,,,,,さまよ（う）,,
574C,很,コン，ギョウニンベンニダイコンノコンノツクリ,コン，行人偏に大根のコンの旁,コン,,,,,もと（る）,はなは（だ）,
574D,徑,エンノハンケイノケイノキュウジ,円の半径のケイの旧字,,,,,,,,
574E,徇,ジュン，ギョウニンベンニゲジュンノジュン,ジュン，行人偏に下旬のジュン,シュン,ジュン,,,,とな（える）,したが（う）,めぐ（る）,,
574F,從,ジュウジスルノジュウ，シタガウノキュウジ,従事するのジュウ，従うの旧字,,,,,,,,,,
5750,徙,シ，ギョウニンベンニトメルニハシルノシタガワ,シ，行人偏に止めるに走るの下側,シ,,,,,うつ（す）,うつ（る）,,,
5751,徘,ハイカイスルノハイ，サマヨウ,徘徊するのハイ，さまよう,ハイ,,,,,さまよ（う）,,,,
5752,徠,ジュガクシャノオギュウソライノライ,儒学者の荻生徂徠のライ,,,,,,,,,,
5753,徨,ホウコウスルノコウ，サマヨウ,彷徨するのコウ，さまよう,コウ,,,,,さまよ（う）,,,,
5754,徭,ヨウ，ギョウニンベンニユレルノキュウジノツクリ,ヨウ，行人偏に揺れるの旧字の旁,ヨウ,,,,,えだち,,,,
5755,徼,キョウ，ギョウニンベンニゲキレイスルノゲキノツクリ,キョウ，行人偏に激励するのゲキの旁,キョウ,ギョウ,ヨウ,,,めぐ（る）,さかい,くにざかい,もと（める）,さえぎ（る）
5756,忖,ソンタクスルノソン，リッシンベンニスンポウノスン,忖度するのソン，立心偏に寸法のスン,ソン,,,,,はか（る）,おしはか（る）,,,
5757,忻,キン，リッシンベンニパンイッキンノキン,キン，立心偏にパン一斤のキン,キン,,,,,よろこ（ぶ）,,,,
5758,忤,ゴ，リッシンベンニショウゴノゴ,ゴ，立心偏に正午のゴ,ゴ,,,,,さから（う）,もと（る）,,,
5759,忸,ジクジタルノジク，ハジル,忸怩たるのジク，はじる,ジク,ジュウ,,,,は（じる）,な（れる）,,,
575A,忱,シン，リッシンベンニチンボツスルノチンノツクリ,シン，立心偏に沈没するのチンの旁,シン,,,,,まこと,,,,
575B,忝,テン，カタジケナイ，テンプスルノテンノツクリ,テン，かたじけない，添付するのテンの旁,テン,,,,,はずかし（める）,かたじけな（い）,,,
575C,悳,トク，ドウトクノトクノイタイジ,トク，道徳のトクの異体字,,,,,,,,,,
575D,忿,フン，フンベツノフンノシタニココロ,フン，分別の下に心,フン,,,,,いか（る）,,,,
575E,怡,イ，リッシンベンニダイドコロノダイ,イ，立心偏に台所のダイ,イ,,,,,よろこ（ぶ）,やわ（らぐ）,
575F,恠,カイブツノカイノイタイジ，リッシンベンニソンザイノザイ,怪物のカイの異体字，立心偏に存在のザイ,,,,,,,,
5760,怙,エコヒイキノコ，リッシンベンニチュウコシャノコ,依怙贔屓のコ，立心偏に中古車のコ,コ,,,,,たの（む）,,
5761,怐,コウ，リッシンベンニハイクノク,コウ，立心偏に俳句のク,,,,,,,,
5762,怩,ジクジタルノジ，ハジル,忸怩たるのジ，はじる,ジ,,,,,は（じる）,,
5763,怎,ソウ，サクヤノサクノツクリノシタニココロ,ソウ，昨夜のサクの旁の下に心,シン,ソ,ソウ,,,いか（で）,どうして,
5764,怱,ソウ，ネギノクサカンムリノシタガワ,ソウ，葱の草冠の下側,,,,,,,,
5765,怛,ダツ，リッシンベンニガンタンノタン,ダツ，立心偏の元旦のタン,タツ,ダツ,タン,,,いた（む）,おどろ（く）,
5766,怕,ハ，オソレル，リッシンベンニシロイ,ハ，おそれる，立心偏に白い,ハ,ハク,,,,おそ（れる）,,
5767,怫,フツ，リッシンベンニドル,フツ，立心偏に弗,フツ,ハイ,ヒ,,,ふさ（ぐ）,いか（る）,もと（る）
5768,怦,ヒョウ，リッシンベンニヘイワノヘイ,ヒョウ，立心偏に平和のヘイ,ヒョウ,ホウ,,,,せわ（しい）,,
5769,怏,オウ，リッシンベンニチュウオウノオウ,オウ，立心偏に中央のオウ,オウ,ヨウ,,,,うら（む）,,
576A,怺,エイ，リッシンベンニエイキュウノエイ,エイ，立心偏に永久のエイ,,,,,,こら（える）,,
576B,恚,イ，ツチフタツノシタニココロ,イ，土二つの下に心,イ,,,,,いか（る）,うら（む）,
576C,恁,ジン，セキニンノニンノシタニココロ,ジン，責任のニンの下に心,ジン,イン,ニン,,,か（かる）,このような,
576D,恪,カク，リッシンベンニカクジノカク,カク，立心偏に各自のカク,カク,,,,,つつし（む）,,
576E,恷,キュウ，キュウジツノキュウノシタニココロ,キュウ，休日のキュウの下に心,,,,,,,,,
576F,恟,キョウ，リッシンベンニカラダノムネノツクリ,キョウ，立心偏に体の胸の旁,キョウ,,,,,おそ（れる）,,,
5770,恊,キョウリョクスルノキョウノイタイジ,協力するのキョウの異体字,キョウ,,,,,かな（う）,おびや（かす）,,
5771,恆,コウオンドウブツノコウ，ツネニノキュウジ,恒温動物のコウ，恒にの旧字,,,,,,,,,
5772,恍,コウコツノヒトノコウ,恍惚の人のコウ,コウ,,,,,ほの（か）,とぼ（ける）,,
5773,恣,シイテキナノシ，ホシイママ,恣意的なのシ，ほしいまま,シ,,,,,ほしいまま,,,
5774,恃,キョウジヲタモツノジ,矜恃を保つのジ,シ,ジ,,,,たの（む）,たよ（る）,,
5775,恤,ジュツ，リッシンベンニケツエキノケツ,ジュツ，立心偏に血液のケツ,シュツ,ジュツ,,,,うれ（える）,あわ（れむ）,めぐ（む）,
5776,恂,ジュン，リッシンベンニゲジュンノジュン,ジュン，立心偏に下旬のジュン,ジュン,シュン,,,,まこと,おそ（れる）,またた（く）,
5777,恬,ムヨクテンタンノテン,無欲恬淡のテン,テン,,,,,やす（い）,やす（らか）,やす（んずる）,しず（か）
5778,恫,ドウカツスルノドウ,恫喝するのドウ,トウ,ドウ,,,,いた（む）,おど（す）,おど（かす）,
5779,恙,ヨウ，ツツガナククラスノツツガ,ヨウ，恙なく暮らすのツツガ,ヨウ,,,,,うれ（い）,つつが,,
577A,悁,エン，リッシンベンニキヌイトノキヌノツクリ,エン，立心偏に絹糸のキヌの旁,エン,ケン,,,,いか（る）,あせ（る）,,
577B,悍,セイカンナカオツキノカン,精悍な顔付きのカン,カン,,,,,たけ（し）,あら（い）,あらあら（しい）,
577C,惧,キグスルノグ,危惧するのグ,,,,,,,,,
577D,悃,コン，リッシンベンニコマル,コン，立心偏に困る,コン,,,,,まこと,まごころ,,
577E,悚,ショウ，リッシンベンニタバ,ショウ，立心偏に束,ショウ,,,,,おそ（れる）,,
5821,悄,ショウゼンタルスガタノショウ，リッシンベンニショウゾウガノショウ,悄然たる姿のショウ，立心偏に肖像画のショウ,ショウ,,,,,うれ（える）,きび（しい）,
5822,悛,カイシュンノジョウノシュン,悔悛の情のシュン,シュン,,,,,あらた（める）,つつし（む）,
5823,悖,ボツ，リッシンベンニボッパツスルノボツノヒダリガワ,ボツ，立心偏に勃発するのボツの左側,ハイ,ボツ,,,,もと（る）,みだ（れる）,さか（ん）
5824,悗,バン，リッシンベンニメンキョノメン,バン，立心偏に免許のメン,,,,,,,,
5825,悒,ユウ，リッシンベンニトユウノユウ,ユウ，立心偏に都邑のユウ,ユウ,,,,,うれ（える）,,
5826,悧,レイリノリ，リッシンベンニケンリノリ,怜悧のリ，立心偏に権利のリ,リ,,,,,さか（しい）,,
5827,悋,シットヲイミスルリンキノリン,嫉妬を意味する悋気のリン,リン,,,,,やぶさ（か）,お（しむ）,ねた（む）
5828,惡,ゼンアクノアク，ワルイノキュウジ,善悪のアク，悪いの旧字,,,,,,,,
5829,悸,ドウキガスルノキ,動悸がするのキ,キ,,,,,おそ（れる）,,
582A,惠,メグム，チエノエノキュウジ,恵む，知恵のエの旧字,,,,,,,,
582B,惓,ケン，リッシンベンニノリマキノマキ,ケン，立心偏に海苔巻きのマキ,ケン,,,,,つつし（む）,う（む）,
582C,悴,ショウスイスルノスイ,憔悴するのスイ,スイ,,,,,やつ（れる）,かじか（む）,せがれ
582D,忰,ショウスイスルノスイノイタイジ,憔悴するのスイの異体字,スイ,,,,,やつ（れる）,かじか（む）,せがれ
582E,悽,セイ，リッシンベンニフサイノサイ，ツマ,セイ，立心偏に夫妻のサイ，つま,セイ,,,,,いた（む）,いた（ましい）,かな（しむ）
582F,惆,チュウ，リッシンベンニシュウヘンノシュウ,チュウ，立心偏に周辺のシュウ,チュウ,,,,,いた（む）,うら（む）,
5830,悵,チョウ，リッシンベンニチョウタンノチョウ,チョウ，立心偏に長短のチョウ,チョウ,,,,,いた（む）,うら（む）
5831,惘,ボウ，リッシンベンニモウマクノモウノツクリ,ボウ，立心偏に網膜のモウの旁,ボウ,モウ,,,,ぼんやり（する）,あき（れる）
5832,慍,ウン，リッシンベンニオンセンノオンノキュウジタイノツクリ,ウン，立心偏に温泉のオンの旧字体の旁,,,,,,,
5833,愕,キョウガクスルノガク,驚愕するのガク,ガク,,,,,おどろ（く）,
5834,愆,ケン，フエンスルノエンノシタニココロ,ケン，敷衍するのエンの下に心,ケン,,,,,あやま（る）,あやま（ち）
5835,惶,コウ，リッシンベンニコウタイシノコウ,コウ，立心偏に皇太子のコウ,コウ,,,,,おそ（れる）,
5836,惷,シュン，キセツノハルノシタニココロ,シュン，季節の春の下に心,シュン,,,,,みだ（れる）,おろ（か）
5837,愀,ショウ，リッシンベンニキセツノアキ,ショウ，立心偏に季節の秋,シュウ,ショウ,,,,さび（しい）,
5838,惴,ズイ，リッシンベンニゼンソクノゼンノツクリ,ズイ，立心偏に喘息のゼンの旁,スイ,ズイ,,,,おそ（れる）,
5839,惺,セイ，リッシンベンニホシ,セイ，立心偏に星,セイ,,,,,さと（る）,しず（か）
583A,愃,セン，リッシンベンニセンデンスルノセン,セン，立心偏に宣伝するのセン,ケン,セン,,,,ゆた（か）,
583B,愡,ソウ，リッシンベンニネギノクサカンムリノシタガワ,ソウ，立心偏に葱の草冠の下側,,,,,,,
583C,惻,ソクインノジョウノソク，リッシンベンニホウソクノソク,惻隠の情のソク，立心偏に法則のソク,ショク,ソク,,,,いた（む）,
583D,惱,ナヤム，クノウスルノノウノキュウジ,悩む，苦悩するのノウの旧字,,,,,,,
583E,愍,ビン，タミトノブンノシタニココロ,ビン，民とのぶんの下に心,ビン,ミン,,,,あわ（れむ）,うれ（える）
583F,愎,フク，リッシンベンニオウフクノフクノツクリ,フク，立心偏に往復のフクの旁,フク,ヒョク,,,,もと（る）,そむ（く）
5840,慇,インギンナノイン,慇懃なのイン,イン,,,,,いた（む）,ねんご（ろ）
5841,愾,キ，リッシンベンニクウキノキノキュウジ,キ，立心偏に空気のキの旧字,カイ,ガイ,キ,,,なげ（く）,いか（る）
5842,愨,マコトヲイミスルカク,まことを意味するカク,カク,,,,,つつし（む）,まこと
5843,愧,ザンキニタエナイノキ,慚愧に堪えないのキ,キ,,,,,は（じる）,はじ
5844,慊,ケン，リッシンベンニカネル,ケン，立心偏に兼ねる,キョウ,ケン,,,,あきた（りない）,あきた（りる）
5845,愿,ゲン，ノハラノハラノシタニココロ,ゲン，野原のハラの下に心,ゲン,,,,,つつし（む）,すなお
5846,愼,シンチョウナノシン，ツツシムノキュウジ,慎重なのシン，慎むの旧字,,,,,,,
5847,愬,ソ，ハッサクノサクノシタニココロ,ソ，八朔のサクの下に心,ソ,サク,,,,うった（える）,おそ（れる）
5848,愴,ヒソウナノソウ，リッシンベンニカマクラバクフノクラ,悲愴なのソウ，立心偏に鎌倉幕府のくら,ソウ,,,,,いた（む）,かな（しむ）
5849,愽,ハクブツカンノハクノイタイジ,博物館のハクの異体字,,,,,,,
584A,慂,ヨウ，コワクダニノワクノシタニココロ,ヨウ，小涌谷のワクの下に心,ヨウ,,,,,すす（める）,
584B,慄,センリツスルノリツ,戦慄するのリツ,リツ,,,,,おそ（れる）,おのの（く）
584C,慳,ケン，リッシンベンニケンジツナノケン,ケン，立心偏に堅実なのケン,カン,ケン,,,,お（しむ）,しぶ（る）
584D,慷,ヒフンコウガイノコウ，リッシンベンニイエヤスノヤス,悲憤慷慨のコウ，立心偏に家康のヤス,コウ,,,,,なげ（く）,
584E,慘,ザンパイスルノザン，ミジメノキュウジ,惨敗するのザン，惨めの旧字,,,,,,,
584F,慙,ザンキニタエナイノザン，シタゴコロ,慚愧に堪えないのザン，下心,ザン,,,,,は（じる）,はじ
5850,慚,ザンキニタエナイノザン，リッシンベン,慚愧に堪えないのザン，立心偏,ザン,,,,,は（じる）,はじ,
5851,慫,ショウ，フクジュウスルノジュウノキュウジノシタニココロ,ショウ，服従するのジュウの旧字の下に心,ショウ,,,,,おどろ（く）,すす（める）,
5852,慴,ショウ，リッシンベンニレンシュウスルノシュウ，ナラウ,ショウ，立心偏に練習するのシュウ，習う,ショウ,シュウ,,,,おそ（れる）,,
5853,慯,ショウ，リッシンベンニキリキズノキズ,ショウ，立心偏に切り傷のキズ,,,,,,,,
5854,慥,ソウ，リッシンベンニカイゾウスルノゾウ,ソウ，立心偏に改造するのゾウ,,,,,,,,
5855,慱,タン，リッシンベンニセンモンノセンノキュウジ,タン，立心偏に専門のセンの旧字,,,,,,,,
5856,慟,ドウコクスルノドウ,慟哭するのドウ,トウ,ドウ,,,,なげ（く）,,
5857,慝,トク，トクメイノトクノシタニココロ,トク，匿名のトクの下に心,トク,,,,,よこしま,わる（い）,わざわ（い）
5858,慓,ヒョウ，リッシンベンニトウヒョウスルノヒョウ,ヒョウ，立心偏に投票するのヒョウ,ヒョウ,,,,,すばや（い）,,
5859,慵,ヨウ，リッシンベンニボンヨウナノヨウ,ヨウ，立心偏に凡庸なのヨウ,ショウ,ヨウ,,,,ものう（い）,おこた（る）,
585A,憙,キ，キドアイラクノキノシタニココロ,キ，喜怒哀楽の下に心,,,,,,,,
585B,憖,ギン，ライネンノライノキュウジトイヌノシタニココロ,ギン，来年のライの旧字と犬の下に心,ギン,,,,,なまじ,なまじい（に）,し（いて）
585C,憇,キュウケイノケイ，イコウノイタイジ,休憩のケイ，憩うの異体字,,,,,,,,
585D,憬,ドウケイノマトノケイ，リッシンベンニフウケイノケイ,憧憬の的のケイ，立心偏に風景のケイ,ケイ,,,,,あこが（れる）,,
585E,憔,ショウスイスルノショウ,憔悴するのショウ,ショウ,,,,,やつ（れる）,,
585F,憚,キタンノナイノタン，ハバカル,忌憚のないのタン，はばかる,タン,,,,,はばか（る）,はばか（り）,
5860,憊,ヒロウコンパイノハイ,疲労困憊のハイ,ハイ,ヘイ,,,,つか（れる）,,,,
5861,憑,ヒョウイスルノヒョウ，キツネツキノツク,憑依するのヒョウ，狐憑きのつく,ヒョウ,,,,,よ（る）,たの（む）,つ（く）,かか（る）,かちわた（る）
5862,憫,レンビンノビン，リッシンベンニモンガマエニブンショウヲカクノブン,憐憫のビン，立心偏に門構えに文章を書くのブン,ビン,ミン,,,,あわ（れむ）,うれ（える）,,,
5863,憮,ブゼントスルノブ,憮然とするのブ,ブ,ム,,,,いつく（しむ）,がっかり（する）,,,
5864,懌,エキ，リッシンベンニサワノキュウジノツクリ,エキ，立心偏に沢の旧字の旁,エキ,,,,,よろこ（ぶ）,たの（しむ）,,,
5865,懊,オウノウスルノオウ，ナヤム,懊悩するのオウ，悩む,オウ,,,,,なや（む）,うら（む）,,,
5866,應,オウエンスルノオウノキュウジ,応援するのオウの旧字,,,,,,,,,,
5867,懷,カイチュウデントウノカイ，フトコロノキュウジ,懐中電灯のカイ，ふところの旧字,,,,,,,,,,
5868,懈,ケタイスルノケ，リッシンベンニカイケツスルノカイ,懈怠するのケ，立心偏に解決するのカイ,カイ,ケ,,,,おこた（る）,なま（ける）,だる（い）,,
5869,懃,インギンブレイノギン,慇懃無礼のギン,キン,ゴン,,,,つと（める）,ねんご（ろ）,つか（れる）,,
586A,懆,ソウ，リッシンベンニソウジュウスルノソウノツクリ,ソウ，立心偏に操縦するのソウの旁,ソウ,,,,,うれ（える）,,,,
586B,憺,クシンサンタンノタン，リッシンベンニタンニンノタンノキュウジノツクリ,苦心惨憺のタン，立心偏に担任のタンの旧字の旁,タン,,,,,やす（んずる）,おそ（れる）,,,
586C,懋,ボウ，ハヤシノアイダニムジュンスルノム，ソノシタニココロ,ボウ，林の間に矛盾するのム，その下に心,ボウ,モ,,,,つと（める）,さか（ん）,,,
586D,罹,リカンスルノリ，カカル,罹患するのリ，かかる,,,,,,,,,,
586E,懍,リン，リッシンベンニリンギスルリン,リン，立心偏に稟議するのリン,リン,,,,,おそ（れる）,,,,
586F,懦,キョウダノダ，ヨワイ，リッシンベンニヒツジュヒンノジュ,怯懦のダ，よわい，立心偏に必需品のジュ,ジュ,ダ,,,,よわ（い）,,,,
5870,懣,フンマンヤルカカタナシノマン,憤懣やる方なしのマン,マン,モン,,,,もだ（える）,,
5871,懶,ランダナノラン，リッシンベンニイライスルノライノキュウジ,懶惰なのラン，立心偏に依頼するのライの旧字,ラン,,,,,ものう（い）,おこた（る）,ものぐさ（い）
5872,懺,ザンゲスルノザン，クイル,懺悔するのザン，くいる,ザン,サン,,,,く（いる）,,
5873,懴,ザンゲスルノザン，クイルノイタイジ,懺悔するのザン，くいるの異体字,ザン,サン,,,,く（いる）,,
5874,懿,ダイヨンダイイトクテンノウノイ,第四代懿徳天皇のイ,イ,,,,,よ（い）,うるわ（しい）,
5875,懽,カン，リッシンベンニカンガイヨウスイノカンノツクリ,カン，立心偏に灌漑用水のカンの旁,カン,,,,,よろこ（ぶ）,,
5876,懼,キョウクスルノク，リッシンベンニメガフタツノシタニフルトリ,恐懼するのク，立心偏に目が二つの下に隹,ク,グ,,,,おそ（れる）,おどろ（く）,
5877,懾,ショウ，リッシンベンニミミミッツ,ショウ，立心偏に耳三つ,ショウ,,,,,おそ（れる）,,
5878,戀,コイビトノコイノキュウジ,恋人のコイの旧字,,,,,,,,
5879,戈,カ，ブシュノホコヅクリ,カ，部首の戈旁,カ,,,,,ほこ,いくさ,
587A,戉,マサカリ，エツ，カネヘンナシ,まさかり，エツ，金偏なし,エツ,,,,,まさかり,,
587B,戍,ジュ，マモル，ボシンセンソウノボノナカニテン,ジュ，まもる，戊辰戦争のボの中にテン,ジュ,,,,,まも（る）,たむろ,
587C,戌,ジュツ，ジュウニシノイヌ,ジュツ，十二支のイヌ,ジュツ,,,,,いぬ,,
587D,戔,サン，アサイノキュウジノツクリ,サン，浅いの旧字の旁,セン,サン,ザン,,,そこ（なう）,,
587E,戛,カツ，ページノハノカワリニホコヅクリ,カツ，頁のハの代わりに戈旁,カツ,,,,,ほこ,う（つ）,
5921,戞,カツ，ユウウツノユウノウエガワニホコヅクリ,カツ，憂鬱のユウの上側に戈旁,カツ,,,,,ほこ,う（つ）,
5922,戡,カン，ハナハダシイノミギニホコヅクリ,カン，甚だしいの右に戈旁,カン,,,,,か（つ）,ころ（す）,,,
5923,截,セツゼンタルノセツ，サイバイスルノサイノキノカワリニフルトリ,截然たるのセツ，栽培するのサイの木の代わりに隹,セツ,,,,,た（つ）,き（る）,,,
5924,戮,サツリクスルノリク,殺戮するのリク,リク,,,,,ころ（す）,あわ（せる）,はずかし（める）,,
5925,戰,センソウノセン，タタカウノキュウジ,戦争のセン，たたかうの旧字,,,,,,,,,,
5926,戲,ギキョクノギノキュウジ,戯曲のギの旧字,,,,,,,,,,
5927,戳,タク，センタクモノノタクノツクリニホコヅクリ,タク，洗濯物のタクの旁に戈旁,タク,,,,,つ（く）,さ（す）,,,
5928,扁,ヘン，ヘンシュウスル，アムノツクリ,ヘン，編集する，編むの旁,ヘン,,,,,ふだ,ひら（たい）,ちい（さい）,,
5929,扎,サツ，テヘンニレイギノレイノツクリ,サツ，手偏に礼儀のレイの旁,サツ,,,,,ぬ（く）,かま（える）,,,
592A,扞,カン，テヘンニホス,カン，手偏に干す,カン,,,,,ふせ（ぐ）,おお（う）,ひ（く）,あら（い）,ひきの（ばす）
592B,扣,コウ，テヘンニクチ,コウ，手偏に口,コウ,,,,,ひか（える）,たた（く）,たず（ねる）,さしひ（く）,
592C,扛,コウ，テヘンニズガコウサクノコウ,コウ，手偏に図画工作のコウ,コウ,,,,,あ（げる）,かつ（ぐ）,,,
592D,扠,サ，テヘンニヤシャノシャ,サ，手偏に夜叉のシャ,サ,,,,,はさみと（る）,やす,さ（す）,さて,
592E,扨,サテ，テヘンニヤイバノイタイジ,さて，手偏に刃の異体字,,,,,,さて,,,,
592F,扼,セッシヤクワンノヤク,切歯扼腕のヤク,アク,ヤク,,,,おさ（える）,,,,
5930,抂,キョウ，テヘンニオウサマノオウ,キョウ，手偏に王様のオウ,,,,,,,,,,
5931,抉,ケツ，テヘンニタスウケツノケツノツクリ,ケツ，手偏に多数決のケツの旁,ケツ,,,,,えぐ（る）,こ（じる）,,,
5932,找,カ，テヘンニホコヅクリ,カ，手偏に戈旁,カ,ソウ,,,,さおさ（す）,たず（ねる）,,
5933,抒,ジョジョウシノジョ，テヘンニヨテイノヨ,抒情詩のジョ，手偏に予定のヨ,ショ,ジョ,,,,く（む）,の（べる）,のぞ（く）,
5934,抓,ソウ，ツネル，テヘンニツメ,ソウ，つねる，手偏に爪,ソウ,,,,,か（く）,つま（む）,つね（る）,つ（む）
5935,抖,トウ，テヘンニホクトシチセイノト,トウ，手偏に北斗七星のト,トウ,ト,,,,ふる（う）,あ（げる）,,
5936,拔,バツグンノバツ，ヌケルノキュウジ,抜群のバツ，抜けるの旧字,,,,,,,,,
5937,抃,ベンブスルノベン，テヘンニナベブタノシタニカタカナノト,抃舞するのベン，手偏になべぶたの下に片仮名のト,ヘン,ベン,,,,う（つ）,たた（く）,,
5938,抔,ホウ，テヘンニフシギノフ,ホウ，手偏に不思議のフ,ホウ,,,,,すく（う）,など,,
5939,拗,ヨウオンノヨウ，テヘンニオオサナイ,拗音のヨウ，手偏に幼い,オウ,ヨウ,,,,ねじ（ける）,こじ（れる）,す（ねる）,しつこ（い）
593A,拑,カン，テヘンニアマイ,カン，手偏に甘い,カン,ケン,,,,はさ（む）,つぐ（む）,,
593B,抻,シン，テヘンニシンコクスルノシン,シン，手偏に申告するのシン,シン,チン,,,,の（ばす）,,,
593C,拏,ダホスルノダ，ヤッコノシタニテ,拏捕するのダ，奴の下に手,,,,,,,,,
593D,拿,ダホスルノダ，ゴウカクノゴウノシタニテ,拿捕するのダ，合格のゴウの下に手,,,,,,,,,
593E,拆,タク，テヘンニハイセキウンドウノセキ,タク，手偏に排斥運動のセキ,タク,,,,,ひら（く）,さ（く）,,
593F,擔,タンニンノタンノキュウジ,担任のタンの旧字,,,,,,,,,
5940,拈,ネン，テヘンニドクセンスルノセン,ネン，手偏に独占するのセン,デン,ネン,,,,ひね（る）,つま（む）,,
5941,拜,オガムノキュウジ,拝むの旧字,,,,,,,,,
5942,拌,カクハンスルノハン，カキマゼル,攪拌するのハン，かきまぜる,ハン,,,,,す（てる）,さ（ける）,わ（る）,かきま（ぜる）
5943,拊,フ，テヘンニフロクノフ,フ，手偏に付録のフ,フ,,,,,う（つ）,な（でる）,,
5944,拂,カネヲハラウノハラウノキュウジ,金を払うのはらうの旧字,,,,,,,,,
5945,拇,ボインヲオスノボ,拇印を押すのボ,ボ,ボウ,,,,おやゆび,,,
5946,抛,ホウテキスルノホウ，テヘンニカンスウジノキュウニチカラ,抛擲するのホウ，手偏に漢数字の九に力,ホウ,,,,,な（げる）,なげう（つ）,ほう（る）,
5947,拉,ラチスルノラ,拉致するのラ,ラツ,ラ,ロウ,,,くじ（く）,ひし（ぐ）,ひしゃ（げる）,ひ（く）
5948,挌,カク，テヘンニカクジノカク,カク，手偏に各自のカク,カク,,,,,う（つ）,なぐ（る）,,
5949,拮,キッコウスルノキツ,拮抗するのキツ,キツ,ケツ,,,,はたら（く）,せま（る）,せ（める）,
594A,拱,コマヌク，キョウ，テヘンノキョウツウノキョウ,こまぬく，キョウ，手偏に共通のキョウ,キョウ,,,,,こまぬ（く）,こまね（く）,,
594B,挧,ウ，テヘンニウモウノウ,ウ，手偏に羽毛のウ,,,,,,,,,
594C,挂,ケイ，テヘンニツチフタツ,ケイ，手偏に土二つ,ケイ,カイ,,,,か（ける）,ひっか（かる）,,
594D,挈,ケツ，ケイヤクスルノケイノダイノカワリニテ,ケツ，契約するのケイの大の代わりに手,ケイ,ケツ,,,,ひっさ（げる）,,,
594E,拯,ジョウ，テヘンニダイジンヲイミスルジョウショウノジョウ,ジョウ，手偏に大臣を意味する丞相のジョウ,ショウ,ジョウ,,,,すく（う）,たす（ける）,,
594F,拵,コシラエル，ソン,こしらえる，ソン,ソン,,,,,よ（る）,こしら（える）,,
5950,捐,ギエンキンノエン，テヘンニキヌイトノキヌノツクリ,義捐金のエン，手偏に絹糸のきぬの旁,エン,,,,,す（てる）,あた（える）,か（う）,
5951,挾,ハサム，キョウノキュウジ,キョウ，挟むの旧字,,,,,,,,,
5952,捍,カン，テヘンニヒデリヲイミスルカンバツノカン,カン，手偏に日照りを意味する旱魃のカン,カン,,,,,ふせ（ぐ）,まも（る）,,,
5953,搜,ソウサジョウノソウ，サガスノキュウジ,捜査状のソウ，捜すの旧字,,,,,,,,,,
5954,捏,ネツゾウスルノネツ，コネル,捏造するのネツ，こねる,ネツ,デツ,,,,こ（ねる）,つく（ねる）,こじつ（ける）,,
5955,掖,エキ，テヘンニヒルヨルノヨル,エキ，手偏に昼夜のよる,エキ,,,,,わきばさ（む）,わき,たす（ける）,,
5956,掎,キ，テヘンニキミョウナノキ,キ，手偏に奇妙なのキ,キ,,,,,ひ（く）,ひきと（める）,,,
5957,掀,キン，テヘンニキンキジャクヤクノキン,キン，手偏に欣喜雀躍のキン,キン,ケン,,,,あ（げる）,かか（げる）,もちあ（げる）,,
5958,掫,ソウ，テヘンニシュザイスルノシュ,ソウ，手偏に取材するのシュ,ソウ,シュ,シュウ,,,よまわ（り）,,,,
5959,捶,スイ，テヘンニスイチョクノスイ,スイ，手偏に垂直のスイ,スイ,,,,,う（つ）,むち,むちう（つ）,,
595A,掣,セイ，セイゲンスルノセイノシタニテ,セイ，制限するのセイの下に手,セイ,セツ,,,,ひ（く）,,,,
595B,掏,トウ，テヘンニトウゲイカノトウノツクリ,トウ，手偏に陶芸家のトウの旁,トウ,,,,,えら（ぶ）,す（る）,,,
595C,掉,チョウ，テヘンニタッキュウノタク,チョウ，手偏に卓球のタク,トウ,チョウ,,,,ふ（る）,ふる（う）,,,
595D,掟,オキテ，テヘンニサダメル,おきて，手偏に定める,ジョウ,テイ,,,,おきて,さだ（め）,,,
595E,掵,ハバ，テヘンニイノチ,はば，手偏に命,,,,,,,,,,
595F,捫,モン，テヘンニセンモンノモン,モン，手偏に専門のモン,ボン,モン,,,,な（でる）,と（る）,ひね（る）,ひねりつぶ（す）,
5960,捩,レイ，ネジル，テヘンニモドル,レイ，ねじる，手偏に戻る,レイ,レツ,,,,ばち,ねじ（る）,よじ（る）,もじ（る）,ねじ
5961,掾,エン，テヘンニエンガワノエンノキュウジノツクリ,エン，手偏に縁側のエンの旧字の旁,エン,,,,,たす（ける）,したやく,じょう,,
5962,揩,カイ，テヘンニミナサマノミナ,カイ，手偏に皆様ミナ,カイ,,,,,す（る）,こす（る）,ぬぐ（う）,,
5963,揀,カン，テヘンニサカナノニシンノツクリ,カン，手偏に魚の鰊の旁,カン,,,,,えら（ぶ）,わ（ける）,,,
5964,揆,ヒャクショウイッキノキ,百姓一揆のキ,キ,,,,,はか（る）,はかりごと,みち,やりかた,つかさ
5965,揣,シマオクソクノシ，テヘンニタンマツノタンノツクリ,揣摩憶測のシ，手偏に端末のタンの旁,シ,,,,,はか（る）,おしはか（る）,,,
5966,揉,モム，テヘンニジュウドウノジュウ,揉む，手偏に柔道のジュウ,ジュウ,,,,,も（む）,も（める）,いりま（じる）,た（める）,
5967,插,ソウニュウスルノソウ，サスノキュウジ,挿入するのソウ，さすの旧字,,,,,,,,,,
5968,揶,ヤユスルノヤ,揶揄するのヤ,ヤ,,,,,からか（う）,あざけ（る）,,,
5969,揄,ヤユスルノユ,揶揄するのユ,ユ,トウ,,,,ひきだ（す）,からか（う）,,,
596A,搖,ユレル，ドウヨウスルノヨウノキュウジ,揺れる，動揺するのヨウの旧字,,,,,,,,,,
596B,搴,ケン，サムイノシタニテンノカワリニテ,ケン，寒いの下二点の代わりに手,ケン,,,,,と（る）,かか（げる）,,,
596C,搆,コウ，テヘンニミゾノツクリ,コウ，手偏に溝の旁,コウ,,,,,ひ（く）,かま（える）,,,
596D,搓,サ，テヘンニサベツカスルノサ,サ，手偏に差別化するのサ,サ,,,,,よ（る）,も（む）,,,
596E,搦,カラメテノカラメ，テヘンニキョウジャクノジャク,搦め手の搦め，手偏に強弱のジャク,,,,,,,,,,
596F,搶,ソウ，テヘンニカマクラバクフノクラ,ソウ，手偏に鎌倉幕府のクラ,ショウ,ソウ,,,,つ（く）,あつ（まる）,かす（める）,,
5970,攝,セッセイスルノセイ，トルノキュウジ,摂生するのセイ，とるの旧字,,,,,,,,,,
5971,搗,モチツキノツキ,餅搗きのつき,トウ,,,,,つ（く）,か（つ）,う（つ）,たた（く）,か（てて）
5972,搨,トウ，テヘンニニチヨウビノニチノシタニハネ,トウ，手偏に日曜日の日の下に羽,,,,,,,,,,,,,,
5973,搏,ミャクハクノハク，テヘンニハクブツカンノハクノツクリ,脈搏のハク，手偏に博物館のハクの旁,ハク,,,,,う（つ）,と（る）,つか（まえる）,はばた（く）,,,,,
5974,摧,サイ，テヘンニモヨオシノツクリ,サイ，手偏に催しの旁,サイ,,,,,くだ（く）,くじ（く）,,,,,,,
5975,摯,シンシナタイドノシ，シツジノシツノシタニテ,真摯な態度のシ，執事のシツの下に手,シ,,,,,と（る）,にえ,まこと,あら（い）,,,,,
5976,摶,タン，テヘンニセンモンノセンノキュウジ,タン，手偏に専門のセンの旧字,タン,セン,,,,まる（い）,まる（める）,もっぱ（ら）,,,,,,
5977,摎,コウ，テヘンニニカワノツクリ,コウ，手偏に膠の旁,キュウ,コウ,,,,まつ（わる）,,,,,,,,
5978,攪,コウランスルノコウ，ミダス,攪乱するのコウ，みだす,,,,,,,,,,,,,,
5979,撕,シ，テヘンニシカイノケンイノシ,シ，手偏に斯界の権威のシ,セイ,シ,,,,いまし（める）,さ（く）,,,,,,,
597A,撓,フトウフクツノトウ，タワム,不撓不屈のトウ，たわむ,ドウ,コウ,トウ,,,たわ（む）,たわ（める）,た（める）,しな（う）,しわ（る）,いた（める）,みだ（れる）,くじ（ける）,しおり
597B,撥,ハネル，ハツ，テヘンニハツメイノハツノキュウジ,はねる，ハツ，手偏に発明のハツの旧字,ハチ,バチ,ハツ,,,は（ねる）,おさ（める）,かか（げる）,のぞ（く）,,,,,
597C,撩,リョウランノリョウ，テヘンニドウリョウノリョウノツクリ,撩乱のリョウ，手偏に同僚のリョウの旁,リョウ,,,,,おさ（める）,いど（む）,みだ（れる）,,,,,,
597D,撈,ギョロウノロウ，テヘンニロウドウノロウノキュウジ,漁撈のロウ，手偏に労働のロウの旧字,ロウ,,,,,と（る）,すくいと（る）,,,,,,,
597E,撼,シンカンサセルノカン，テヘンニカンソウブンノカン,震撼させるのカン，手偏に感想文のカン,カン,,,,,うご（かす）,ゆ（るがす）,ゆ（らぐ）,,,,,,
5A21,據,キョテンノキョノキュウジ,拠点のキョの旧字,,,,,,,,,,,,,,
5A22,擒,キン，テヘンニモウキンルイノキン,キン，手偏に猛禽類のキン,キン,,,,,とら（える）,とりこ,,,,,,,
5A23,擅,ドクセンジョウノセン，テヘンニダンカノダンノツクリ,独擅場のセン，手偏に檀家のダンの旁,セン,ゼン,,,,ほしいまま,ゆず（る）,,,,,,,
5A24,擇,センタクシノタクノキュウジ,選択肢のタクの旧字,,,,,,,,,
5A25,撻,ベンタツスルノタツ,鞭撻するのタツ,タツ,,,,,むちう（つ）,,,
5A26,擘,ヘキ，カベノツチノカワリニテ,ヘキ，壁の土の代わりに手,ハク,バク,,,,おやゆび,さ（く）,つんざ（く）,
5A27,擂,ライ，テヘンニカミナリ,ライ，手偏に雷,ライ,,,,,す（る）,すりつぶ（す）,みが（く）,う（つ）
5A28,擱,カクザスルノカク，テヘンニテンシュカクノカク,擱座するのカク，手偏に天守閣のカク,カク,,,,,お（く）,,,
5A29,擧,センキョノキョ，アゲルノキュウジ,選挙のキョ，挙げるの旧字,,,,,,,,,
5A2A,舉,センキョノキョ，アゲルノキュウジノイタイジ,選挙のキョ，挙げるの旧字の異体字,,,,,,,,,
5A2B,擠,セイ，テヘンニヘソノツクリ,セイ，手偏に臍の旁,サイ,セイ,,,,お（す）,おしの（ける）,おとしい（れる）,くじ（く）
5A2C,擡,タイトウスルノタイ，テヘンニダイドコロノダイノキュウジ,擡頭するのタイ，手偏に台所の台の旧字,タイ,ダイ,,,,もた（げる）,もちあ（げる）,,
5A2D,抬,タイ，テヘンニダイドコロノダイ,タイ，手偏に台所の台,タイ,ダイ,,,,もた（げる）,もちあ（げる）,,
5A2E,擣,トウ，テヘンニコトブキノキュウジ,トウ，手偏に寿の旧字,トウ,,,,,つ（く）,う（つ）,たた（く）,
5A2F,擯,ヒン，テヘンニライヒンノヒン,ヒン，手偏に来賓のヒン,ヒン,,,,,しりぞ（ける）,みちび（く）,,
5A30,攬,ラン，テヘンニハクランカイノランノキュウジ,ラン，手偏に博覧会のランの旧字,,,,,,,,,
5A31,擶,セン，テヘンニタケカンムリニマエ,セン，手偏に竹冠に前,,,,,,,,,
5A32,擴,カクダイスルノカクノキュウジ,拡大するのカクの旧字,,,,,,,,,
5A33,擲,トウテキキョウギノテキ，ナゲウツ,投擲競技のテキ，なげうつ,テキ,チャク,,,,なげう（つ）,す（てる）,ふ（るう）,なぐ（る）
5A34,擺,ハイ，テヘンニヒメンスルノヒ,ハイ，手偏に罷免するのヒ,ハイ,,,,,ひら（く）,ふ（るう）,,,,
5A35,攀,ガンペキヲトウハンスルノハン,岸壁を登攀するのハン,ハン,,,,,ひ（く）,よ（じる）,すが（る）,,,
5A36,擽,リャク，テヘンニオンガクノガクノキュウジ,リャク，手偏に音楽のガクの旧字,リャク,ラク,レキ,,,う（つ）,はら（う）,くすぐ（る）,,,
5A37,攘,ソンノウジョウイノジョウ，ハラウ,尊皇攘夷のジョウ，はらう,ジョウ,,,,,はら（う）,ゆず（る）,ぬす（む）,みだ（れる）,,
5A38,攜,ケイタイスルノケイ，タズサエルノイタイジ,携帯するのケイ，たずさえるの異体字,,,,,,,,,,,
5A39,攅,サン，アツメル，テヘンニサンセイスルノサン,サン，集める，手偏に賛成するのサン,サン,,,,,あつ（まる）,あつ（める）,むら（がる）,,,
5A3A,攤,タン，テヘンニコンナンナノナンノキュウジ,タン，手偏に困難なのナンの旧字,タン,,,,,ひら（く）,わりあ（てる）,ゆる（やか）,,,
5A3B,攣,ケイレンヲオコスノレン,痙攣を起こすのレン,レン,,,,,つ（る）,ひきつ（る）,か（かる）,つな（がる）,かが（まる）,した（う）
5A3C,攫,イッカクセンキンノカク，ツカム,一攫千金のカク，つかむ,カク,,,,,つか（む）,さら（う）,かすめと（る）,,,
5A3D,攴,ボク，ブシュノトマタ,ボク，部首のとまた,,,,,,,,,,,
5A3E,攵,ボク，ブシュノノブン，ハイボクスルノハイノツクリ,ボク，部首ののぶん，敗北するのハイの旁,,,,,,,,,,,
5A3F,攷,コウ，ギコウテキナノコウノツクリノミギニノブン,コウ，技巧的なのコウの旁の右にのぶん,,,,,,,,,,,
5A40,收,シュウニュウノシュウノキュウジ,収入のシュウの旧字,,,,,,,,,,,
5A41,攸,ユウ，ニンベンニタテボウニノブン,ユウ，人偏に縦棒にのぶん,,,,,,,,,,,
5A42,畋,テン，スイデンノデンニノブン,テン，水田のデンにのぶん,テン,デン,,,,か（り）,か（る）,たがや（す）,,,
5A43,效,コウカテキナノコウノキュウジ,効果的なのコウの旧字,,,,,,,,,,,
5A44,敖,ゴウ，ゴウマンナノゴウノツクリ,ゴウ，傲慢なのゴウの旁,ゴウ,,,,,あそ（ぶ）,なま（ける）,かまびす（しい）,おご（る）
5A45,敕,チョクメイノチョクノキュウジ,勅命のチョクの旧字,,,,,,,,,
5A46,敍,ジジョデンノジョノキュウジ,自叙伝のジョの旧字,,,,,,,,,
5A47,敘,ジジョデンノジョノイタイジ,自叙伝のジョの異体字,,,,,,,,,
5A48,敞,カイグンコウショウノショウタレナシ,海軍工廠のショウの垂れなし,ショウ,,,,,たか（い）,ひろ（い）,,
5A49,敝,ヘイイハボウノヘイ，ニジュウアシナシ,敝衣破帽のヘイ，二重足なし,ヘイ,,,,,やぶ（れる）,やぶ（る）,おとろ（える）,つか（れる）
5A4A,敲,スイコウヲカサネルノコウ，タタク,推敲を重ねるのコウ，たたく,コウ,,,,,たた（く）,むちう（つ）,むち,たた（き）
5A4B,數,サンスウノスウノキュウジ,算数のスウの旧字,,,,,,,,,
5A4C,斂,イッテンニシュウレンスルノレン,一点に収斂するのレン,レン,,,,,おさ（める）,あつ（める）,ひきし（める）,ほぼ
5A4D,斃,ノタレジニヲイミスルヘイシノヘイ,野垂れ死にを意味する斃死のヘイ,ヘイ,,,,,たお（れる）,し（ぬ）,ほろ（びる）,
5A4E,變,ヘンカスルノヘン，カエルノキュウジ,変化するのヘン，変えるの旧字,,,,,,,,,
5A4F,斛,ヨウリョウノタンイノコク，ツノヘンニタンイノト,容量の単位の斛，角偏に単位の斗,コク,,,,,ます,ますめ,,
5A50,斟,シンシャクスルノシン，クム,斟酌するのシン，くむ,シン,,,,,く（む）,おしはか（る）,おもいや（る）,
5A51,斫,シャク，イシヘンニパンイッキンノキン,シャク，石偏にパン一斤のキン,シャク,,,,,き（る）,,,
5A52,斷,ダンネンスルノダンノキュウジ,断念するのダンの旧字,,,,,,,,,
5A53,旃,セン，ホウヘンニセンダンノキノセンノツクリ,セン，方偏に栴檀の木のセンの旁,セン,,,,,はた,けおりもの,,
5A54,旆,オオキナハタヲイミスルタイハイノハイ,大きな旗を意味する大旆のハイ,ハイ,,,,,はた,,,,,
5A55,旁,ホウ，カンジノブシュノツクリ,ホウ，漢字の部首の旁,ホウ,ボウ,,,,かたわ（ら）,あまね（し）,ひろ（い）,よ（る）,つくり,かたがた
5A56,旄,ケデツクッタハタカザリノボウ,毛で作った旗飾りのボウ,ボウ,モウ,,,,はた,はたかざ（り）,からうし,としよ（り）,,
5A57,旌,ハタジルシヲイミスルセイ,旗印を意味するセイ,ショウ,セイ,,,,はた,あらわ（す）,ほ（める）,,,
5A58,旒,ハタヲカゾエルタンイノリュウ,旗を数える単位のリュウ,リュウ,,,,,はたあし,たまかざ（り）,なが（れ）,,,
5A59,旛,ハタガヒルガエルサマノハン,旗が翻る様のハン,ハン,バン,,,,はた,,,,,
5A5A,旙,ハタガヒルガエルサマノハンノイタイジ,旗が翻る様のハンの異体字,,,,,,,,,,,
5A5B,无,ム，ナイ，テンキヨホウノテンノヨンカクメヲオツニスル,ム，ない，天気予報のテンの四画目を乙にする,,,,,,,,,,,
5A5C,旡,キ，ツマル，キトクケンノキ，スデニノツクリ,キ，つまる，既得権のキ，すでにの旁,,,,,,,,,,,
5A5D,旱,カンバツノカン，ヒデリ,旱魃のカン，ひでり,カン,,,,,ひでり,かわ（く）,,,,
5A5E,杲,コウ，アキラカ，ニチヨウビノニチノシタニジュモクノモク,コウ，あきらか，日曜日のニチの下に樹木のモク,コウ,,,,,あき（らか）,たか（い）,,,,
5A5F,昊,コウ，ニチヨウビノニチノシタニテンキヨホウノテン,コウ，日曜日のニチの下に天気予報のテン,コウ,,,,,そら,おおぞら,,,,
5A60,昃,ソク，ニチヨウビノニチノシタニソクブンスルノソク,ソク，日曜日のニチの下に仄聞するのソク,ショク,ソク,,,,かたむ（く）,ひるす（ぎ）,,,,
5A61,旻,ビン，アキゾラ，ニチヨウビノニチノシタニサクブンノブン,ビン，あきぞら，日曜日のニチの下に作文のブン,ビン,ミン,,,,そら,あきぞら,,,,
5A62,杳,ヨウトシテシレナイノヨウ，ヨウビノモクノシタニニチ,杳として知れないのヨウ，曜日の木の下に日,ヨウ,,,,,くら（い）,おくぶか（い）,はる（か）,,,
5A63,昵,ジッコンノアイダガラノジツ，ニチヘンニアマデラノアマ,昵懇の間柄のジツ，日偏に尼寺のあま,ジツ,,,,,なじ（む）,ちか（づく）,な（れる）,,,
5A64,昶,チョウ，エイキュウノエイノミギニニチヨウビノニチ,チョウ，永久のエイの右に日曜日のニチ,チョウ,,,,,ひさ（しい）,の（びる）,
5A65,昴,スバル,すばる,ボウ,,,,,すばる,,
5A66,昜,ヨウ，タイヨウケイノヨウノツクリ,ヨウ，太陽系のヨウの旁,ヨウ,,,,,ひら（く）,あ（がる）,あたた（かい）
5A67,晏,アン，ニチヨウビノニチノシタニアンシンノアン,アン，日曜日のニチの下に安心のアン,アン,,,,,おそ（い）,やす（らか）,
5A68,晄,コウ，ニチヘンニヒカリ,コウ，日偏に光,,,,,,,,
5A69,晉,チュウゴクノコクメイノシン，ススムノキュウジ,中国の国名の晋，すすむの旧字,,,,,,,,
5A6A,晁,チョウ，ニチヨウビノニチノシタニイッチョウエンノチョウ,チョウ，日曜日のニチの下に一兆円のチョウ,チョウ,,,,,あさ,よあ（け）,
5A6B,晞,キ，ニチヘンニキボウノキ,キ，日偏に希望のキ,キ,,,,,かわ（く）,ほ（す）,さら（す）
5A6C,晝,ヒルヤスミノヒル，チュウノキュウジ,昼休みのひる，チュウの旧字,,,,,,,,
5A6D,晤,ゴ，ニチヘンニタゴサクノゴ,ゴ，日偏に田吾作のゴ,ゴ,,,,,あき（らか）,あ（う）,うちと（ける）
5A6E,晧,コウ，ヒヘンニツゲル,コウ，日偏に告げる,コウ,,,,,しろ（い）,あき（らか）,
5A6F,晨,シン，ニチヨウビノニチノシタニジュウニシノタツ,シン，日曜日のニチの下に十二支のたつ,シン,,,,,あした,よあ（け）,とき
5A70,晟,セイ，ニチヨウビノニチノシタニセイチョウスルノセイ,セイ，日曜日のニチの下に成長するのセイ,,,,,,,,
5A71,晢,セツ，コッセツスルノセツノシタニニチヨウビノニチ,セツ，骨折するのセツの下に日曜日のニチ,セツ,セイ,,,,あき（らか）,かしこ（い）,
5A72,晰,ズノウメイセキノセキ,頭脳明晰のセキ,セキ,,,,,あき（らか）,,
5A73,暃,ニチヨウビノニチノシタニヒジョウグチノヒ,日曜日のニチの下に非常口のヒ,,,,,,,,
5A74,暈,メマイヲイミスルゲンウンノウン,めまいを意味する眩暈のウン,ウン,,,,,かさ,ぼか（し）,めまい,くら（む）,ぼか（す）,ぼ（ける）,くま
5A75,暎,エイ，ニチヘンニエイユウノエイ,エイ，日偏に英雄のエイ,,,,,,,,,,,,
5A76,暉,キ，ニチヘンニグンタイノグン,キ，日偏に軍隊のグン,キ,,,,,かがや（く）,あき（らか）,ひかり,ひか（る）,,,
5A77,暄,ケン，ニチヘンニセンデンノセン,ケン，日偏に宣伝のセン,ケン,,,,,あたた（かい）,,,,,,
5A78,暘,ヨウ，ニチヘンニタイヨウケイノヨウノツクリ,ヨウ，日偏に太陽系のヨウの旁,ヨウ,,,,,ひので,あき（らか）,,,,,
5A79,暝,メイ，ニチヘンニメイフクヲイノルノメイ,メイ，日偏に冥福を祈るのメイ,ミョウ,メイ,,,,くら（い）,かす（か）,く（れる）,,,,
5A7A,曁,キ，キトクケンノキノシタニガンタンノタン,キ，既得権のキにの下に元旦のタン,キ,,,,,およ（ぶ）,いた（る）,いさ（ましい）,,,,
5A7B,暹,セン，シンポノシンノウエニニチヨウビノニチ,セン，進歩のシンの上に日曜日のニチ,セン,,,,,ひので,,,,,,
5A7C,曉,アカツキノキュウジ,暁の旧字,,,,,,,,,,,,
5A7D,暾,トン，ニチヘンニチュウゴクノトンコウノトン,トン，日偏に中国の敦煌のトン,トン,,,,,あさひ,,,,,,
5A7E,暼,ヘツ，イチベツスルノベツノメノカワリニヨウビノニチ,ヘツ，一瞥するのベツの目の代わりに曜日の日,,,,,,,,,,,,
5B21,曄,ヨウ，ニチヘンニチュウカナベノカ,ヨウ，日偏に中華鍋のカ,ヨウ,,,,,かがや（く）,あき（らか）,さか（ん）,いなずま,,,
5B22,暸,リョウ，メイリョウナノリョウノメノカワリニヨウビノニチ,リョウ，明瞭なのリョウの目の代わりに曜日の日,,,,,,,,,,,,
5B23,曖,アイマイナノアイ,曖昧なのアイ,アイ,,,,,くら（い）,おお（う）,かげ（る）,,,,
5B24,曚,ボウ，ニチヘンニケイモウスルノモウ,ボウ，日偏に啓蒙するのモウ,ボウ,モウ,,,,くら（い）,ほのぐら（い）,,,,,
5B25,曠,コウヤノコウ，ニチヘンニヒロイノキュウジ,曠野のコウ，日偏に広いの旧字,コウ,,,,,あき（らか）,ひろ（い）,むな（しい）,,,,
5B26,昿,コウ，ニチヘンニヒロイ,コウ，日偏に広い,コウ,,,,,あき（らか）,ひろ（い）,むな（しい）,
5B27,曦,ギ，ウツクシイタイヨウヲイミスルニチヘンノギ,ギ，美しい太陽を意味する日偏のギ,キ,ギ,,,,ひ,ひかり,,
5B28,曩,ノウ，ヨウビノニチノシタニユズルノキュウジノツクリ,ノウ，曜日の日の下に譲の旧字の旁,ドウ,ノウ,,,,さき,さき（に）,ひさ（しい）,
5B29,曰,イワクツキノイワク,曰く付きのいわく,エツ,,,,,いわ（く）,のたま（わく）,い（う）,
5B2A,曵,フネヲエイコウスルノエイノイタイジ,船を曳航するのエイの異体字,,,,,,,,,
5B2B,曷,カツ、カッショクノカツノツクリ,カツ，褐色のカツの旁,カツ,,,,,なに,なん（ぞ）,いずく（んぞ）,いつ
5B2C,朏,ヒ、ミカヅキ、ツキヘンニデル,ヒ，みかづき，月偏に出る,ヒ,,,,,みかづき,,,
5B2D,朖,ロウドクノロウノイタイジ、ツキヘンニカイリョウスルノリョウ,朗読のロウの異体字，月偏に改良するのリョウ,,,,,,,,,
5B2E,朞,キ、キホンノキノツチノカワリニツキ,キ，基本のキの土の代わりに月,,,,,,,,,
5B2F,朦,モウロウトスルノモウ,朦朧とするのモウ,ボウ,モウ,,,,おぼろ,,,
5B30,朧,モウロウトスルノロウ,朦朧とするのロウ,ロウ,,,,,おぼろ,,,
5B31,霸,セイハスルノハノキュウジ,制覇するのハの旧字,,,,,,,,,
5B32,朮,ジュツ、ジュツゴノジュツノツクリ,ジュツ，述語のジュツの旁,シュツ,ジュツ,チュツ,,,もちあわ,おけら,うけら,
5B33,朿,シ、トゲ、シゲキスルノシノヒダリガワ,シ，とげ，刺激するのシの左側,シ,,,,,とげ,のぎ,いが,
5B34,朶,ミミタブヲイミスルジダノダ,耳たぶを意味する耳朶のダ,タ,ダ,,,,しだ（れる）,えだ,ひとふさ,うご（かす）
5B35,杁,イリ、キヘンニハイル,いり，木偏に入る,,,,,,,,,
5B36,朸,ロク、キヘンニチカラ,ロク，木偏に力,リキ,リョク,ロク,,,もくめ,おうご,てんびんぼう,,
5B37,朷,トウ、キヘンニカタナ,トウ，木偏に刀,,,,,,,,,,
5B38,杆,カン、キヘンニホス,カン，木偏に干す,カン,,,,,てこ,てこぼう,てすり,たて,
5B39,杞,キユウニオワルノキ,杞憂に終わるのキ,キ,コ,,,,くこ,おうち,かわりやなぎ,こりやなぎ,
5B3A,杠,コウ、キヘンニズガコウサクノコウ,コウ，木偏に図画工作のコウ,コウ,,,,,はたざお,ちぎ,ちきり,,
5B3B,杙,ヨク、キヘンニダイヒョウノダイノツクリ,ヨク，木偏に代表のダイの旁,ヨク,,,,,くい,,,,
5B3C,杣,ソマ、キヘンニヤマ,そま，木偏に山,,,,,,そま,,,,
5B3D,杤,トチギケンノトチノイタイジ、キヘンニマンネンヒツノマン,栃木県のとちの異体字，木偏に万年筆のマン,,,,,,,,,,
5B3E,枉,オウ、マガル、キヘンニオウサマノオウ,オウ，まがる，木偏に王様のオウ,,,,,,,,,,
5B3F,杰,ゴウケツノケツノイタイジ，モクザイノモクノシタニレンガ,豪傑のケツの異体字，木材のモクの下にれんが,,,,,,,,,,
5B40,枩,マツノキノマツノイタイジ,松の木のマツの異体字,,,,,,,,,,
5B41,杼,ジョ、キヘンニヨテイノヨ,ジョ，木偏に予定のヨ,チョ,ジョ,,,,ひ,とち,どんぐり,,
5B42,杪,ビョウ、コズエ、キヘンニスクナイ,ビョウ，こずえ，木偏に少ない,ビョウ,,,,,こずえ,すえ,お（わり）,ちい（さい）,ほそ（い）
5B43,枌,フン、キヘンニハンブンノブン,フン，木偏に半分のブン,フン,,,,,にれ,そぎ,,,
5B44,枋,ホウ、キヘンニセイホウケイノホウ,ホウ，木偏に正方形のホウ,ホウ,ヘイ,,,,まゆみ,いかだ,え,,
5B45,枦,ハゼノキノハゼノイタイジ，キヘンニトジマリノト,櫨の木のハゼの異体字，木偏に戸締まりのト,,,,,,,,,,
5B46,枡,マス、キヘンニイッショウビンノショウ,ます，木偏に一升瓶のショウ,,,,,,ます,,,
5B47,枅,ケイ，キヘンニセイホウケイノケイノヒダリガワ,ケイ，木偏に正方形のケイの左側,,,,,,,,,
5B48,枷,カ，キヘンニカソクドノカ,カ，木偏に加速度のカ,カ,,,,,からさお,くびかせ,かせ,
5B49,柯,カ，キヘンニカノウセイノカ,カ，木偏に可能性のカ,カ,,,,,え,えだ,くき,
5B4A,枴,カイ，キヘンニユウカイハンノカイノツクリ,カイ，木偏に誘拐犯のカイの旁,カイ,,,,,つえ,,,
5B4B,柬,カン，イサメルノツクリ,カン，諫めるの旁,カン,,,,,えら（ぶ）,えりわ（ける）,てがみ,なふだ
5B4C,枳,カラタチ，キヘンニタダイマノタダ,からたち，木偏に只今のタダ,キ,シ,,,,からたち,,,
5B4D,柩,ヒツギ，レイキュウシャノキュウ,ヒツギ，霊柩車のキュウ,キュウ,,,,,ひつぎ,,,
5B4E,枸,ク，キヘンニハイクノク,ク，木偏に俳句のク,ク,コウ,,,,くこ,からたち,ま（がる）,
5B4F,柤,サ，キヘンニナオカツノカツ,サ，木偏に尚且つのかつ,サ,,,,,てすり,,,
5B50,柞,サク，キヘンニサクブンノサクノツクリ,サク，木偏に作文のサクの旁,サク,,,,,ははそ,,,
5B51,柝,タク，キヘンニハイセキウンドウノセキ,タク，木偏に排斥運動のセキ,タク,,,,,ひょうしぎき,,,
5B52,柢,テイ，キヘンニヒクイノツクリ,テイ，木偏に低いの旁,テイ,,,,,ね,ねもと,もとづ（く）,
5B53,柮,トツ，キヘンニガイシュツスルノトツ,トツ，木偏に外出するのシュツ,トツ,,,,,きれはし　,たきぎ,,
5B54,枹,フ，キヘンニヒョウガフルノヒョウノシタガワ,フ，木偏に雹が降るのヒョウの下側,ホウ,フ,,,,なら,ばち,,
5B55,柎,フ，キヘンニフロクノフ,フ，木偏に付録のフ,フ,ブ,,,,うてな,つ（ける）,いかだ,
5B56,柆,ロウ，キヘンニドクリツノリツ,ロウ，木偏に独立のリツ,,,,,,,,,,
5B57,柧,コ，キヘンニウリ,コ，木偏に瓜,,,,,,,,,,
5B58,檜,ショクブツノヒノキ，キヘンニカイシャノカイノキュウジ,植物のひのき，木偏に会社のカイの旧字,,,,,,,,,,
5B59,栞,シオリヲハサムノシオリ,栞を挟むのしおり,カン,,,,,しおり,,,,
5B5A,框,アガリカマチノカマチ,上がり框のかまち,キョウ,,,,,かまち,わく,,,
5B5B,栩,ク，キヘンニウモウノウ,ク，木偏に羽毛のウ,ク,,,,,くぬぎ,,,,
5B5C,桀,ケツ，ゴウケツノケツノツクリ,ケツ，豪傑のケツの旁,ケツ,,,,,すぐ（れる）,ひい（でる）,あら（い）,わるがし（こい）,はりつけ
5B5D,桍,コ，キヘンニハカマノツクリ,コ，木偏に袴の旁,,,,,,,,,,
5B5E,栲,コウ，キヘンニサンコウショノコウ,コウ，木偏に参考書のコウ,コウ,ゴウ,,,,たえ,ぬるで,,,
5B5F,桎,シッコクトナルノシツ，アシカセ，キヘンニゲシノシ,桎梏となる，あしかせ，木偏に夏至のシ,シツ,,,,,あしかせ,,,,
5B60,梳,ソ，クシケズル，キヘンニナガレルノツクリ,ソ，くしけずる，木偏に流れるの旁,ショ,ソ,,,,くし,くしけず（る）,す（く）,と（く）,
5B61,栫,ソン，キヘンニソンザイスルノソン,ソン，木偏に存在するのソン,セン,ソン,,,,ふさ（ぐ）,たてしば,,,
5B62,桙,ウ，ホコ，キヘンニシャカムニノム,ウ，ほこ，釈迦牟尼のム,ウ,ボウ,,,,ほこ,,,,
5B63,档,トウ，キヘンニベントウノトウ,トウ，木偏に弁当のトウ,,,,,,,,,,
5B64,桷,カク，キヘンニツノ,カク，木偏に角,カク,,,,,たるき,,,,
5B65,桿,カン、キヘンニホスノイタイジ,カン，木偏に干すの異体字,,,,,,,,,,
5B66,梟,フクロウ,ふくろう,キョウ,,,,,ふくろう,さら（す）,つよ（い）
5B67,梏,シッコクトナルノコク，テカセ,桎梏となるのコク，てかせ,コク,,,,,てかせ,しば（る）,みだ（す）
5B68,梭,サ，キヘンニシュンビンサノシュンノツクリ,サ，木偏に俊敏さのシュンの旁,,,,,,,,
5B69,梔,ショクブツノクチナシ,植物のくちなし,シ,,,,,くちなし,,
5B6A,條,ジョウケンノジョウノキュウジ,条件のジョウの旧字,,,,,,,,
5B6B,梛,ダ，キヘンニワカダンナノナ,ダ，木偏に若旦那のナ,ダ,ナ,,,,なぎ,,
5B6C,梃,テコイレノテコ，テイ,梃子入れのてこ，テイ,テイ,ショウ,,,,つえ,てこ,
5B6D,檮,トウ，キヘンニコトブキノキュウジ,トウ，木偏に寿の旧字,,,,,,,,
5B6E,梹,ショクブツノビンロウジュノビンノイタイジ，キヘンニヘイタイノヘイ,植物の檳_樹のビンの異体字，木偏に兵隊のヘイ,,,,,,,,
5B6F,桴,フ，キヘンニツメノシタニコドモノコ,フ，木偏に爪の下に子供のコ,フ,,,,,むなぎ,ばち,いかだ
5B70,梵,ボンジノボン,梵字のボン,ボン,,,,,,,
5B71,梠,リョ，キヘンニオフロノロ,リョ，木偏にお風呂のロ,リョ,ロ,,,,のき,ひさし,
5B72,梺,フモト，ハヤシノシタニウエシタノシタ,ふもと，林の下に上下のした,,,,,,ふもと,,
5B73,椏,ア，キヘンニアネッタイノアノキュウジ,ア，木偏に亜熱帯のアの旧字,ア,,,,,きのまま,,
5B74,梍,ソウ，キヘンニシロクロノシロニカンスウジノナナ,ソウ，木偏に白黒のしろに漢数字の七,,,,,,,,
5B75,桾,クン，キヘンニショクンノクン,クン，木偏に諸君のクン,,,,,,,,
5B76,椁,カク，キヘンニキョウラクテキナノキョウ,カク，木偏に享楽的なのキョウ,カク,,,,,ひつぎ,うわひつぎ,,
5B77,棊,キ，ショウギヲサスノギノイタイジ,キ，将棋を指すのギの異体字,,,,,,,,,
5B78,椈,キク，キヘンニキクノハナノキクノクサカンムリナシ,キク，木偏に菊の花のキクの草冠なし,キク,,,,,かしわ,ぶな,,
5B79,棘,トゲ，キョクヒドウブツノキョク,とげ，棘皮動物のキョク,キョク,,,,,いばら,とげ,ほこ,おどろ
5B7A,椢,カイ，キヘンニコクゴノコク,カイ，木偏に国語のコク,,,,,,,,,
5B7B,椦,ケン，キヘンニジョウシャケンノケンノカタナノカワリニチカラ,ケン，木偏に乗車券のケンの刀の代わりに力,,,,,,,,,
5B7C,棡,コウ，キヘンニオカヤマケンノオカ,コウ，木偏に岡山県のおか,,,,,,,,,
5B7D,椌,コウ，キヘンニクウキノクウ,コウ，木偏に空気のクウ,,,,,,,,,
5B7E,棍,コンボウノコン，キヘンニコンチュウノコン,棍棒のコン，木偏に昆虫のコン,コン,,,,,つえ,ぼう,わるもの,ならずもの
5C21,棔,コン，キヘンニコンスイジョウタイノコン,コン，木偏に昏睡状態のコン,,,,,,,,,
5C22,棧,サンバシノサンノキュウジ,桟橋のサンの旧字,,,,,,,,,
5C23,棕,シュロノキノシュ,棕櫚の木のシュ,シュ,ソウ,,,,えだ,,,
5C24,椶,シュロノキノシュノイタイジ,棕櫚の木のシュの異体字,シュ,ソウ,,,,えだ,,,
5C25,椒,サンショウウオノショウ,山椒魚のショウ,ショウ,,,,,はじかみ,かぐわ（しい）,みね,いただき
5C26,椄,ショウ，キヘンニメカケ,ショウ，木偏に妾,ショウ,セツ,,,,つ（ぐ）,,,
5C27,棗,ショクブツノナツメ,植物のなつめ,ソウ,,,,,なつめ,,,
5C28,棣,テイ，キヘンニレイヅクリ,テイ，木偏に隷旁,テイ,タイ,ダイ,,,にわざくら,にわうめ,
5C29,椥,チ，キヘンニチシキノチ,チ，木偏に知識のチ,,,,,,,,
5C2A,棹,トウ，サオ，キヘンニタッキュウノタク,トウ，さお，木偏に卓球のタク,タク,トウ,,,,さお,さおさ（す）,
5C2B,棠,トウ，コッカイギジドウノドウノツチノカワリニモクザイノモク,トウ，国会議事堂のドウの土の代わりに木材のモク,トウ,ドウ,,,,からなし,やまなし,こりんご
5C2C,棯,ジン，キヘンニザンネンノネン,ジン，木偏に残念のネン,,,,,,,,
5C2D,椨,タブノキ，キヘンニトドウフケンノフ,たぶのき，木偏に都道府県のフ,,,,,,,,
5C2E,椪,ショクブツノポンカンノポン，キヘンニナラブ,植物の椪柑のポン，木偏に並ぶ,,,,,,,,
5C2F,椚,ショクブツノクヌギ，キヘンニセンモンノモン,植物のくぬぎ，木偏に専門のモン,,,,,,くぬぎ,,
5C30,椣,ショクブツノシデ，キヘンニコクゴジテンノテン,植物のしで，木偏に国語辞典のテン,,,,,,,,
5C31,椡,ショクブツノクヌギ，キヘンニトウチャクノトウ,植物のくぬぎ，木偏に到着のトウ,,,,,,,,
5C32,棆,リン，キヘンニリンリテキナノリン,リン，木偏に倫理的なのリン,,,,,,,,
5C33,楹,エイ，キヘンニミチル，エイ,エイ，木偏にみちる，エイ,エイ,,,,,はしら,,
5C34,楷,カイショタイノカイ,楷書体のカイ,カイ,,,,,のり,のっと（る）,
5C35,楜,コ，キヘンニクロコショウノコ,コ，木偏に黒胡椒のコ,,,,,,,,
5C36,楸,シュウ，キヘンニキセツノアキ,シュウ，木偏に季節のアキ,シュウ,,,,,ひさぎ,ごばん,
5C37,楫,シュウ，キヘンニクチノシタニミミ,シュウ，木偏に口の下に耳,シュウ,ショウ,,,,かじ,かい,こ（ぐ）
5C38,楔,クサビガタモジノクサビ，セツ,楔形文字のくさび，セツ,ケツ,セツ,,,,くさび,ほうだて,,
5C39,楾,ハンゾウ，キヘンニイズミ,はんぞう，木偏に泉,,,,,,,,,
5C3A,楮,ショクブツノコウゾ,植物のこうぞ,チョ,,,,,こうぞ,かみ,さつ,
5C3B,椹,チン，キヘンニハナハダシイ,チン，木偏に甚だしい,チン,ジン,,,,あてぎ,くわのみ,さわら,
5C3C,楴,テイ，キヘンニテイオウノテイ,テイ，木偏に帝王のテイ,,,,,,,,,
5C3D,椽,テン，キヘンニエンガワノエンノキュウジタイノツクリ,テン，木偏に縁側のエンの旧字体の旁,テン,,,,,たるぎ,,,
5C3E,楙,ボウ，ハヤシノアイダニムジュンノム,ボウ，林の間に矛盾のム,,,,,,,,,
5C3F,椰,ヤシノキノヤ,椰子の木のヤ,ヤ,,,,,やし,,,
5C40,楡,ニレノキノニレ,楡の木のニレ,ユ,,,,,にれ,,,
5C41,楞,ロウ，キヘンニアミガシラニオヤカタノカタ,ロウ，木偏に網頭に親方のかた,リョウ,ロウ,,,,かど,すみ,きび（しい）,かどば（る）
5C42,楝,レン，キヘンニイサメルノツクリ,レン，木偏に諫めるの旁,レン,,,,,おうち,,,
5C43,榁,ムロノキノムロ，キヘンニムロマチノムロ,むろの木のむろ，木偏に室町のむろ,,,,,,むろ,,,
5C44,楪,チョウ，キヘンニシャベルノツクリ,チョウ，木偏に喋るの旁,,,,,,,,,
5C45,榲,オツ，キヘンニオンセンノオンノキュウジタイノツクリ,オツ，木偏に温泉のオンの旧字体の旁,,,,,,,,,
5C46,榮,エイヨウノエイ，サカエルノキュウジ,栄養のエイ，栄えるの旧字,,,,,,,,,
5C47,槐,カイ，ショクブツノエンジュ,カイ，植物のえんじゅ,カイ,,,,,えんじゅ,,,
5C48,榿,キ，キヘンニヨロイノツクリ,キ，木偏に鎧の旁,,,,,,,,,,,,,
5C49,槁,コウ，キヘンニタカイヒクイノタカイ,コウ，木偏に高い低いの高い,コウ,,,,,か（れる）,か（らす）,かれき,かわ（く）,かわ（かす）,,,
5C4A,槓,コウ，キヘンニミツグ,コウ，木偏に貢ぐ,コウ,,,,,てこ,てこぼう,,,,,,
5C4B,榾,コツ，キヘンニホネ,コツ，木偏に骨,コツ,,,,,ほた,ほだ,,,,,,
5C4C,槎,サ，キヘンニサベツカスルノサ,サ，木偏に差別化するの差,サ,,,,,いかだ,き（る）,,,,,,
5C4D,寨,サイ，サムイノシタニテンノカワリニモクザイノモク,サイ，寒いの下二点の代わりに木材のモク,サイ,,,,,まがき,とりで,,,,,,
5C4E,槊,サク，ハッサクノサクノシタニモクザイノモク,サク，八朔のサクの下に木材のモク,サク,,,,,ほこ,すごろく,,,,,,
5C4F,槝,カシノキノカシ，キヘンニシマグニノシマ,かしの木のかし，木偏に島国のしま,,,,,,,,,,,,,
5C50,榻,トウ，キヘンニヨウビノニチノシタニハネ,トウ，木偏に曜日のニチの下に羽,トウ,,,,,こしかけ,ねだい,ゆか,しじ,,,,
5C51,槃,ネハンノハン,涅槃のハン,ハン,バン,,,,たらい,たの（しむ）,めぐ（る）,たちもとお（る）,,,,
5C52,榧,カヤノキノカヤ,かやの木のかや,ヒ,,,,,かや,,,,,,,
5C53,樮,ホクソ，キヘンニニシノシタニカヨウビノカ,ほくそ，木偏に西の下に火曜日のカ,,,,,,,,,,,,,
5C54,榑,フ，キヘンニハクブツカンノハクノキュウジノツクリ,フ，木偏に博物館のハクの旧字の旁,フ,,,,,くれ,,,,,,,
5C55,榠,メイ，キヘンニメイフクヲイノルノメイ,メイ，木偏に冥福を祈るのメイ,,,,,,,,,,,,,
5C56,榜,ヒョウボウスルノボウ,標榜するのボウ,ボウ,,,,,ゆだめ,むちう（つ）,ふだ,たてふだ,かか（げる）,しめ（す）,かじ,こ（ぐ）
5C57,榕,ヨウ，キヘンニヨウセキノヨウ,ヨウ，木偏に容積のヨウ,ヨウ,,,,,あこう,,,,,,,
5C58,榴,リュウ，ザクロ，キヘンニリュウガクスルノリュウ,リュウ，ざくろ，木偏に留学するのリュウ,リュウ,,,,,ざくろ,,,,
5C59,槞,ロウ，キヘンニキョウリュウノリュウ,ロウ，木偏に恐竜のリュウ,,,,,,,,,,
5C5A,槨,カク，キヘンニリンカクノカク,カク，木偏に輪郭のカク,,,,,,,,,,
5C5B,樂,オンガクノガク，タノシイノキュウジ,音楽のガク，楽しいの旧字,,,,,,,,,,
5C5C,樛,キュウ，キヘンニニカワノツクリ,キュウ，手偏に膠の旁,キュウ,,,,,ま（がる）,めぐ（る）,まつ（わる）,つが,とが
5C5D,槿,キン，ショクブツノムクゲ,キン，植物のむくげ,キン,,,,,むくげ,もくげ,,,
5C5E,權,ケンリノケンノキュウジ,権利のケンの旧字,,,,,,,,,,
5C5F,槹,コウ，キヘンニサツキノイチモジメ,コウ，木偏に皐月の一文字目,,,,,,,,,,
5C60,槲,コク，キヘンニツノニホクトシチセイノト,コク，木偏に角に北斗七星のト,コク,,,,,かしわ,,,,
5C61,槧,ザン，ザンシンナノザンノシタニモクザイノモク,ザン，斬新なのザンの下に木材のモク,サン,ザン,セン,,,ふだ,かきもの,はんぎ,,
5C62,樅,モミノキノモキ,もみの木のもみ,ショウ,,,,,もみ,つ（く）,う（つ）,,
5C63,榱,スイ，キヘンニオトロエル,スイ，木偏に衰える,,,,,,,,,,
5C64,樞,チュウスウノスウノキュウジ,中枢のスウの旧字,,,,,,,,,,
5C65,槭,シュク，キヘンニトオイシンセキノセキ,シュク，木偏に遠い親戚のセキ,セキ,シュク,,,,かえで,か（れる）,,,
5C66,樔,ソウ，キヘンニハチノスノス,ソウ，木偏に蜂の巣のス,ショウ,ソウ,,,,すく（う）,すくいあみ,す,た（える）,とだ（える）
5C67,槫,セン，キヘンニセンモンノセンノキュウジ,セン，木偏に専門のセンの旧字,,,,,,,,,,
5C68,樊,トリカゴノイミノハンロウノハン,鳥かごの意味の樊籠のハン,ハン,,,,,まがき,かご,とりかご,みだ（れる）,
5C69,樒,ミツ，キヘンニヒミツノミツ,ミツ，木偏に秘密のミツ,ビツ,ミツ,,,,じんこう,しきみ,,,
5C6A,櫁,ミツ，キヘンニハチミツノミツ,ミツ，木偏に蜂蜜のミツ,ビツ,ミツ,,,,じんこう,しきみ,,,
5C6B,樣,カミサマノサマ，ヨウノキュウジ,神様のさま，ヨウの旧字,,,,,,,,,,
5C6C,樓,マテンロウノロウノキュウジ,摩天楼のロウの旧字,,,,,,,,,,
5C6D,橄,カンランサンノカン，キヘンニユウカンナノカン,橄欖山のカン，木偏に勇敢なのカン,カン,,,,,,,,,
5C6E,樌,カン，キヘンニイッカンスルノカン,カン，木偏に一貫するのカン,,,,,,,,,,
5C6F,橲,ジサ，キヘンニキゲキノキ,じさ，木偏に喜劇のキ,,,,,,,,,,
5C70,樶,サイ，キヘンニサイダイサイショウノサイ,サイ，木偏に最大最小のサイ,,,,,,,,,,
5C71,橸,マサ，キヘンニスイショウダマノショウ,まさ，木偏に水晶玉のショウ,,,,,,,,,,
5C72,橇,セイ，ノリモノノソリ,セイ，乗り物のそり,キョウ,セイ,ゼイ,,,そり,かんじき,,,
5C73,橢,ダエンケイノダノキュウジ,楕円形のダの旧字,,,,,,,,,,
5C74,橙,トウ，ショクブツノダイダイ,トウ，植物の橙,トウ,,,,,だいだい,つくえ,こしかけ,,
5C75,橦,トウ，キヘンニワラベ,トウ，木偏に童,トウ,ショウ,,,,つ（く）,う（つ）,はたざお,,
5C76,橈,ドウ，タワム，トウコツノトウ,ドウ，たわむ，橈骨のトウ,ドウ,ジョウ,ニョウ,,,たわ（む）,ま（げる）,くじ（く）,かじ,かい
5C77,樸,ボク，キヘンニイチニンショウノボクノツクリ,ボク，木偏に一人称の僕の旁,ハク,ボク,,,,あらき,きじ,ありのまま,すなお,
5C78,樢,チョウ，キヘンニヤキトリノトリ,チョウ，木偏に焼き鳥のとり,,,,,,,,,
5C79,檐,エン，サンタンタルノタンノツクリ,エン，惨憺たるのタンの旁,エン,タン,,,,ひさし,のき,,
5C7A,檍,ヨク，キヘンニイミガナイノイ,ヨク，木偏に意味がないのイ,,,,,,,,,
5C7B,檠,ケイ，ソンケイスルノケイノシタニモクザイノモク,ケイ，尊敬するのケイの下に木材のモク,ケイ,,,,,ゆだめ,た（める）,ともしびたて,ともしび
5C7C,檄,ゲキヲトバスノゲキ,檄を飛ばすのゲキ,ケキ,ゲキ,,,,ふれぶみ,まわしぶみ,,
5C7D,檢,ケンサスルノケンノキュウジ,検査するのケンの旧字,,,,,,,,,
5C7E,檣,ショウ，ホバシラ,ショウ，ほばしら,ショウ,,,,,ほばしら,,,
5D21,檗,オウバクシュウノバク，カベノツチノカワリニショクブツノキ,黄檗宗のバク，壁の土の代わりに木材のモク,ハク,,,,,きはだ,きわだ,,
5D22,蘗,オウバクシュウノバクノイタイジ,黄檗宗のバクの異体字,ハク,,,,,きはだ,きわだ,,
5D23,檻,セッカンスルノカン，オリ,折檻するのカン，おり,カン,,,,,おり,いたがこ（い）,てすり,
5D24,櫃,オヒツノヒツ,お櫃のヒツ,キ,,,,,ひつ,はこ,,
5D25,櫂,トウ，フネヲコグカイ,トウ，船を漕ぐ櫂,トウ,,,,,かじ,かい,こ（ぐ）,
5D26,檸,ネイ，レモンノイチモジメ,ネイ，檸檬の一文字目,ネイ,ドウ,,,,,,,
5D27,檳,ショクブツノビンロウジュノビン,植物の檳榔樹のビン,ヒン,ビン,,,,,,,
5D28,檬,モウ，レモンノニモジメ,モウ，檸檬の二文字目,モウ,ボウ,,,,,,,
5D29,櫞,クエンサンノエン，キヘンニエンガワノエンノキュウジ,枸櫞酸のエン，木偏に縁側のエンの旧字,,,,,,,,,
5D2A,櫑,ライ，キヘンニスイデンノデンガミッツ,ライ，木偏に水田のデンが三つ,,,,,,,,,
5D2B,櫟,クヌギ，レキ，キヘンニオンガクカノガクノキュウジ,くぬぎ，レキ，木偏に音楽家のガクの旧字,レキ,ロウ,,,,くぬぎ,いちい,こす（る）,
5D2C,檪,クヌギ，レキ，キヘンニオンガクカノガク,くぬぎ，レキ，木偏に音楽家のガク,レキ,ロウ,,,,くぬぎ,いちい,こす（る）,
5D2D,櫚,シュロノキノロ,棕櫚の木のロ,リョ,ロ,,,,かりん,,,
5D2E,櫪,レキ，キヘンニレキシカノレキノキュウジタイ,レキ，木偏に歴史家のレキの旧字体,レキ,,,,,かいばおけ,うまや,くぬぎ,
5D2F,櫻,サクラノキュウジ,桜の旧字,,,,,,,,,
5D30,欅,ケヤキ，キヘンニセンキョケンノキョノキュウジ,けやき，木偏に選挙権のキョの旧字,キョ,,,,,けやき,,,
5D31,蘖,ゲツ，ヒコバエ,ゲツ，ひこばえ,ゲツ,,,,,ひこばえ,,,
5D32,櫺,レイ，キヘンニアメカンムリニクチミッツ,レイ，木偏に雨冠に口三つ,リョウ,レイ,,,,れんじ,てすり,のき,
5D33,欒,イッカダンランノラン,一家団欒のラン,ラン,,,,,おうち,うでぎ,まど（か）,まる（い）
5D34,欖,カンランサンノラン，キヘンニハクランカイノランノキュウジ,橄欖山のラン，木偏に博覧会のランの旧字,ラン,,,,,,,,
5D35,鬱,ユウウツナノウツ,憂鬱なのウツ,,,,,,,,,
5D36,欟,カン，キヘンニカンキャクノカンノキュウジ,カン，木偏に観客のカンの旧字,,,,,,,,,
5D37,欸,アイ，アイサツノアイノツクリニフカケツノケツ,アイ，挨拶のアイの旁に不可欠のケツ,アイ,,,,,ああ,ええ,そう,
5D38,欷,キ，キボウノキニフカケツノケツ,キ，希望のキに不可欠のケツ,キ,,,,,なげ（く）,すすりな（く）,,
5D39,盜,トウナンノトウ，ヌスムノキュウジ,盗難のトウ，ぬすむの旧字,,,,,,,,,
5D3A,欹,キ，キミョウナノキニフカケツノケツ,キ，奇妙なのキに不可欠のケツ,イ,キ,,,,ああ,そばだ（てる）,かたむ（ける）,,
5D3B,飮,インリョウスイノイン，ノムノキュウジ,飲料水のイン，飲むの旧字,,,,,,,,,,
5D3C,歇,カンケツセンノケツ，カッショクノカツノツクリニフカケツノケツ,間歇泉のケツ，褐色のカツの旁に不可欠のケツ,ケツ,カグ,,,,やす（む）,や（める）,や（む）,つ（きる）,か（れる）
5D3D,歃,ソウ，ソウニュウクノソウノキュウジノツクリニフカケツノケツ,ソウ，挿入句のソウの旧字の旁に不可欠のケツ,,,,,,,,,,
5D3E,歉,ケン，カネルニフカケツノケツ,ケン，兼ねるに不可欠のケツ,ケン,,,,,すく（ない）,あきた（りない）,,,
5D3F,歐,オウベイノオウノキュウジ,欧米のオウの旧字,,,,,,,,,,
5D40,歙,キュウ，ゴウカクノゴウノシタニウモウノウ，ソノミギニフカケツノケツ,キュウ，合格のゴウの下に羽毛のウ，その右に不可欠のケツ,キュウ,キョウ,,,,あわ（せる）,おびや（かす）,おそ（れる）,すぼ（める）,
5D41,歔,キョ，キョエイシンノキョノキュウジニフカケツノケツ,キョ，虚栄心のキョの旧字に不可欠のケツ,キョ,,,,,すすりな（く）,,,,
5D42,歛,カン，ケンサスルノケンノキュウジノツクリニフカケツノケツ,カン，検査するのケンの旧字の旁に不可欠のケツ,カン,,,,,のぞ（む）,ねが（う）,あた（える）,,
5D43,歟,ヨ，アタエルノキュウジニフカケツノケツ,ヨ，与えるの旧字に不可欠のケツ,ヨ,,,,,か,や,,,
5D44,歡,カンゲイスルノカンノキュウジ,歓迎するのカンの旧字,,,,,,,,,,
5D45,歸,キタクスルノキ，カエルノキュウジ,帰宅するのキ，帰るの旧字,,,,,,,,,,
5D46,歹,ガツ，ブシュノカバネヘン,ガツ，部首の歹（かばね）偏,,,,,,,,,,
5D47,歿,ボツ，カバネヘンニチンボツノボツノキュウジノツクリ,ボツ，歹偏に沈没のボツの旧字の旁,ボツ,,,,,し（ぬ）,お（わる）,,,
5D48,殀,ヨウ，カバネヘンニヨウカイヘンゲノヨウノツクリ,ヨウ，歹偏に妖怪変化のヨウの旁,ヨウ,,,,,わかじに,,,,
5D49,殄,テン，カバネヘンニシンサツスルノシンノツクリ,テン，歹偏に診察するのシンのつくり,テン,,,,,つ（きる）,つ（くす）,た（つ）,ことごと（く）,
5D4A,殃,オウ，カバネヘンニチュウオウノオウ,オウ，歹偏に中央のオウ,オウ,,,,,わざわ（い）,,,,,,
5D4B,殍,ヒョウ，カバネヘンニツメノシタニコドモノコ,ヒョウ，歹偏に爪の下に子供の子,ヒョウ,フ,,,,うえじに,うえじに（する）,か（れる）,,,,
5D4C,殘,ザンネンノザン，ノコルノキュウジ,残念のザン，残るの旧字,,,,,,,,,,,,
5D4D,殕,ホウ，カバネヘンニバイリツノバイノツクリ,ホウ，歹偏に倍率のバイの旁,,,,,,,,,,,,
5D4E,殞,イン，カバネヘンニガッキュウイインノイン,イン，歹偏に学級委員のイン,イン,,,,,し（ぬ）,お（ちる）,お（とす）,,,,
5D4F,殤,ショウ，カバネヘンニキリキズノツクリ,ショウ，歹偏に切り傷の旁,ショウ,,,,,わかじに,,,,,,
5D50,殪,エイ，カバネヘンニケイヤクショニツカウスウジイチノキュウジ,エイ，歹編に契約書に使う数字壱の旧字,エイ,,,,,たお（れる）,たお（す）,ころ（す）,し（ぬ）,うず（める）,,
5D51,殫,タン，カバネヘンニタンジュンノタンノキュウジ,タン，歹偏に単純のタンの旧字,タン,,,,,つ（きる）,つ（くす）,ことごと（く）,あまね（く）,,,
5D52,殯,ヒン，モガリ，カバネヘンニライヒンノヒン,ヒン，もがり，歹偏に来賓のヒン,ヒン,,,,,かりもがり,かりもがり（する）,ほうむ（る）,,,,
5D53,殲,テキヲセンメツスルノセン,敵を殲滅するのセン,セン,,,,,つ（くす）,ほろ（ぼす）,,,,,
5D54,殱,テキヲセンメツスルノセンノイタイジ,敵を殲滅するのセンの異体字,セン,,,,,つ（くす）,ほろ（ぼす）,,,,,
5D55,殳,シュ，ブシュノルマタ,シュ，部首のるまた,,,,,,,,,,,,
5D56,殷,チュウゴクノオウチョウノイン,中国の王朝のイン,イン,アン,,,,さか（ん）,おお（い）,ゆた（か）,ねんご（ろ）,なりひび（く）,にぎ（やか）,あか（い）
5D57,殼,カイガラノカラ，カクノキュウジ,貝殻のから，カクの旧字,,,,,,,,,,,,
5D58,毆,オウダスルノオウ，ナグルノキュウジ,殴打するのオウ，殴るの旧字,,,,,,,,,,,,
5D59,毋,ブ，ナカレ，マイニチノマイノシタガワ,ブ，なかれ，毎日のマイの下側,,,,,,,,,,,,
5D5A,毓,イク，マイニチノマイニナガレルノツクリ,イク，毎日のマイに流れるの旁,,,,,,,,,,
5D5B,毟,ムシル，スクナイノシタニウモウノモウ,むしる，少ないの下に羽毛のモウ,,,,,,むし（る）,,,,
5D5C,毬,マリ，ウモウノモウノミギニモトメル,まり，羽毛のモウの右に求める,キュウ,,,,,まり,いが,,,
5D5D,毫,キゴウスルノゴウ,揮毫するのゴウ,ゴウ,,,,,ほそげ,すこ（し）,わず（か）,ふで,
5D5E,毳,セイ，ウモウノモウガミッツ,セイ，羽毛のモウが三つ,セイ,ゼイ,,,,むくげ,にこげ,けば,やわ（らかい）,そり
5D5F,毯,ジュウタンノタン，ウモウノモウニホノオ,絨毯のタン，羽毛のモウに炎,タン,,,,,けむしろ,もうせん,,,
5D60,麾,イエヤスキカノキ，マスイノマノシタニウモウノモウ,家康麾下のキ，麻酔のマの下に羽毛のモウ,,,,,,,,,,
5D61,氈,モウセンゴケノセン,毛氈苔のセン,セン,,,,,けむしろ,もうせん,,,
5D62,氓,ボウ，ボウメイスルノボウノミギニコクミンノミン,ボウ，亡命するのボウの右に国民のミン,ボウ,モウ,,,,たみ,,,,
5D63,气,キ，ブシュノキガマエ,キ，部首の気構え,,,,,,,,,,
5D64,氛,フン，キガマエニハンブンノブン,フン，気構えに半分のブン,フン,,,,,き,わざわ（い）,,,
5D65,氤,イン，キガマエニインガオウホウノイン,イン，気構えに因果応報のイン,,,,,,,,,,
5D66,氣,クウキノキノキュウジ,空気のキの旧字,,,,,,,,,,
5D67,汞,コウ，ズガコウサクノコウノシタニミズ,コウ，図画工作のコウの下に水,コウ,,,,,みずがね,,,,
5D68,汕,サン，サンズイニヤマ,サン，三水に山,サン,,,,,すく（う）,あみ,,,
5D69,汢,ヌタ，サンズイニツチ,ぬた，三水に土,,,,,,,,,,
5D6A,汪,オウ，サンズイニオウサマノオウ,オウ，三水に王様のオウ,,,,,,,,
5D6B,沂,ギ，サンズイニショクパンイッキンノキン,ギ，三水に食パン1斤のキン,ギ,ギン,キ,,,ふち,ほとり,
5D6C,沍,ゴ，サンズイニタガイ,ゴ，三水に互い,コ,ゴ,,,,か（れる）,こお（る）,
5D6D,沚,シ，サンズイニキンシスルノシ,シ，三水に禁止するのシ,シ,,,,,なぎさ,みぎわ,なかす
5D6E,沁,シン，シミル，サンズイニココロ,シン，シミル，三水に心,シン,,,,,し（みる）,ひた（す）,
5D6F,沛,ハイゼンタルアメのハイ,沛然たる雨のハイ,ハイ,,,,,さわ,たお（れる）,
5D70,汾,フン，サンズイニハンブンノブン,フン，三水に半分のブン,,,,,,,,
5D71,汨,ベキラノベキ，サンズイニヨウビノニチ,汨羅のベキ，三水に曜日のニチ,ベキ,コツ,,,,しず（む）,,
5D72,汳,ハン，サンズイニハンタイスルノハン,ハン，三水に反対するのハン,,,,,,,,
5D73,沒,チンボツスルノボツノキュウジ,沈没するのボツの旧字,,,,,,,,
5D74,沐,モクヨクスルノモク,沐浴するのモク,ボク,モク,,,,あら（う）,うるお（う）,
5D75,泄,ハイセツブツノセツ,排泄物のセツ,セツ,エイ,,,,も（れる）,も（らす）,な（れる）
5D76,泱,オウ，サンズイニチュウオウノオウ,オウ，三水に中央のオウ,,,,,,,,
5D77,泓,オウ，サンズイニコウボウタイシノコウ,オウ，三水に弘法大師のコウ,オウ,,,,,ふか（い）,きよ（い）,ふち
5D78,沽,コケンニカカワルノコ，サンズイニチュウコヒンノコ,沽券に関わるのコ，三水に中古品のコ,コ,,,,,う（る）,か（う）,ねうち
5D79,泗,シ，サンズイニカンスウジノヨン,シ，三水に漢数字の四,シ,,,,,はなじる,なみだ,
5D7A,泅,シュウ，サンズイニシュウジンフクノシュウ,シュウ，三水に囚人服のシュウ,シュウ,,,,,およ（ぐ）,う（かぶ）,,,,
5D7B,泝,ソ，サンズイニハイセキウンドウノセキ,ソ，三水に排斥運動のセキ,ソ,,,,,さかのぼ（る）,,,,,
5D7C,沮,イキソソウノソ，サンズイニソシスルノソノツクリ,意気沮喪のソ，三水に阻止するのソの旁,ショ,ソ,,,,はば（む）,ふせ（ぐ）,くじ（ける）,ひる（む）,も（れる）,さわ
5D7D,沱,ダ，サンズイニブッダノダノツクリ,ダ，三水に仏陀のダの旁,,,,,,,,,,,
5D7E,沾,テン，サンズイニドクセンスルノセン,テン，三水に独占するのセン,テン,セン,チョウ,,,うるお（う）,うるお（す）,,,,
5.00E+21,沺,テン，サンズイニスイデンノデン,テン，三水に水田のデン,,,,,,,,,,,
5.00E+22,泛,ハン，サンズイニビンボウノボウ,ハン，三水に貧乏のボウ,ハン,ホウ,,,,う（かぶ）,う（かべる）,ひろ（い）,あまね（く）,くつがえ（す）,
5.00E+23,泯,ビン，サンズイニコクミンノミン,ビン，三水に国民のミン,ビン,ベン,ミン,メン,,ほろ（びる）,つ（きる）,くら（む）,,,
5.00E+24,泙,ヘイ，サンズイニヘイワノヘイ,ヘイ，三水に平和のヘイ,,,,,,,,,,,
5.00E+25,泪,ナミダノイタイジ，サンズイニモクテキノモク,涙の異体字，三水に目的のモク,ルイ,,,,,なみだ,,,,,
5.00E+26,洟,ハナミズ，イ，サンズイニジョウイノイ,はなみず，イ，三水に攘夷のイ,イ,テイ,,,,はな,はなじる,なみだ,,,
5.00E+27,衍,フエンスルノエン,敷衍するのエン,,,,,,,,,,,
5.00E+28,洶,キョウ，サンズイニムネガイタムノムネノツクリ,キョウ，三水に胸が痛むのむねの旁,キョウ,,,,,わ（く）,さわ（ぐ）,,,,
5.00E+29,洫,キョク，サンズイニケツエキノケツ,キョク，三水に血液のケツ,キョク,ケキ,,,,みぞ,ほり,,,,
5E2A,洽,コウ，サンズイニゴウカクノゴウ,コウ，三水に合格のゴウ,コウ,,,,,うるお（す）,うるお（う）,あまね（し）,,,
5E2B,洸,コウ，サンズイニヒカリ,コウ，三水に光,コウ,,,,,ほの（か）,かす（か）,,,,
5E2C,洙,シュ，サンズイニシュイロノシュ,シュ，三水に朱色のシュ,,,,,,,,,,,,
5E2D,洵,シュン，サンズイニゲジュンノジュン,シュン，三水に下旬のジュン,シュン,ジュン,,,,まこと,まこと（に）,,,,,
5E2E,洳,ジョ，サンズイニトツジョノジョ,ジョ，三水に突如のジョ,,,,,,,,,,,,
5E2F,洒,オシャレノシャ，サンズイニニシ,お洒落のシャ，三水に西,サイ,シャ,セイ,セン,ソン,あら（う）,そそ（ぐ）,すす（ぐ）,つつし（む）,,,
5.00E+30,洌,セイレツナイズミノレツ，サンズイニギョウレツノレツ,清冽な泉のレツ，三水に行列のレツ,レツ,,,,,きよ（い）,さむ（い）,,,,,
5.00E+31,浣,カンチョウスルノカン，サンズイニカンリョウスルノカン,浣腸するのカン，三水に完了するのカン,カン,,,,,あら（う）,すす（ぐ）,,,,,
5.00E+32,涓,ケン，サンズイニキヌイトノキヌノツクリ,ケン，三水に絹糸のきぬの旁,ケン,,,,,ちい（さい）,しずく,わず（か）,きよ（める）,,,
5.00E+33,浤,コウ，サンズイニウカンムリニカタカナノナトム,コウ，三水にウ冠に片仮名のナとム,,,,,,,,,,,,
5.00E+34,浚,シュセツスルノシュン,浚渫するのシュン,シュン,,,,,さら（う）,ふか（い）,,,,,
5.00E+35,浹,ショウ，サンズイニセマイノキュウジノツクリ,ショウ，三水に狭いの旧字の旁,ショウ,,,,,あまね（し）,めぐ（る）,とお（る）,うるお（す）,うるお（う）,,
5.00E+36,浙,セッコウショウノセツ，サンズイニコッセツスルノセツノツクリ,浙江省のショウ，三水に骨折するのセツ,セツ,,,,,,,,,,,
5.00E+37,涎,スイゼンノマトノゼン，ヨダレ,垂涎の的のゼン，よだれ,セン,ゼン,エン,,,よだれ,,,,,,
5.00E+38,涕,テイ，ナミダ，サンズイニオトウト,テイ，なみだ，三水に弟,テイ,,,,,なみだ,な（く）,,,,,
5.00E+39,濤,ドトウノトウ，ナミ,怒濤のトウ，なみ,,,,,,,,,,,,
5E3A,涅,ネハンノネ,涅槃のネ,デツ,ネツ,ネ,,,くろつち,くろ,そ（める）,くろ（い）,くろ（める）,,
5E3B,淹,エン，サンズイニアマミオオシマノイチモジメ,エン，三水に奄美大島の一文字目,エン,,,,,ひた（す）,つ（ける）,ひさ（しい）,とど（まる）,ふか（い）,ひろ（い）,い（れる）
5E3C,渕,フチノイタイジ，サンズイニハナガサクノサクノツクリニリットウ,淵の異体字，三水に花が咲くのさくの旁に立刀,,,,,,,,,
5E3D,渊,フチノイタイジ，タテボウニホンノナカニコメ,淵の異体字，縦棒二本の中に米,,,,,,,,,
5E3E,涵,トクヲカンヨウスルノカン,徳を涵養するのカン,カン,,,,,ひた（す）,うるお（す）,い（れる）,もち（いる）
5E3F,淇,キ，サンズイニキホンノキカラツチヲトッタカタチ,キ，三水に基本のキから土をとった形,,,,,,,,,
5.00E+40,淦,カン，サンズイニキンヨウビノキン,カン，三水に金曜日のキン,,,,,,,,,
5.00E+41,涸,カレル，サンズイニカタマル,かれる，三水に固まる,コ,,,,,か（れる）,つ（きる）,から（びる）,
5.00E+42,淆,ギョクセキコンコウノコウ,玉石混淆のコウ,コウ,,,,,ま（じる）,にご（る）,みだ（す）,
5.00E+43,淬,サイ，サンズイニソツギョウノソツ,サイ，三水に卒業のソツ,サイ,,,,,にら（ぐ）,つと（める）,はげ（む）,
5.00E+44,淞,ショウ，サンズイニマツノキノマツ,ショウ，三水に松の木のマツ,,,,,,,,,
5.00E+45,淌,ショウ，サンズイニオショウサンノショウ,ショウ，三水に和尚さんのショウ,ショウ,トウ,,,,おおなみ,なが（れる）,,
5.00E+46,淨,ジョウスイキノジョウノキュウジ,浄水器のジョウの旧字,,,,,,,,,
5.00E+47,淒,セイ，サンズイニツマオットノツマ,セイ，三水に妻夫のつま,セイ,,,,,すご（い）,すさま（じい）,さむ（い）,ものさび（しい）
5.00E+48,淅,セキ，サンズイニブンセキスルノセキ,セキ，三水に分析するのセキ,セキ,,,,,よな（げる）,かしよね,,
5.00E+49,淺,アサイノキュウジ,浅いの旧字,,,,,,,,,
5E4A,淙,ソウ，サンズイニシュウキョウカイカクノシュウ,ソウ，三水に宗教改革のシュウ,ソウ,,,,,そそ（ぐ）,,,
5E4B,淤,オケツノオ，トドコオル,淤血のオ，とどこおる,オ,ヨ,,,,どろ,おり,ふさ（がる）,
5E4C,淕,リク，サンズイニリクジョウノリクノツクリ,リク，三水に陸上のリクの旁,,,,,,,,,,
5E4D,淪,リン，サンズイニケツロンノロンノツクリ,リン，三水に結論のロンの旁,リン,ロン,,,,しず（む）,ほろ（ぶ）,おちぶ（れる）,まじりあ（う）,
5E4E,淮,ワイガノワイ，サンズイニフルトリ,淮河のワイ，三水に隹,,,,,,,,,,
5E4F,渭,イスイノイ，サンズイニイブクロノイ,渭水のスイ，三水に胃袋のイ,イ,,,,,,,,,
5.00E+50,湮,ショウコインメツノイン，サンズイニケムリノツクリ,証拠湮滅のイン，三水に煙の旁,イン,,,,,しず（む）,ほろ（びる）,ふさ（ぐ）,,
5.00E+51,渮,カ，サンズイニイラツク,カ，三水に苛つく,,,,,,,,,,
5.00E+52,渙,タイショウカンパツノカン，サンズイニカンキセンノカンノツクリ,大詔渙発のカン，三水に換気扇のカンの旁,カン,,,,,ち（る）,と（ける）,あき（らか）,,
5.00E+53,湲,エン，サンズイニオウエンスルノエンノツクリ,エン，三水に応援するのエンの旁,エン,カン,,,,,,,,
5.00E+54,湟,コウ，サンズイニコウタイシノコウ,コウ，三水に皇太子のコウ,,,,,,,,,,
5.00E+55,渾,コンシンノチカラノコン，サンズイニグンタイノグン,渾身の力のコン，三水に軍隊のグン,コン,,,,,ま（じる）,にご（る）,す（べる）,すべ（て）,
5.00E+56,渣,サ，サンズイニケンサノサ,サ，三水に検査のサ,サ,,,,,おり,かす,,,
5.00E+57,湫,シュウ，サンズイニアキマツリノアキ,シュウ，三水に秋祭りのアキ,シュウ,ショウ,,,,ひく（い）,せま（い）,とどこお（る）,みずたま（り）,くて
5.00E+58,渫,シュンセツスルノセツ,浚渫するのセツ,セツ,チョウ,,,,さら（う）,けが（す）,も（らす）,あなど（る）,
5.00E+59,湶,セン，サンズイニオンセンノセン,セン，三水に温泉のセン,,,,,,,,,,
5E5A,湍,タン，サンズイニタンマツノタンノツクリ,タン，三水に端末のタンの旁,タン,,,,,はやせ,はや（い）,たぎ（る）,,
5E5B,渟,テイ，サンズイニテイシュカンパクノテイ,テイ，三水に亭主関白のテイ,テイ,,,,,とど（まる）,た（まる）,と（める）,,
5E5C,湃,ハイ，サンズイニオガムノキュウジ,ハイ，三水に拝むの旧字,ハイ,,,,,,,
5E5D,渺,ビョウ，サンズイニモクテキノモクニスクナイ,ビョウ，三水に目的のモクに少ない,ビョウ,,,,,はる（か）,かす（か）,
5E5E,湎,チンメンスルノメン，サンズイニジメンノメン,沈湎するのメン，三水に地面のメン,ベン,メン,,,,おぼ（れる）,しず（む）,
5E5F,渤,ボッカイワンノボツ,渤海湾のボツ,,,,,,,,
5.00E+60,滿,マンゾクノマンノキュウジ,満足のマンの旧字,,,,,,,,
5.00E+61,渝,ユ，サンズイニニレノキノニレノツクリ,ユ，三水に楡の木のにれの旁,ユ,,,,,か（わる）,か（える）,あふ（れる）
5.00E+62,游,ユウ，アソブノシンニョウノカワリニサンズイ,ユウ，遊ぶのしんにょうの代わりに三水,ユウ,,,,,およ（ぐ）,あそ（ぶ）,すさ（ぶ）
5.00E+63,溂,ハツラツノラツ，サンズイニシゲキスルノシ,溌溂のラツ，三水に刺激するのシ,ラツ,,,,,,,
5.00E+64,溪,ケイリュウヅリノケイノキュウジ,渓流釣りのケイの旧字,,,,,,,,
5.00E+65,溘,コウ，サンズイニキョネンノキョニサラ,コウ，三水に去年のキョに皿,コウ,,,,,たちま（ち）,にわ（か）,
5.00E+66,滉,コウ，サンズイニホロバシャノホロノツクリ,コウ，三水に幌馬車のホロの旁,コウ,,,,,ひろ（い）,,
5.00E+67,溷,コン，サンズイニクニガマエノナカニブタノツクリ,コン，三水に国構えの中に豚の旁,コン,,,,,にご（る）,みだ（れる）,かわや
5.00E+68,滓,ザンシノシ，サンズイニウカンムリニカライ,残滓のシ，三水にウ冠に辛い,サイ,シ,,,,おり,かす,よご（れ）
5.00E+69,溽,ジョク，サンズイニブジョクノジョク,ジョク，三水に侮辱のジョク,ジョク,,,,,むしあつ（い）,,
5E6A,溯,ソジョウスルノソ，サンズイニハッサクノサク,遡上するのソ，三水に八朔のサク,,,,,,,,
5E6B,滄,ソウ，サンズイニカマクラバクフノクラ,ソウ，三水に鎌倉幕府のくら,ソウ,,,,,さむ（い）,あお（い）,あおうなばら
5E6C,溲,ソウ，サンズイニサンバソウノソウ,ソウ，三水に三番叟のソウ,シュウ,シュ,ソウ,,,ひた（す）,そそ（ぐ）,ゆばり,いばり
5E6D,滔,ミズガトウトウトナガレルノトウ,水がとうとうと流れるのトウ,トウ,,,,,はびこ（る）,うご（く）,あつ（まる）,
5E6E,滕,トウ，フジノハナノフジノクサカンムリナシ,トウ，藤の花のふじの草冠なし,トウ,,,,,わ（く）,わきあ（がる）,,
5E6F,溏,トウ，サンズイニケントウシノトウ,トウ，三水に遣唐使のトウ,トウ,,,,,いけ,どろ,,
5.00E+70,溥,シンコクコウテイノフギノフ,清国皇帝の溥儀のフ,フ,,,,,あまね（し）,ひろ（い）,おお（きい）,し（く）
5.00E+71,滂,ボウ，サンズイニロボウノボウノツクリ,ボウ，三水に路傍のボウの旁,ホウ,ボウ,,,,,,,
5.00E+72,溟,メイ，サンズイニメイフクヲイノルノメイ,メイ，三水に冥福を祈るのメイ,メイ,,,,,くら（い）,うすぐら（い）,うみ,おおうなばら
5.00E+73,潁,エイ，カタカナノヒノシタニミズ，ソノミギニページ,エイ，片仮名のヒの下に水，その右に頁,,,,,,,,,
5.00E+74,漑,カンガイヨウスイノガイ,灌漑用水のガイ,,,,,,,,,
5.00E+75,灌,カンガイヨウスイノカン,灌漑用水のカン,,,,,,,,,
5.00E+76,滬,コ，サンズイニバッコスルノコ,コ，三水に跋扈するのコ,コ,,,,,えり,あじろ,,
5.00E+77,滸,スイコデンノコ,水滸伝のコ,コ,,,,,ほとり,みぎわ,,
5.00E+78,滾,タギル，コン,滾る，コン,コン,,,,,たぎ（る）,,,
5.00E+79,漿,ショウ，ショウグンノショウノキュウジノシタニミズ,ショウ，将軍のショウの旧字の下に水,ショウ,,,,,しる,のみもの,おもゆ,
5E7A,滲,シン，ニジム，サンズイニサンカスルノサンノキュウジ,シン，にじむ，三水に参加するのサンの旧字,シン,,,,,にじ（む）,し（みる）,,
5E7B,漱,ナツメソウセキノソウ，ススグ,夏目漱石のソウ，すすぐ,ソウ,,,,,すす（ぐ）,くちすす（ぐ）,うがい,
5E7C,滯,ジュウタイスルノタイ，トドコオルノキュウジ,渋滞するのタイ，滞るの旧字,,,,,,,,
5E7D,漲,チョウ，ミナギル,チョウ，みなぎる,,,,,,,,
5E7E,滌,テキ，サンズイニジョウケンノジョウノキュウジ,テキ，三水に条件のジョウの旧字,デキ,ジョウ,,,,あら（う）,すす（ぐ）,
5F21,漾,ヨウ，サンズイニカミサマノカミノキュウジノツクリ,ヨウ，三水に神様のかみの旧字の旁,ヨウ,,,,,ただよ（う）,,
5F22,漓,ボッコンリンリノリ，サンズイニリリクノリノヒダリガワ,墨痕淋漓のリ，三水に離陸の離の左側,リ,,,,,したた（る）,なが（れる）,
5F23,滷,ロ，サンズイニロカクヒンノロ,ロ，三水に鹵獲品のロ,ロ,,,,,しおから（い）,にがり,
5F24,澆,ギョウ，サンズイニギョウシュンノギョウノキュウジ,ギョウ，三水に尭舜のギョウの旧字,ギョウ,,,,,そそ（ぐ）,うす（い）,かるがる（しい）
5F25,潺,サン，サンズイニシカバネノシタニコドモノコミッツ,サン，三水に尸の下に子供のコ三つ,サン,セン,,,,,,
5F26,潸,サン，サンズイニハヤシノシタニツキ,サン，三水に林の下に月,サン,,,,,,,
5F27,澁,ジュウタイスルノジュウ，シブイノキュウジ,渋滞するのジュウ，しぶいの旧字,,,,,,,,
5F28,澀,ジュウタイスルノジュウ，シブイノノキュウジノイタイジ,渋滞するのジュウ，しぶいの旧字の異体字,,,,,,,,
5F29,潯,ジン，サンズイニジンジョウショウガッコウノジン,ジン，三水に尋常小学校のジン,ジン,,,,,ふち,ほとり,みぎわ
5F2A,潛,センスイカンノセン，モグルノキュウジ,潜水艦のセン，もぐるの旧字,,,,,,,,
5F2B,濳,センスイカンノセン，モグルノイタイジ,潜水艦のセン，もぐるの異体字,,,,,,,,
5F2C,潭,タン，サンズイニニシノシタニハヤオキノハヤイ,タン，三水に西の下に早起きの早い,タン,シン,,,,ふち,ふか（い）,みぎわ
5F2D,澂,ミズガスムノスムノイタイジ,水が澄むのすむの異体字,,,,,,,,
5F2E,潼,トウ，サンズイニグリムドウワノドウ,トウ，三水にグリム童話のドウ,,,,,,,,,
5F2F,潘,ハン，サンズイニバンゴウノバン,ハン，三水に番号のバン,ハン,,,,,しろみず,うずまき,,
5F30,澎,ホウ，サンズイニツヅミノヒダリガワニサンヅクリ,ホウ，三水に鼓の左側に彡旁,ホウ,,,,,,,,
5F31,澑,リュウインガサガルノリュウ，タマリノイタイジ,溜飲が下がるのリュウ，たまりの異体字,,,,,,,,,
5F32,濂,レン，サンズイニレンカバンノレン,レン，三水に廉価版のレン,,,,,,,,,
5F33,潦,ロウ，サンズイニメイリョウナノリョウノツクリ,ロウ，三水に明瞭なのリョウの旁,ロウ,,,,,にわたずみ,おおみず,ながあめ,
5F34,澳,オウ，サンズイニオクバノオクノキュウジ,オウ，三水に奥歯のオクの旧字,イク,オウ,,,,くま,ふか（い）,おき,
5F35,澣,カン，サンズイニシンカンセンノカン,カン，三水に新幹線のカン,カン,,,,,あら（う）,すす（ぐ）,,
5F36,澡,ソウ，サンズイニソウジュウスルノソウノツクリ,ソウ，三水に操縦するのソウの旁,ソウ,,,,,あら（う）,すす（ぐ）,きよ（める）,
5F37,澤,コウタクノタク，サワノキュウジ,光沢のコウ，さわの旧字,,,,,,,,,
5F38,澹,アンタンタルクモユキノタン,暗澹たる雲行きのタン,タン,,,,,あわ（い）,うす（い）,しず（か）,
5F39,濆,フン，サンズイニフンカスルノフンノツクリ,フン，三水に噴火するのフンの旁,フン,,,,,わ（く）,ふ（く）,ほとり,みぎわ
5F3A,澪,ミオツクシノミオ，レイ,澪標のみお，レイ,レイ,,,,,みお,,,
5F3B,濟,キュウサイスルノサイ，スマスノキュウジ,救済するのサイ，済ますの旧字,,,,,,,,,
5F3C,濕,シツドノシツ，シメルノキュウジ,湿度のシツ，湿るの旧字,,,,,,,,,
5F3D,濬,シュン，サンズイニヒエイザンノエイノヒダリガワ,シュン，三水に比叡山のエイの左側,シュン,,,,,さら（う）,ふか（い）,,
5F3E,濔,ビ，サンズイニソツジナガラノジ,ビ，三水に率爾ながらのジ,デイ,ビ,ミ,,,み（ちる）,おお（い）,,
5F3F,濘,デイネイノネイ，サンズイニテイネイノネイ,泥濘のネイ，三水に丁寧のネイ,ネイ,,,,,ぬか（る）,ぬかるみ,どろ,
5F40,濱,スナハマノハマノキュウジ,砂浜のはまの旧字,,,,,,,,,
5F41,濮,ボク，サンズイニイチニンショウノボク,ボク，三水に一人称の僕,,,,,,,,,
5F42,濛,モウ，サンズイニケイモウスルノモウ,モウ，三水に啓蒙するのモウ,ボウ,モウ,,,,こさめ,きりさめ,くら（い）,うすぐら（い）
5F43,瀉,イッシャセンリノシャ，サンズイニシャシンノシャノキュウジ,一瀉千里のシャ，三水に写真のシャの旧字,シャ,,,,,そそ（ぐ）,は（く）,くだ（す）,しおつち
5F44,瀋,チュウゴクノシンヨウノシン，サンズイニシンサスルノシン,中国の瀋陽のシン，三水に審査するのシン,シン,,,,,しる,,,
5F45,濺,セン，サンズイニゲセンナノセン,セン，三水に下賤なのセン,セン,,,,,そそ（ぐ）,,,
5F46,瀑,ナイアガラバクフノバク,ナイアガラ瀑布のバク,バク,ボウ,,,,にわかあめ,たき,しぶき,
5F47,瀁,ヨウ，サンズイニヤシナウ,ヨウ，三水に養う,ヨウ,,,,,,,,
5F48,瀏,リュウ，サンズイニリュウホウノリュウ,リュウ，三水に劉邦のリュウ,リュウ,,,,,きよ（い）,あき（らか）,,
5F49,濾,ロカスルノロ，コス,濾過するのロ，こす,リョ,ロ,,,,こ（す）,,,
5F4A,瀛,ウミヲイミスルサンズイノエイ,海を意味する三水のエイ,エイ,,,,,うみ,,,
5F4B,瀚,コウカンナゾウショノカン,浩瀚な蔵書のカン,カン,,,,,ひろ（い）,,,
5F4C,潴,チョ，サンズイニイノシシ,チョ，三水に猪,,,,,,,,,
5F4D,瀝,ヒレキスルノレキ,披瀝するのレキ,レキ,,,,,したた（る）,そそ（ぐ）,しずく,
5F4E,瀘,ロ，サンズイニハゼノキノハゼノツクリ,ロ，三水に櫨の木のはぜの旁,,,,,,,,,
5F4F,瀟,ショウシャナタテモノノショウ,瀟洒な建物のショウ,ショウ,,,,,きよ（い）,,,
5F50,瀰,ビ，サンズイニアミダブツノミノキュウジ,ビ，三水に阿弥陀仏のミの旧字,ビ,,,,,み（ちる）,はびこ（る）,ひろ（い）,
5F51,瀾,ハランバンジョウノラン,波瀾万丈のラン,ラン,,,,,なみ,なみだ（つ）,,
5F52,瀲,レン，サンズイニイッテンニシュウレンスルノレン,レン，三水に一点に収斂するのレン,レン,,,,,みぎわ,う（かぶ）,,
5F53,灑,サイ，サンズイニチュウカナベノカ,サイ，三水に中華鍋のカ,サイ,シャ,,,,そそ（ぐ）,あら（う）,ち（らす）,
5F54,灣,ワンガンノワンノキュウジ,湾岸のワンの旧字,,,,,,,,,
5F55,炙,ジンコウニカイシャスルノシャ，アブル,人口に膾炙するのシャ，あぶる,シャ,セキ,,,,あぶ（る）,や（く）,した（しむ）,
5F56,炒,イタメル，チャーハンノイチモジメ,炒める，炒飯の一文字目,ショウ,ソウ,,,,い（る）,いた（める）,,
5F57,炯,ケイガンノシノケイ，ヒヘンニドウガマエニクチ,炯眼の士のケイ，火偏に同構えに口,ケイ,,,,,ひか（る）,あき（らか）,,
5F58,烱,ヒヘンケイガンノシノケイノイタイジ,火偏の炯眼の士のケイの異体字,ケイ,,,,,ひか（る）,あき（らか）,,
5F59,炬,キョ，カガリビ，ヒヘンニキョダイナノキョ,キョ，かがりび，火偏に巨大なのキョ,キョ,コ,,,,たいまつ,かがりび,ともしび,や（く）
5F5A,炸,バクダンガサクレツスルノサク,爆弾が炸裂するのサク,サ,サク,,,,さ（く）,さ（ける）,はじ（ける）,
5F5B,炳,ヘイ，ヒヘンニコウオツヘイノヘイ,ヘイ，火偏に甲乙丙のヘイ,ヘイ,,,,,あき（らか）,いちじる（しい）,,
5F5C,炮,ホウ，ヒヘンニツツム,ホウ，火偏に包む,ホウ,,,,,あぶ（る）,や（く）,,
5F5D,烟,エントツノエンノイタイジ，ヒヘンニインガオウホウのイン,煙突のエンの異体字，火偏に因果応報のイン,,,,,,,,,
5F5E,烋,コウ，キュウジツノキュウニレンガ,コウ，休日のキュウにれんが,コウ,キュウ,,,,ほこ（る）,めでた（い）,さいわ（い）,,
5F5F,烝,ジョウ，スイジョウキノジョウからクサカンムリヲトッタカタチ,ジョウ，水蒸気のジョウから草冠を取った形,ショウ,ジョウ,,,,む（す）,むしあつ（い）,すす（める）,もろもろ,まつ（り）
5F60,烙,ラクインヲオスノラク,烙印を押すのラク,ラク,ロク,,,,や（く）,,,,
5F61,焉,シュウエンノチノエン,終焉の地のエン,エン,,,,,これ,ここ（に）,いずく（んぞ）,,
5F62,烽,ノロシヲイミスルホウ，ヒヘンニミネノツクリ,のろしを意味するホウ，火偏に峰の旁,ホウ,,,,,のろし,,,,
5F63,焜,コン，ヒヘンニコンチュウノコン,コン，火偏に昆虫のコン,コン,,,,,かがや（く）,あき（らか）,,,
5F64,焙,バイセンスルノバイ，アブル,焙煎するのバイ，あぶる,ホウ,ハイ,ホイ,,,あぶ（る）,ほう（じる）,,,
5F65,煥,サイキカンパツノカン,才気煥発のカン,カン,,,,,かがや（く）,あき（らか）,,,
5F66,煕,コウキジテンノキ,康煕字典のキ,,,,,,,,,,
5F67,熈,コウキジテンノキノイタイジ,康煕字典のキの異体字,,,,,,,,,,
5F68,煦,ク，ヨウビノニチノミギニハイクノクニレンガ,ク，曜日の日の右に俳句のクにれんが,ク,,,,,あたた（める）,あたた（かい）,めぐ（む）,,
5F69,煢,ケイ，ホタルノキュウジノカンムリニジンソクナノジンノナカミ,ケイ，蛍の旧字の冠に迅速なのジンの中身,ケイ,,,,,ひとりもの,うれ（える）,,,
5F6A,煌,コウ，ヒヘンニコウタイシノコウ,コウ，火偏に皇太子のコウ,コウ,,,,,かがや（く）,きら（めく）,あき（らか）,,
5F6B,煖,ダン，ヒヘンニダンボウノダンノツクリ,ダン，火偏に暖房のダンの旁,ダン,ナン,,,,あたた（める）,あたた（かい）,やわ（らかい）,,
5F6C,煬,ヨウ，ヒヘンニタイヨウケイノヨウノツクリ,ヨウ，火偏に太陽系のヨウの旁,ヨウ,,,,,あぶ（る）,かわ（かす）,や（く）,と（かす）,
5F6D,熏,クンセイノクン，クスベル,薫製のクン，くすべる,,,,,,,,,,
5F6E,燻,クンセイノクン，クスベルノイタイジ,薫製のクン，くすべるの異体字,,,,,,,,,
5F6F,熄,ソク，ヒヘンニイキヲスルノイキ,ソク，火偏に息をするのいき,ソク,,,,,き（える）,や（む）,な（くなる）,うずみび
5F70,熕,コウ，ヒヘンニシャカイコウケンノコウ,コウ，火偏に社会貢献のコウ,コウ,,,,,おおづつ,,,
5F71,熨,ノシ，リクグンタイイノイノシタニカヨウビノカ,のし，陸軍大尉のイの下に火曜日のカ,イ,ウツ,,,,ひのし,の（す）,おさ（える）,のし
5F72,熬,ゴウ，ゴウマンナノゴウノツクリニレンガ,ゴウ，傲慢なのゴウの旁にれんが,ゴウ,,,,,い（る）,いら（だつ）,うれ（える）,なや（む）
5F73,燗,アツカンノカン,熱燗のカン,ラン,,,,,に（る）,かん,,
5F74,熹,キ，キゲキノキニレンガ,キ，喜劇のキにれんが,キ,,,,,あぶ（る）,さか（ん）,かす（か）,よろこ（ぶ）
5F75,熾,シレツナノシ,熾烈なのシ,シ,,,,,さか（ん）,おこ（す）,おき,
5F76,燒,ニクヲヤクノヤクノキュウジ,肉を焼くのやくの旧字,,,,,,,,,
5F77,燉,トン，ヒヘンニチュウゴクノトンコウノトン,トン，火偏に中国の敦煌のトン,トン,,,,,,,,
5F78,燔,ハン，ヒヘンニバンゴウノバン,ハン，火偏に番号のバン,ハン,ボン,,,,や（く）,あぶ（る）,ひもろぎ,
5F79,燎,リョウゲンノヒノリョウ,燎原の火のリョウ,リョウ,,,,,や（く）,かがりび,のび,まつ（り）
5F7A,燠,イク，ヒヘンニオクバノオクノキュウジ,オウ，火偏に奥歯のオクの旧字,イク,オウ,,,,あたた（かい）,あつ（い）,おき,
5F7B,燬,キ，ヒヘンニメイヨキソンノキ,キ，火偏に名誉毀損のキ,キ,,,,,ひ,や（く）,や（ける）,
5F7C,燧,スイ，ヒヘンニトゲルノキュウジ,スイ，火偏に遂げるの旧字,スイ,,,,,ひうち,のろし,,
5F7D,燵,コタツノタツ,炬燵のタツ,タツ,,,,,,,,
5F7E,燼,カイジンニキスノジン,灰燼に帰すのジン,ジン,,,,,もえさ（し）,もえのこ（り）,のこ（り）,,
6021,燹,セン，ブタノツクリフタツノシタニカヨウビノカ,セン，豚の旁二つの下に火曜日のカ,セン,,,,,のび,へいか,,,
6022,燿,ヨウ，ヒヘンニニチヨウビノヨウノツクリ,ヨウ，火偏に日曜日のヨウの旁,ヨウ,,,,,かがや（く）,かがや（き）,かがよ（う）,,
6023,爍,シャク，ヒヘンニタノシイノキュウジ,シャク，火偏に楽しいの旧字,シャク,,,,,ひか（る）,と（かす）,,,
6024,爐,ダンロノロノキュウジ,暖炉のロの旧字,,,,,,,,,,
6025,爛,テンシンランマンノラン,天真爛漫のラン,ラン,,,,,に（る）,ただ（れる）,ただ（れ）,あざ（やか）,はな（やか）
6026,爨,ハンゴウスイサンノサン,飯盒炊爨のサン,サン,,,,,かし（ぐ）,かまど,,,
6027,爭,アラソウノキュウジ,争うの旧字,,,,,,,,,,
6028,爬,ハチュウルイノハ,爬虫類のハ,ハ,,,,,か（く）,は（う）,,,
6029,爰,オウエンスルノエンノキュウジノツクリ,応援するのエンの旧字の旁,エン,,,,,ここ（に）,か（える）,とりか（える）,ゆる（やか）,
602A,爲,コウイノイ，タメノキュウジ,行為のイ，ための旧字,,,,,,,,,,
602B,爻,コウ，ハンバクスルノバクノツクリ,コウ，ハンバクスルノバクノツクリ,,,,,,,,,,
602C,爼,マナイタ，ソジョウノソノイタイジ,まないた，俎上のソの異体字,,,,,,,,,,
602D,爿,ショウヘン，ショウグンノショウノキュウジノヘン,爿偏（しょうへん），将軍のショウの旧字の偏,,,,,,,,,,
602E,牀,コシカケノショウギノショウ，ショウヘンニクサキノキ,腰掛けの牀几のショウ，爿偏に草木のキ,ショウ,ソウ,,,,ねがい,こしかけ,だい,ゆか,とこ
602F,牆,ショウ，カキ，ショウヘンニリンショクノショク,ショウ，かき，爿偏に吝嗇のショク,ショウ,,,,,かき,まがき,へい,かこ（い）,
6030,牋,ショホウセンノセンノイタイジ,処方箋のセンの異体字,セン,,,,,ふだ,かきつけ,てがみ,,
6031,牘,トク，カタヘンニハンバイスルノバイノキュウジ,トク，爿偏に販売のバイの旧字,トク,,,,,ふだ,かきもの,ふみ,てがみ,
6032,牴,テイ，ウシヘンニヒクイノツクリ,テイ，牛偏に低いの旁,テイ,,,,,ふ（れる）,さわ（る）,あ（たる）,およ（そ）,おひつじ
6033,牾,ゴ，ウシヘンニコクゴノゴノツクリ,ゴ，牛偏に国語のゴの旁,ゴ,,,,,さか（らう）,,,,
6034,犂,レイ，カラスキ,レイ，からすき,リ,レイ,リュウ,,,す（く）,すき,まだらうし,しみ,くろ（い）
6035,犁,レイ，カラスキノイタイジ,レイ，からすきの異体字,リ,レイ,リュウ,,,す（く）,すき,まだらうし,しみ,くろ（い）
6036,犇,ホン，ヒシメク，ドウブツノウシミッツ,ホン，ひしめく，動物の牛3つ,ホン,,,,,はし（る）,ひしめ（く）,,,
6037,犒,コウ，ウシヘンニタカイヒクイノタカイ,コウ，牛偏に高い低いの高い,コウ,,,,,ねぎら（う）,ねぎら（い）,,,
6038,犖,ラク，ホタルノキュウジノムシノカワリニドウブツノウシ,ラク，螢の旧字の虫の代わりに動物の牛,ラク,,,,,まだらうし,あき（らか）,すぐ（れる）,,
6039,犢,トク，コウシ，ウシヘンニハンバイスルノバイノキュウジ,トク，こうし，牛偏に販売のバイの旧字,トク,,,,,こうし,,,,
603A,犧,ギセイシャノギノキュウジ,犠牲者のギの旧字,,,,,,,,,,
603B,犹,ユウ，ケモノヘンニセツゾクシノモットモ,ユウ，獣偏に接続詞のもっとも,,,,,,,,,,
603C,犲,サイ，ケモノヘンニカタカナノオ,サイ，獣偏に片仮名のオ,サイ,,,,,やまいぬ,,,,
603D,狃,ジュウ，ケモノヘンニジュウニシノウシ,ジュウ，獣偏に十二支のうし,ジュウ,,,,,な（れる）,なら（う）,,,
603E,狆,イヌノチン,犬のチン,チュウ,,,,,ちん,,,,
603F,狄,ナンバンホクテキノテキ,南蛮北狄のテキ,テキ,,,,,えびす,,,,
6040,狎,コウ，ナレル，ケモノヘンニコウオツノコウ,コウ，なれる，獣偏に甲乙のコウ,コウ,,,,,な（れる）,あなど（る）,もてあそ（ぶ）,,
6041,狒,ドウブツノヒヒノヒ,動物の狒々のヒ,ヒ,,,,,ひひ,,,,
6042,狢,ケモノヘンノドウブツノムジナ,獣偏の動物のむじな,カク,,,,,むじな,,,,
6043,狠,コン，ケモノヘンニダイコンノコンノツクリ,コン，獣偏に大根のコンの旁,コン,,,,,か（む）,もと（る）,ねじ（ける）,はなは（だ）,
6044,狡,コウカツナノコウ，ズルイ,狡猾なのコウ，ずるい,コウ,,,,,ずる（い）,わるがしこ（い）,こす（い）,すばや（い）,くる（う）
6045,狹,キョウ，セマイノキュウジ,キョウ，せまいの旧字,,,,,,,,,,
6046,狷,ケンカイナノケン，ケモノヘンニキヌイトノキヌノツクリ,狷介なのケン，獣偏に絹糸のキヌの旁,ケン,,,,,せま（い）,かたいじ,,,
6047,倏,シュク，ジョウケンノジョウノキュウジノキノカワリニドウブツノイヌ,シュク，条件の条の旧字の木の代わりに動物のいぬ,シュク,,,,,たちま（ち）,すみ（やか）,,,
6048,猗,イ，ケモノヘンニキミョウナノキ,イ，獣偏に奇妙なのキ,イ,ア,,,,ああ,うつく（しい）,たお（やか）,なよ（やか）,
6049,猊,ゲイカノゲイ,猊下のゲイ,ゲイ,,,,,しし,,,,
604A,猜,サイギシンノサイ,猜疑心のサイ,サイ,,,,,そね（む）,ねた（む）,うたが（う）,,
604B,猖,ショウケツヲキワメルノショウ,猖獗を極めるのショウ,ショウ,,,,,くる（う）,たけりくる（う）,,,
604C,猝,ソツ，ケモノヘンニソツギョウノソツ,ソツ，獣偏に卒業のソツ,ソツ,,,,,にわ（か）,はや（い）,,,
604D,猴,コウ，ケモノヘンニオウコウキゾクノコウ,コウ，獣偏に王侯貴族のコウ,コウ,,,,,さる,ましら,,,
604E,猯,タン，ケモノヘンニマッタンノタンノツクリ,タン，獣偏に末端のタンの旁,タン,,,,,まみ,たぬき,,,
604F,猩,ショウコウネツノショウ，ケモノヘンニホシ,猩紅熱のショウ，獣偏に星,セイ,ショウ,,,,あかいろ,,,,
6050,猥,ヒワイナノワイ,卑猥なのワイ,ワイ,,,,,みだ（りに）,みだ（ら）,
6051,猾,コウカツナジンブツノカツ，ケモノヘンニホネ,狡猾な人物のカツ，獣偏に骨,カツ,,,,,みだ（れる）,みだ（す）,わるがしこ（い）
6052,獎,ショウガクキンノショウノキュウジノイタイジ,奨学金のショウの旧字の異体字,,,,,,,,
6053,獏,ケモノヘンノドウブツノバク,獣偏の動物のバク,バク,,,,,,,
6054,默,チンモクスルノモク，ダマルノキュウジ,沈黙するのモク，黙るの旧字,,,,,,,,
6055,獗,ショウケツヲキワメルノケツ,猖獗を極めるのケツ,ケツ,,,,,たけ（る）,くる（う）,
6056,獪,ロウカイナノカイ,老獪なのカイ,カイ,,,,,わるがしこ（い）,ずる（い）,
6057,獨,ドクリツノドクノキュウジ,独立のドクの旧字,,,,,,,,
6058,獰,ドウモウナノドウ,獰猛なのドウ,ドウ,,,,,わる（い）,にくにく（しい）,
6059,獸,ヤジュウノジュウ，ケモノノキュウジ,野獣のジュウ，けものの旧字,,,,,,,,
605A,獵,リョウジュウノリョウノキュウジ,猟銃のリョウの旧字,,,,,,,,
605B,獻,ケンケツスルノケンノキュウジ,献血するのケンの旧字,,,,,,,,
605C,獺,ドウブツノカワウソ,動物のカワウソ,タツ,ダツ,,,,かわうそ,おそ,
605D,珈,カ，コーヒーノアテジノイチモジメ,カ，コーヒーの当て字の一文字目,カ,,,,,かみかざ（り）,,
605E,玳,ドウブツノタイマイノタイ，オウヘンニダイヒョウノダイ,動物のタイマイのタイ，王偏に代表のダイ,,,,,,,,
605F,珎,メズラシイ，チンミノチンノイタイジ,珍しい，珍味のチンの異体字,,,,,,,,
6060,玻,ハ，オウヘンニケガワノカワ,ハ，王偏に毛皮のかわ,ハ,,,,,,
6061,珀,コハクイロノハク,琥珀色のハク,ハク,,,,,,
6062,珥,ジ，オウヘンニミミ,ジ，王偏に耳,ジ,,,,,みみだま,さしはさ（む）
6063,珮,ハイ，ハイヨウスルノハイノニンベンノカワリニオウヘン,ハイ，佩用するのハイの人偏の代わりに王偏,ハイ,,,,,おびだま,
6064,珞,ラク，オウヘンニカクジノカク,ラク，王偏に各自のカク,ラク,,,,,,
6065,璢,ルリイロノルノイタイジ,瑠璃色のルの異体字,,,,,,,
6066,琅,ロウ，オウヘンニカイリョウスルノリョウ,ロウ，王偏に改良するのリョウ,ロウ,,,,,,
6067,瑯,ホウロウナベノロウ，オウヘンニモモタロウノロウ,琺瑯鍋のロウ，王偏に桃太郎のロウ,ロウ,,,,,,
6068,琥,コハクイロノコ,琥珀色のコ,コ,,,,,,
6069,珸,ゴ，オウヘンニコクゴノゴノツクリ,ゴ，王偏に国語のゴの旁,,,,,,,
606A,琲,ハイ，コーヒーノアテジノニモジメ,ハイ，コーヒーの当て字の二文字目,ヒ,ハイ,,,,,
606B,琺,ホウロウナベノホウ，オウヘンニホウリツノホウ,琺瑯鍋のホウ，王偏に法律のホウ,ホウ,,,,,,
606C,瑕,キズヲイミスルカシノカ,キズを意味する瑕疵のカ,カ,,,,,きず,あやま（ち）
606D,琿,コン，オウヘンニグンタイノグン,コン，王偏に軍隊のグン,,,,,,,
606E,瑟,キンシツアイワスノシツ,琴瑟相和すのシツ,シツ,,,,,おおごと,
606F,瑙,メノウノノウ,瑪瑙のノウ,ノウ,,,,,,
6070,瑁,ドウブツノタイマイノマイ,動物のタイマイのマイ,マイ,,,,,,,,
6071,瑜,ユ，オウヘンニニレノキノニレノツクリ,ユ，王偏に楡の木のニレの旁,ユ,,,,,,,,
6072,瑩,ホタルノキュウジノムシノカワリニタマ,蛍の旧字の虫の代わりに玉,エイ,,,,,あき（らか）,つや（やか）,みが（く）,
6073,瑰,オウヘンニオニ,カイ，王偏に鬼,カイ,,,,,めずら（しい）,すぐ（れる）,おお（きい）,
6074,瑣,ハンサナテツヅキノサ,煩瑣な手続きのサ,サ,,,,,ちい（さい）,わずら（わしい）,くさり,つら（なる）
6075,瑪,メノウノメ,瑪瑙のメ,バ,メ,,,,,,,
6076,瑶,ヨウ，オウヘンニユレルノツクリ,ヨウ，王偏に揺れるの旁,,,,,,,,,
6077,瑾,キン，キズヲイミスルカキンノキン,キン，キズを意味する瑕瑾のキン,キン,,,,,,,,
6078,璋,ショウ，オウヘンニブンショウヲカクノショウ,ショウ，王偏に文章を書くのショウ,ショウ,,,,,たま,ひしゃく,,
6079,璞,ハク，アラタマ，オウヘンニシモベノツクリ,ハク，あらたま，王偏に僕（しもべ）の旁,ハク,,,,,あらたま,,,
607A,璧,ヘキ，カンペキナノヘキ,ヘキ，完璧なのヘキ,ヘキ,,,,,たま,,,
607B,瓊,ケイ，ヤサカニノマガタマノニ,ケイ，八尺瓊勾玉のニ,ケイ,,,,,たま,に,うつく（しい）,
607C,瓏,レイロウタルノロウ，オウヘンニキョウリュウノリュウノキュウジ,玲瓏たるのロウ，王偏に恐竜のリュウの旧字,ロウ,,,,,,,,
607D,瓔,ヨウ，オウヘンニサクラノキュウジノツクリ,ヨウ，王偏に桜の旧字の旁,ヨウ,エイ,,,,くびかざ（り）,,,
607E,珱,ヨウ，オウヘンニサクラノツクリ,ヨウ，王偏に桜の旁,,,,,,,,,
6121,瓠,コ，ヒサゴ，ハカマノツクリニウリ,コ，ひさご，袴の旁に瓜,コ,カク,,,,ひさご,ふくべ,,
6122,瓣,ハナビラノベンノキュウジ,花弁のベンの旧字,ベン,,,,,うりのなかご,はなびら,,
6123,瓧,デカグラム，カワラニカンスウジノジュウ,デカグラム，瓦に漢数字の十,,,,,,デカグラム,,,
6124,瓩,キログラム，カワラニカンスウジノセン,キログラム，瓦に漢数字の千,,,,,,キログラム,,,
6125,瓮,オウ，オオヤケノシタニカワラ,オウ，公（おおやけ）の下に瓦,オウ,,,,,かめ,もたい,,
6126,瓲,トン，カワラニチュウトンスルノトン,トン，瓦に駐屯するのトン,,,,,,トン,,,
6127,瓰,デシグラム，カワラニハンブンニスルノブン,デシグラム，瓦に半分にするのブン,,,,,,デシグラム,,,
6128,瓱,ミリグラム，カワラニウモウノモウ,ミリグラム，瓦に羽毛のモウ,,,,,,ミリグラム,,,
6129,瓸,ヘクトグラム，カワラニカンスウジノヒャク,ヘクトグラム，瓦に漢数字の百,,,,,,ヘクトグラム,,,
612A,瓷,シ，カワラノウエニモクジノジ,シ，瓦の上に目次のジ,シ,ジ,,,,いしやき,かめ,,
612B,甄,ケン，ケムリノツクリノミギニカワラ,ケン，煙の旁の右に瓦,ケン,,,,,すえ,つく（る）,みわ（ける）,しら（べる）
612C,甃,シュウ，カワラノウエニキセツノアキ,シュウ，瓦の上に季節のアキ,シュウ,,,,,しきがわら,いしだたみ,,
612D,甅,センチグラム，カワラノミギニタンイノリン,センチグラム，瓦に単位の厘（リン）,,,,,,センチグラム,,,
612E,甌,オウ，クベツノクノキュウジノミギニカワラ,オウ，区別のクの旧字の右に瓦,オウ,,,,,ほとぎ,かめ,はち,
612F,甎,セン，センモンカノセンノキュウジノミギニカワラ,セン，専門家のセンの旧字の右に瓦,セン,,,,,かわら,しきがわら,,
6130,甍,ボウ，イラカ,ボウ，いらか,ボウ,モウ,,,,いらか,,,
6131,甕,オウ，カメ，ヨウリツスルノヨウノツクリノシタニカワラ,オウ，かめ，擁立するのヨウの旁の下に瓦,オウ,,,,,かめ,もたい,みか,
6132,甓,ヘキ，カベノツチノカワリニカワラ,ヘキ，壁の土の代わりに瓦,ヘキ,,,,,かわら,しきがわら
6133,甞,ガシンショウタンノショウノイタイジ,臥薪嘗胆のショウの異体字,,,,,,,
6134,甦,ソ，ヨミガエル，サラシナノサラニジドウセイトノセイ,ソ，よみがえる，更科のさらに児童生徒のセイ,ソ,,,,,よみがえ（る）,
6135,甬,ヨウ，ニホンブヨウノヨウノツクリ,ヨウ，日本舞踊のヨウの旁,,,,,,,
6136,甼,マチ，シチョウソンノチョウノイタイジ,まち，市長村のチョウの異体字,,,,,,,
6137,畄,リュウガクノリュウノイタイジ,留学のリュウの異体字,,,,,,,
6138,畍,セカイノカイノイタイジ,世界のカイの異体字,,,,,,,
6139,畊,コウ，タガヤスノイタイジ,コウ，耕すの異体字,,,,,,,
613A,畉,フ，タガヤス，タヘンニオット,ふ，たがやす，田偏に夫,,,,,,,
613B,畛,シン，アゼ，タヘンニシンサツスルノシンノツクリ,シン，あぜ，田偏に診察するのシンの旁,シン,,,,,さかい,あぜ
613C,畆,メンセキノタンイノセ，ウネノイタイジ,面積の単位のセ，うねの異体字,,,,,,,
613D,畚,ホン，オマイリノマイノサンズクリノカワリニスイデンノデン,ホン，お参りのマイの三づくりの代わりに水田のスイ,ホン,,,,,ふご,もっこ
613E,畩,ケサ，タヘンニコロモガエノコロモ,けさ，田偏に衣替えのコロモ,,,,,,,
613F,畤,ジ，タヘンニテラ,じ，田偏にてら,シ,ジ,,,,まつりのにわ,
6140,畧,リャクゴノリャクノイタイジ,略語のリャクの異体字,,,,,,,
6141,畫,ガヨウシノガノキュウジ,画用紙のガのきゅうじ,,,,,,,
6142,畭,ヨ，タヘンニアマリ,ヨ，田偏に余り,,,,,,,,,,,,
6143,畸,キ，タヘンニキミョウナノキ,キ，田偏に奇妙なのキ,キ,,,,,めずら（しい）,のこ（り）,あま（り）,,,,
6144,當,トウバンノトウ，アタルノキュウジ,当番のトウ，当たるの旧字,,,,,,,,,,,,
6145,疆,シンキョウウイグルジチクノキョウ,新疆ウイグル自治区のキョウ,キョウ,,,,,さかい,かぎ（る）,かぎ（り）,,,,
6146,疇,ハンチュウノハン，タヘンニコトブキノキュウジ,範疇のハン，田偏に寿の旧字,チュウ,,,,,うね,はたけ,たぐい,むく（いる）,さき（に）,むかし,だれ
6147,畴,ハン，タヘンニコトブキ,ハン，田偏に寿,チュウ,,,,,うね,はたけ,たぐい,むく（いる）,さき（に）,むかし,だれ
6148,疊,タタミノキュウジ,畳の旧字,,,,,,,,,,,,
6149,疉,タタミノキュウジノシタガヘンカシタイタイジ,畳の旧字の下が変化した異体字,,,,,,,,,,,,
614A,疂,タタミノキュウジノチュウオウガヘンカシタイタイジ,畳の旧字の中央が変化した異体字,,,,,,,,,,,,
614B,疔,メンチョウノチョウ,面疔のチョウ,チョウ,,,,,かさ,できもの,,,,,
614C,疚,キュウ，ヤマイダレニエイキュウノキュウ,キュウ，病垂に永久のキュウ,キュウ,,,,,や（む）,なや（む）,ながわずら（い）,やま（しい）,,,
614D,疝,センキモチノセン，ヤマイダレニヤマ,疝気持ちのセン，病垂にヤマ,サン,セン,,,,せんき,,,,,,
614E,疥,ヒフビョウノカイセンノカイ，ヤマイダレニカイゴノカイ,皮膚病の疥癬のカイ，病垂に介護のカイ,カイ,,,,,ひぜん,はたけ,おこり,,,,
614F,疣,イボ，ユウ，ヤマイダレニモットモ,いぼ，ユウ，病垂に尤も,ユウ,,,,,いぼ,,,,,,
6150,痂,カ，カサブタ，ヤマイダレニカソクドノカ,カ，かさぶた，病垂に加速度のカ,カ,ケ,,,,かさぶた,ひぜん,,,,,
6151,疳,カン，ヤマイダレニアマイ,カン，病垂に甘い,カン,,,,,,,,,,,
6152,痃,ケン，ヤマイダレニゲンマイノゲン,ケン，病垂に玄米のゲン,ケン,ゲン,,,,,,,
6153,疵,キズ，ヤマイダレニヒガンシガンノシ,きず，病垂に彼岸此岸のシ,シ,,,,,きず,やまい,そし（る）,
6154,疽,エソヲオコスノソ,壊疽を起こすのソ,ショ,ソ,,,,かさ,はれもの,,
6155,疸,オウダンノダン，ヤマイダレニガンタンノタン,黄疸のダン，病垂に元旦のタン,,,,,,,,,
6156,疼,トウツウノトウ，ウズク,疼痛のトウ，疼く,トウ,,,,,うず（く）,うず（き）,いた（む）,
6157,疱,ミズボウソウノホウ,水疱瘡のホウ,ホウ,,,,,もがさ,とびひ,,
6158,痍,ショウイグンジンノイ,傷痍軍人のイ,イ,,,,,きず,きず（つく）,きず（つける）,
6159,痊,セン，ヤマイダレニゼンコクノゼン,セン，病垂に全国のゼン,セン,,,,,い（える）,い（やす）,,
615A,痒,カッカソウヨウノヨウ，カユイ,隔靴掻痒のヨウ，かゆい,ヨウ,,,,,かさ,かゆ（い）,や（む）,やまい
615B,痙,イケイレンノケイ,胃痙攣のケイ,ケイ,,,,,ひきつ（る）,,,
615C,痣,アザ，ヤマイダレニココロザシ,あざ，病垂にこころざし,シ,,,,,ほくと,あざ,,
615D,痞,ヒ，ヤマイダレニヒテイスルノヒ,ヒ，病垂に否定するのヒ,ヒ,,,,,つか（え）,つか（える）,,
615E,痾,ア，ヤマイダレニアミダブツノア,ア，病垂に阿弥陀仏のア,ア,,,,,やまい,ながわずら（い）,,
615F,痿,イ，ヤマイダレニガッキュウイインノイ,イ，病垂に学級委員のイ　,イ,,,,,な（える）,しび（れる）,,
6160,痼,ジビョウヲイミスルコシツノコ,持病を意味する痼疾のコ,コ,,,,,ながわずら（い）,しこり,,
6161,瘁,スイ，ヤマイダレニソツギョウノソツ,スイ，病垂に卒業のソツ,スイ,,,,,つか（れる）,やつ（れる）,くず（れる）,
6162,痰,タンガカラムノタン,痰がからむのタン,タン,,,,,,,,
6163,痺,マヒスルノヒ，シビレル,麻痺するのヒ，しびれる,ヒ,,,,,しび（れる）,うずれ＝鳥の名,,
6164,痲,ヤマイダレノマヒスルノマ,病垂の痲痺するのマ,バ,マ,,,,しび（れる）,しび（れ）,,
6165,痳,リン，ヤマイダレニハヤシ,リン，病垂に林（はやし）,リン,,,,,せんき,りんびょう,,
6166,瘋,フウテンノフウ，ヤマイダレニカゼ,瘋癲のフウ，病垂に風,フウ,,,,,ずつう,,,
6167,瘍,イカイヨウノヨウ,胃潰瘍のヨウ,ヨウ,,,,,かさ,できもの,,
6168,瘉,ユ，ヤマイダレニニレノキノツクリ,ユ，病垂に楡の木の旁,ユ,,,,,い（える）,い（やす）,,
6169,瘟,オン，ヤマイダレニオンセンノオンノキュウジノツクリ,オン，病垂に温泉のオンの旧字の旁,オン,,,,,えやみ,はやりやまい,,
616A,瘧,オコリ，ヤマイダレニギャクタイノギャク,おこり，病垂に虐待のギャク,ギャク,,,,,おこり,,,
616B,瘠,セキ，ヤマイダレニセキズイノセキ,セキ，病垂に脊髄のセキ,セキ,,,,,や（せる）,,,
616C,瘡,ミズボウソウノソウ,水疱瘡のソウ,ショウ,ソウ,,,,きず,かさ,くさ,
616D,瘢,ハンコンノハン，ヤマイダレニイッパンテキノハン,瘢痕のハン，病垂に一般的のハン,ハン,,,,,きず,きずあと,しみ,そばかす
616E,瘤,ドウミャクリュウノリュウ，コブ,動脈瘤のリュウ，こぶ,リュウ,,,,,はれもの,こぶ,じゃまもの,
616F,瘴,ショウ，ヤマイダレニブンショウヲカクノショウ,ショウ，病垂に文章を書くのショウ,ショウ,,,,,,,,
6170,瘰,ルイレキノルイ，ヤマイダレニルイセキスルノルイ,瘰癧のルイ，病垂に累積するのルイ,ルイ,,,,,,,,
6171,瘻,ジロウノロウ，ヤマイダレニカズノキュウジノヒダリガワ,痔瘻のロウ，病垂にカズの旧字の左側,ル,ロウ,,,,はれもの,こぶ,,
6172,癇,カンシャクヲオコスノカン,癇癪を起こすのカン,カン,,,,,ひきつ（け）,,
6173,癈,ハイジンノハイ，ヤマイダレニハツメイノハツノキュウジ,癈人のハイ，病垂に発明のハツの旧字,ハイ,,,,,,,
6174,癆,ロウガイノロウ，ヤマイダレニロウドウノロウノキュウジ,癆咳のロウ，病垂に労働のロウの旧字,ロウ,,,,,おとろえや（せる）,かぶ（れ）,いた（む）
6175,癜,ヒフビョウノナマズ，テン，ヤマイダレニトノサマノトノ,皮膚病のなまず，テン，病垂に殿様のトノ,テン,デン,,,,なまず,,
6176,癘,ショウレイノレイ，ヤマイダレニスウジノマンノキュウジ,瘴癘のレイ，病垂に数字の万の旧字,ライ,レイ,,,,えやみ,はやりやまい,
6177,癡,グチノチノキュウジ,愚痴のチの旧字,,,,,,,,
6178,癢,ヨウ，ヤマイダレニヤシナウ,ヨウ，病垂に養う,ヨウ,,,,,かゆ（い）,はがゆ（い）,もだ（える）
6179,癨,カク，ヤマイダレニオニノカクランノカク,カク，病垂に鬼の霍乱のカク,カク,,,,,しょきあ（たり）,,
617A,癩,ライビョウノライ,癩病のライ,ライ,,,,,,,
617B,癪,カンシャクヲオコスノシャク,癇癪を起こすのシャク,シャク,,,,,,,
617C,癧,ルイレキノレキ，ヤマイダレニレキシカノレキノキュウジ,瘰癧のレキ，病垂に歴史家のレキの旧字,レキ,,,,,,,
617D,癬,カイセンキンノセン,疥癬菌のセン,セン,,,,,たむし,ひぜん,
617E,癰,ヒフビョウノヨウ,皮膚病のヨウ,ヨウ,,,,,はれもの,,
6221,癲,テンカンヲオコスノテン,癲癇を起こすのテン,テン,,,,,くる（う）,,
6222,癶,ハツ，ブシュノハツガシラ,ハツ，部首の発頭,,,,,,,,
6223,癸,キ，ジッカンノミズノト,キ，十干のみずのと,キ,,,,,はか（る）,みずのと,
6224,發,ハツメイノハツノキュウジ,発明のハツの旧字,,,,,,,,
6225,皀,キョウ，ハクチョウノハクノシタニカタカナノヒ,キョウ，白鳥のハクの下に片仮名のヒ,,,,,,,,
6226,皃,ビボウヲタモツノボウノイタイジ,美貌を保つのボウの異体字,,,,,,,,
6227,皈,キタクスルノキ，カエルノイタイジ,帰宅するのキ，帰るの異体字,,,,,,,,
6228,皋,ショクブツノサツキノイタイジ,植物の皐（さつき）の異体字,,,,,,,,
6229,皎,コウ，シロヘンニマジワル,コウ，白偏に交わる,キョウ,コウ,,,,しろ（い）,あか（るい）,きよ（い）
622A,皖,カン，シロヘンニカンリョウスルノカン,カン，白偏に完了するのカン,カン,,,,,あき（らか）,,
622B,皓,メイボウコウシノコウ，シロヘンニツゲル,明眸皓歯のコウ，白偏に告げる,コウ,,,,,きよ（い）,しろ（い）,ひか（る）
622C,皙,セキ，ブンセキスルノセキノシタニハクチョウノハク,セキ，分析するのセキの下に白鳥のハク,セキ,,,,,しろ（い）,なつめ,
622D,皚,ガイ，シロヘンニヨロイノツクリ,ガイ，白偏に鎧の旁,ガイ,,,,,しろ（い）,,
622E,皰,ニキビ，ホウ，ケガワノカワニツツム,にきび，ホウ，毛皮のかわに包む,ホウ,,,,,にきび,もがさ,
622F,皴,シュン，シュンビンサノシュンノツクリニケガワノカワ,シュン，俊敏さのシュンの旁に毛皮のかわ,シュン,,,,,ひび,しわ,
6230,皸,クン，ショウグンノグンノミギニケガワノカワ,クン，将軍のグンの右に毛皮のかわ,クン,,,,,ひび,あかぎれ,
6231,皹,クン，ショウグンノグンノヒダリニケガワノカワ,クン，将軍のグンの左に毛皮のかわ,クン,,,,,ひび,あかぎれ,
6232,皺,シワヲノバスノシワ,皺を伸ばすのシワ,シュウウ,スウ,,,,しわ,しわ（む）,
6233,盂,ウラボンノウ,盂蘭盆のウ,ウ,,,,,はち,わん,
6234,盍,コウ，フタカラクサカンムリヲトッタカタチ,コウ，蓋から草冠を取った形,コウ,,,,,おお（う）,あ（う）,なん（ぞ）…（ざる）,,,,,,
6235,盖,フタノイタイジ，サラノウエニヒツジ,蓋の異体字，皿の上に羊,,,,,,,,,,,,,,
6236,盒,ハンゴウスイサンノゴウ,飯盒炊さんのゴウ,ゴウ,,,,,ふたもの,ふた,さら,,,,,,
6237,盞,サン，サラノウエニアサイノキュウジノツクリ,サン，皿の上に浅いの旧字の旁,サン,,,,,さかずき,,,,,,,,
6238,盡,ジンリョクスルノジン，ツクスノキュウジ,尽力するのジン，つくすの旧字,,,,,,,,,,,,,,
6239,盥,タライ，カン,たらい，カン,カン,,,,,そそ（ぐ）,すす（ぐ）,たらい,,,,,,
623A,盧,ロ，ロカスルノロノツクリ,ロ，濾過するのロの旁,ロ,,,,,めしびつ,くろ（い）,あし,,,,,,
623B,盪,ノウシントウノトウ,脳震盪のトウ,トウ,,,,,とろ（ける）,あら（う）,あらいきよ（める）,うご（く）,うご（かす）,ほしいまま（にする）,,,
623C,蘯,ホウトウムスコノトウノイタイジ,放蕩息子のトウの異体字,トウ,,,,,とろ（ける）,あら（う）,あらいきよ（める）,うご（く）,うご（かす）,ほしいまま（にする）,,,
623D,盻,ケイ，メヘンニカンスウジノハチノシタニバンゴウノゴウノシタガワ,ケイ，目偏に漢数字の八の下に番号のゴウの下側,ケイ,,,,,にら（む）,かえり（みる）,,,,,,,
623E,眈,コシタンタンノタン,虎視眈々のタン,タン,,,,,にら（む）,,,,,,,,
623F,眇,タメツスガメツノスガメ,矯めつ眇めつのスガメ,ビョウ,ミョウ,,,,すが（め）,すが（める）,ちい（さい）,はる（か）,かす（か）,おくぶか（い）,,,
6240,眄,ウコサベンノベン,右顧左眄のベン,ベン,メン,,,,み（る）,ながしめ,なが（める）,かえり（みる）,,,,,
6241,眩,ゲンワクスルノゲン，マブシイ,眩惑するのげん，眩しい,ゲン,,,,,く（れる）,ま（う）,くら（む）,くるめ（く）,まど（う）,くら（ます）,めまい,まばゆ（い）,まぶ（しい）
6242,眤,ジツ，メヘンニアマデラノアマ,ジツ，目偏に尼寺のアマ,,,,,,,,,,,,,,
6243,眞,マゴコロノマノキュウジ,真心のマの旧字,,,,,,,,,,,,,,
6244,眥,シ，ヒガンシガンノシノシタニモクテキノモク,シ，彼岸此岸のシの下に目的のモク,セイ,シ,サイ,,,まなじり,にら（む）,,,
6245,眦,シ，メヘンニヒガンシガンノシ,シ，目偏に彼岸此岸のシ,セイ,シ,サイ,,,まなじり,にら（む）,,,
6246,眛,マイ，メヘンニミライノミ,マイ，目偏に未来のミ,バイ,マイ,,,,くら（い）,,,,
6247,眷,サイシケンゾクノケン,妻子眷属のケン,ケン,,,,,かえり（みる）,こいした（う）,めぐ（み）,なさ（け）,みうち
6248,眸,メイボウコウシノボウ,明眸皓歯のボウ,ボウ,ム,,,,ひとみ,,,,
6249,睇,テイ，メヘンニアニオトウトノオトウト,テイ，目偏に兄弟のオトウト,ダイ,テイ,,,,ぬすみみ（る）,ながしめ,よこめ,,
624A,睚,ガイ，メヘンニイッショウガイノガイノツクリ,ガイ，目偏に一生涯のガイの旁,ガイ,,,,,まなじり,にら（む）,,,
624B,睨,ヘイゲイスルノゲイ，ニラム,睥睨するのゲイ，にらむ,ゲイ,,,,,にら（む）,うかが（う）,かたむ（く）,,
624C,睫,マツゲ，ショウ,まつげ，ショウ,ショウ,,,,,まつげ,,,,
624D,睛,ガリョウテンセイヲカクノセイ，ヒトミ,画竜点睛を欠くのセイ，ひとみ,セイ,,,,,ひとみ,,,,
624E,睥,ヘイゲイスルノヘイ，ニラム,睥睨するのヘイ，にらむ,ヘイ,,,,,ながしめ,にら（む）,うかがいみ（る）,,
624F,睿,エイ，ヒエイザンノエイノヒダリガワ,エイ，比叡山のエイの左側,,,,,,,,,,
6250,睾,ダンセイノコウガンノコウ,男性の睾丸のコウ,コウ,,,,,さわ,たか（い）,ひろ（い）,おお（きい）,きんたま
6251,睹,ト，メヘンニカガクシャノシャノキュウジタイ,ト，目偏に科学者のシャの旧字体,ト,,,,,み（る）,,,,
6252,瞎,カツ，メヘンニサイガイノガイノキュウジタイ,カツ，目偏に災害のガイの旧字体,カツ,,,,,くら（い）,,,,
6253,瞋,シン，メヘンニマゴコロノマノキュウジ,シン，目偏に真心のまの旧字,シン,,,,,いか（らす）,いか（る）,,,
6254,瞑,メイモクスルノメイ,瞑目するのメイ,ミョウ,メイ,メン,,,くら（い）,くら（む）,つぶ（る）,
6255,瞠,ドウ，メヘンニドウモクスルノドウ,ドウ，目偏に瞠目するのドウ,ドウ,トウ,,,,みは（る）,みつ（める）,,
6256,瞞,ギマンニミチタノマン,欺瞞に満ちたのマン,バン,マン,モン,,,だま（す）,あざむ（く）,くら（ます）,は（じる）
6257,瞰,チョウカンズノカン，ミオロス,鳥瞰図のカン，みおろす,カン,,,,,み（る）,みお（ろす）,のぞ（む）,
6258,瞶,キ，メヘンニキチョウヒンノキ,キ，目偏に貴重品のキ,,,,,,,,,
6259,瞹,アイ，メヘンニアイスルノアイ,アイ，目偏に愛するのアイ,,,,,,,,,
625A,瞿,キョウクスルノクノツクリ，メガフタツノシタニフルトリ,恐懼するのクの旁，目が二つの下に隹,ク,,,,,み（る）,おそ（れる）,,
625B,瞼,マブタ，ガンケンノケン,まぶた，眼瞼のケン,ケン,,,,,まぶた,,,
625C,瞽,コ，ツヅミノシタニモクテキノモク,コ，鼓の下に目的のモク,コ,,,,,くら（い）,おろ（か）,,
625D,瞻,セン，メヘンニタンニンノタンノキュウジノツクリ,セン，目偏に担任のタンの旧字の旁,セン,,,,,み（る）,,,
625E,矇,モウ，メヘンニケイモウスルノモウ,モウ，目偏に啓蒙するのモウ,ボウ,モウ,,,,くら（い）,おろ（か）,,
625F,矍,ゲンキカクシャクノカク,元気矍鑠のかく,カク,,,,,みまわ（す）,あわ（てる）,はや（る）,いさ（む）
6260,矗,チク，チョクゼンノチョクガミッツ,チク，直前のチョクが三つ,,,,,,,,,
6261,矚,ショク，メヘンニフゾクノゾクノキュウジ,ショク，目偏に附属のゾクの旧字,ショク,ソク,,,,み（る）,,,
6262,矜,キョウジヲタモツノキョウ,矜恃を保つのキョウ,カン,キョウ,キン,,,つつし（む）,あわ（れむ）,ほこ（る）,やもお
6263,矣,イ，アイサツノアイノツクリ,イ，挨拶のアイの旁,イ,,,,,,,,
6264,矮,ワイショウナノワイ,矮小なのワイ,アイ,ワイ,,,,みじか（い）,ひく（い）,
6265,矼,コウ，イシヘンニズガコウサクノコウ,コウ，石偏に図画工作のコウ,コウ,,,,,とびいし,いしばし,かた（い）
6266,砌,セイ，ミギリ，イシヘンニセツジツナノセツ,セイ，みぎり，石偏に切実なのセツ,セイ,サイ,,,,みぎり,,
6267,砒,ゲンソノヒソノヒ,元素の砒素のヒ,ヒ,,,,,,,
6268,礦,コウ，イシヘンニヒロバノヒロノキュウジ,コウ，石偏に広場のひろの旧字,,,,,,,,
6269,砠,ショ，イシヘンニクミノツクリ,ショ，石偏に組の旁,ショ,ソ,,,,いしやま,つちやま,
626A,礪,トナミヘイヤノト,礪波平野のト,,,,,,,,
626B,硅,ゲンソノケイソノケイ，イシヘンニツチフタツ,元素の硅素のケイ，石偏に土二つ,ケイ,,,,,やぶ（る）,,
626C,碎,クダク，フンサイスルノサイノキュウジ,くだく，粉砕するのサイの旧字,,,,,,,,
626D,硴,カキ，イシヘンニハナビノハナ,カキ，石偏に花火のはな,,,,,,,,
626E,碆,ハ，ハチョウガアウノハノシタニイシバシノイシ,ハ，波長が合うのハの下に，石橋のいし,,,,,,,,
626F,硼,ゲンソノホウソノホウ,元素の硼素のホウ,ホウ,,,,,,,
6270,碚,ハイ，イシヘンニバイリツノバイノツクリ,ハイ，石偏に倍率のバイの旁,ハイ,,,,,,,
6271,碌,ロク，イシヘンニミドリノキュウジノツクリ,ロク，石偏に緑の旧字の旁,ロク,,,,,,,
6272,碣,ケツ，イシヘンニカッショクノカツノツクリ,ケツ，石偏に褐色のカツの旁,ケツ,,,,,いしぶみ,,
6273,碵,セキ，イシヘンニテイシュクノテイ,セキ，石偏に貞淑のテイ,,,,,,,,
6274,碪,キヌタ，イシヘンニハナハダシイ,きぬた，石偏に甚だしい,チン,ガン,,,,きぬた,,
6275,碯,ノウ，イシヘンニズノウノノウノキュウジノツクリ,ノウ，石偏に頭脳のノウの旧字の旁,,,,,,,,
6276,磑,ガイ，イシヘンニヨロイノツクリ,ガイ，石偏に鎧の旁,ガイ,,,,,うす,ひきうす,いしうす
6277,磆,カツ，イシヘンニホネ,カツ，石偏に骨,,,,,,,,
6278,磋,セッサタクマノサ，イシヘンニサ,切磋琢磨のサ，石偏にサ　,サ,,,,,みが（く）,,
6279,磔,タッケイノタク，ハリツケ,磔刑のタク，はりつけ,タク,,,,,さ（く）,はりつけ,
627A,碾,テン，イシヘンニハッテンノテン,テン，石偏に発展のテン,テン,デン,,,,うす,ひ（く）,
627B,碼,ナガサノタンイノヤード,長さの単位のヤード,バ,マ,メ,,,ヤード,,
627C,磅,オモサノタンイノポンド,重さの単位のポンド,ホウ,,,,,ポンド,,
627D,磊,ゴウホウライラクノライ,豪放磊落のライ,ライ,,,,,,,
627E,磬,ケイ，コエノキュウジノミミノカワリニイシ,ケイ，声の旧字の耳の代わりに石,キン,ケイ,,,,は（せる）,,
6321,磧,セキ，カワラ，イシヘンニセキニンノセキ,セキ，かわら，石偏に責任のセキ,セキ,,,,,かわら,さばく,
6322,磚,セン，カワラ，イシヘンニセンモンノセンノキュウジ,セン，かわら，石偏に専門のセンの旧字,セン,,,,,かわら,,
6323,磽,コウ，イシヘンニギョウシュンノギョウノキュウジ,コウ，石偏に堯舜のギョウの旧字,キョウ,コウ,,,,やせち,,
6324,磴,トウ，イシヘンニトザンノト,トウ，石偏に登山のト,トウ,,,,,いしざか,いしだん,いしばし
6325,礇,イキ，イシヘンニオクバノオクノキュウジ,イキ，石偏に奥歯のおくの旧字,,,,,,,,
6326,礒,ギ，イシヘンニギムノギ,ギ，石偏に義務のギ,ギ,,,,,いそ,,
6327,礑,トウ，イシヘンニベントウノトウノキュウジ,トウ，石偏に弁当のトウの旧字,トウ,,,,,そこ,はた（と）,はった（と）
6328,礙,ガイ，イシヘンニウタガウ,ガイ，石偏に疑う,ガイ,ゲ,,,,さまた（げる）,さえぎ（る）,ささ（える）
6329,礬,コウブツノミョウバンノバン,鉱物の明礬のバン,ハン,バン,,,,,,
632A,礫,ガレキノレキ,瓦礫のレキ,レキ,,,,,こいし,いしころ,つぶて
632B,祀,サイシノシ，マツル,祭祀のシ，まつる,シ,,,,,まつ（る）,まつ（り）,とし
632C,祠,シ，ホコラ，シメスヘンニシカイシャノシ,シ，ほこら，示偏に司会者のシ,シ,,,,,まつ（る）,まつ（り）,ほこら
632D,祗,シ，シメスヘンニヒクイノツクリ,シ，示偏に低いの旁,シ,,,,,つつし（む）,ただ,
632E,祟,タタル，スイ,たたる，スイ,スイ,,,,,たた（る）,たた（り）,
632F,祚,クライヲウケツグセンソノソ,位を受け継ぐ践祚のソ,ソ,,,,,さいわ（い）,くらい,とし
6330,祕,ヒミツノヒノキュウジ,秘密のヒの旧字,,,,,,,,
6331,祓,ハライキヨメルノハライ，フツ,祓い清めるのはらい，フツ,フツ,,,,,はら（う）,はら（い）,
6332,祺,キ，シメスヘンニソレ,キ，示偏に其（それ）,キ,,,,,さいわ（い）,やす（らか）,
6333,祿,ゲンロクブンカノロクノキュウジ,元禄文化のロクの旧字,,,,,,,,
6334,禊,ミソギ，ケイ,みそぎ，ケイ,ケイ,,,,,みそぎ,はら（う）,
6335,禝,シャショクノシンノショク，シメスヘン,社禝の臣のショク，示偏,ショク,,,,,,,
6336,禧,キ，シメスヘンニヨロコブ,キ，示偏に喜ぶ,キ,,,,,さいわ（い）,めでた（い）,よろこ（び）,,
6337,齋,ショサイノサイノキュウジ,書斎のサイの旧字,,,,,,,,,,
6338,禪,ザゼンノゼンノキュウジ,座禅のゼンの旧字,,,,,,,,,,
6339,禮,レイギノレイノキュウジ,礼儀のレイの旧字,,,,,,,,,,
633A,禳,ジョウ，シメスヘンニユズルノキュウジノツクリ,ジョウ，示偏に譲るの旧字の旁,ジョウ,,,,,はら（う）,はら（い）,,,
633B,禹,チュウゴクノデンセツノオウノウ,中国の伝説の王のウ,ウ,,,,,,,,,
633C,禺,グウ，グウゼンノグウノツクリ,グウ，偶然のグウの旁,グ,グウ,,,,おながざる,すみ,でく,,
633D,秉,コクモツノタンイヘイ,穀物の単位のヘイ,ヘイ,,,,,と（る）,まも（る）,いねたば,え,
633E,秕,シイナ，ノギヘンニヒカクスルノヒ,しいな，禾偏に比較するのヒ,ヒ,,,,,しいな,くずごめ,わる（い）,,
633F,秧,オウ，ノギヘンニチュウオウシュウケンノオウ,オウ，禾偏に中央集権のオウ,オウ,,,,,なえ,う（える）,,,
6340,秬,キョ、ノギヘンニキョダイナノキョ,キョ，禾偏に巨大なのキョ,キョ,,,,,くろきび,,,,
6341,秡,ハツ、ノギヘンニハライキヨメルノハライノツクリ,ハツ，禾偏に祓い清めるの祓いの旁,,,,,,,,,,
6342,秣,リョウマツノマツ,糧秣のマツ,バツ,マツ,,,,まぐさ,まぐさか（う）,,,
6343,稈,ムギワラヲイミスルバッカンノカン,麦藁を意味する麦稈のカン,カン,,,,,わら,,,,
6344,稍,ショウ，ノギヘンニショウゾウガノショウ,ショウ，禾偏に肖像画のショウ,ショウ,ソウ,,,,ちい（さい）,ようや（く）,やや,すこ（し）,ふち
6345,稘,キ，ノギヘンニソノ,キ，禾偏に其の,,,,,,,,,,
6346,稙,チョク，ノギヘンニチョクゼンノチョク,チョク，禾偏に直前のチョク,,,,,,,,,
6347,稠,チュウミツナノチュウ,稠密なのチュウ,チュウ,チョウ,,,,しげ（る）,おお（い）,こ（い）,
6348,稟,リンギショノリン,稟議書のリン,リン,ヒン,,,,こめぐら,う（ける）,ふち,もう（す）
6349,禀,リンギショノリンノイタイジ,稟議書のリンの異体字,リン,ヒン,,,,こめぐら,う（ける）,ふち,もう（す）
634A,稱,イチニンショウノショウノキュウジ,一人称のショウの旧字,,,,,,,,,
634B,稻,イネノキュウジ,稲の旧字,,,,,,,,,
634C,稾,ゲンコウヨウシノコウノイタイジ,原稿用紙のコウの異体字,,,,,,,,,
634D,稷,シャショクノシンノショク，ノギヘン,社禝の臣のショク，ノ木偏,ショク,,,,,きび,たおさ,,
634E,穃,ヨウ，ノギヘンニヨウセキノヨウ,ヨウ，禾偏に容積のヨウ,,,,,,,,,
634F,穗,イナホノホノキュウジ,稲穂のほの旧字,,,,,,,,,
6350,穉,ヨウチエンノチノイタイジ,幼稚園のチの異体字,,,,,,,,,
6351,穡,ショク，ノギヘンニリンショクノショク,ショク，禾偏に吝嗇のショク,ショク,,,,,とりい（れ）,とりい（れる）,お（しむ）,
6352,穢,ケガレ，ワイ,けがれ，ワイ,ワイ,アイ,エ,,,あ（れる）,けが（れる）,わる（い）,きたな（い）
6353,穩,ヘイオンノオン，オダヤカノキュウジ,平穏のオン，おだやかの旧字,,,,,,,,,
6354,龝,アキ，ノギヘンニカメノキュウジ,あき，禾偏に亀の旧字,,,,,,,,,
6355,穰,ゴコクホウジョウノジョウノキュウジ,五穀豊穣のジョウの旧字,,,,,,,,,
6356,穹,ソウキュウノキュウ，アナカンムリニユミ,蒼穹のキュウ，穴冠に弓,キュウ,,,,,あな,おおぞら,ゆみがた,おお（きい）,たか（い）,ふか（い）
6357,穽,オトシアナヲイミスルカンセイノセイ,落とし穴を意味する陥穽のセイ,セイ,,,,,おとしあな,,,,,
6358,窈,ヨウチョウタルビジンノヨウ，アナカンムリニオサナイ,窈窕たる美人のヨウ，穴冠に幼い,ヨウ,,,,,おくぶか（い）,くら（い）,かす（か）,おくゆか（しい）,の（びやか）,あで（やか）
6359,窗,マドノイタイジ,窓の異体字,,,,,,,,,,,
635A,窕,ヨウチョウタルビジンノチョウ，アナカンムリニイッチョウエンノチョウ,窈窕たる美人のチョウ，穴冠に一兆円のチョウ,チョウ,ヨウ,,,,ふか（い）,あで（やか）,おくゆか（しい）,,,
635B,窘,タシナメル，キン,たしなめる，キン（，穴冠に諸君のクン）,キン,,,,,せ（まる）,きわ（まる）,くる（しむ）,あわただ（しい）,たしな（める）,
635C,窖,コウ，アナカンムリニツゲル,コウ，穴冠に告げる,コウ,,,,,あなぐら,むろ,ふか（い）,,,
635D,窩,カ，アナカンムリニナベノツクリ,カ，穴冠に鍋の旁,カ,,,,,あな,むろ,いわや,かく（す）,かくま（う）,
635E,竈,カマド,かまど,,,,,,,,,,,
635F,窰,カマモトノカマノイタイジ,窯元のかまの異体字,,,,,,,,,,,
6360,窶,ヤツレル，ク,やつれる，ク,ク,ロウ,,,,まず（しい）,おか,つか,やつ（れる）,やつ（す）,
6361,竅,キョウ，アナカンムリニシゲキノゲキノツクリ,キョウ，穴冠に刺激のゲキの旁,キョウ,,,,,あな,,,,,
6362,竄,カイザンスルノザン，アナカンムリニネズミ,改竄するのサン，穴冠に鼠,サン,ザン,,,,かく（れる）,のが（れる）,に（げる）,あらた（める）,はな（す）,
6363,窿,リュウ，アナカンムリニリュウキスルノリュウノキュウジ,リュウ，穴冠に隆起するのリュウの旧字,リュウ,,,,,ゆみがた,,,,,
6364,邃,スイ，シンニュウニアナカンムリニグンタイノタイノツクリ,スイ，しんにゅうに穴冠に軍隊のタイの旁,,,,,,,,,,,
6365,竇,トウ，アナカンムリニハンバイノバイノキュウジ,トウ，穴冠に販売のバイの旧字,トウ,トク,,,,あな,あなぐら,くぐ（り）,みぞ,,
6366,竊,セットウハンノセツノキュウジ,窃盗犯のセツの旧字,,,,,,,,,,,
6367,竍,リョウノタンイノデカリットル,量の単位のデカリットル,,,,,,デカリットル,,,,,
6368,竏,リョウノタンイノキロリットル,量の単位のキロリットル,,,,,,キロリットル,,,,,
6369,竕,リョウノタンイノデシリットル,量の単位のデシリットル,,,,,,デシリットル,,,,,
636A,竓,リョウノタンイノミリリットル,量の単位のミリリットル,,,,,,ミリリットル,,,,,
636B,站,ヘイタンセンノタン,兵站線のタン,タン,,,,,た（つ）,たたず（む）,うまつぎ,えき,,
636C,竚,チョ，タツヘンニウカンムリニイッチョウメノチョウ,チョ，立偏にウ冠に一丁目のチョウ,チョ,,,,,たたず（む）,たちど（まる）,ま（つ）,,,
636D,竝,ナラブノキュウジ,並ぶの旧字,,,,,,,,,,,
636E,竡,リョウノタンイノヘクトリットル,量の単位のヘクトリットル,,,,,,ヘクトリットル,,,,,
636F,竢,シ，タツヘンニアイサツノアイノツクリ,イ，立偏に挨拶のアイの旁,シ,,,,,ま（つ）,まちう（ける）,,,,
6370,竦,スクム，ショウ,すくむ，ショウ,ショウ,,,,,つつし（む）,おそ（れる）,すく（む）,つま（だつ）,そび（える）,そび（やかす）
6371,竭,ケツ，タツヘンニカッショクノカツノツクリ,ケツ，立偏に褐色のカツの旁,ケツ,,,,,か（れる）,つ（きる）,つ（くす）,ことごと（く）,,
6372,竰,リョウノタンイノセンチリットル,量の単位のセンチリットル,,,,,,センチリットル,,,,,
6373,笂,ウツボ，タケカンムリニヒノマルノマル,うつぼ，竹冠に日の丸のまる,,,,,,,,,,,
6374,笏,コツ，クゲノモツシャク,コツ，公家の持つ笏（しゃく）,コツ,,,,,しゃく,,,,,
6375,笊,ザル,ざる,ソウ,,,,,ざる,す,,,,
6376,笆,ハ，タケカンムリニトモエ,ハ，竹冠に巴,ハ,,,,,いばらだけ,たけがき,,
6377,笳,カ，アシブエ，タケカンムリニカソクドノカ,カ，あしぶえ，竹冠に加速度のカ,カ,,,,,あしぶえ,,,
6378,笘,チョウ，タケカンムリニドクセンスルノセン,チョウ，竹冠に独占するのセン,セン,チョウ,,,,ふだ,むち,,
6379,笙,フエノショウ,笛の笙（しょう）,ショウ,,,,,ふえ,しょうのふえ,,
637A,笞,ムチ，タケカンムリニダイドコロノダイ,むち，竹冠に台所のダイ,チ,,,,,むち,しもと,むちう（つ）,
637B,笵,ハン，タケカンムリニカワガハンランスルノハン,ハン，竹冠に川が氾濫するのハン,ハン,,,,,のり,いがた,,
637C,笨,ホン，タケカンムリニホンモノノホン,ホン，竹冠に本物のホン,ホン,,,,,あら（い）,そまつ（な）,おろ（かな）,
637D,笶,シ，タケカンムリニユミヤノヤ,シ，竹冠に弓矢のや,,,,,,,,,
637E,筐,キョウタイノキョウ，ハコ,筐体のキョウ，はこ,キョウ,,,,,かご,かたみ,はこ,ねだい
6421,筺,キョウタイノキョウ，ハコノイタイジ,筐体のキョウ，はこの異体字,キョウ,,,,,かご,かたみ,はこ,ねだい
6422,笄,コウガイ，ケイ，タケカンムリニトリイ,こうがい，ケイ，竹冠にとりい,ケイ,,,,,こうがい,かんざし,,
6423,筍,タケノコ，ジュン,たけのこ，ジュン,シュン,ジュン,,,,たけのこ,たけのかわ,,
6424,笋,タケノコ，ジュンノイタイジ,たけのこ，ジュンの異体字,,,,,,,,,
6425,筌,チャセンノセン，タケカンムリニゼンコクノゼン,茶筌のセン，竹冠に全国のゼン,セン,,,,,うえ,ふせご,,
6426,筅,チャセンノセン，タケカンムリニイキサキノサキ,茶筅のセン，竹冠に行先のさき,セン,,,,,ささら,,,
6427,筵,エン，ムシロ，タケカンムリニエンキスルノエン,エン，むしろ，竹冠に延期するのエン,エン,,,,,むしろ,せき,,
6428,筥,ロ，タケカンムリニオフロノロ,ろ，竹冠にお風呂のろ,キョ,,,,,はこ,いねたば,,,,
6429,筴,キョウ，タケカンムリニセマイノキュウジノツクリ,キョウ，竹冠に狭いの旧字の旁,キョウ,サク,,,,はし,はさ（む）,めどぎ,はかりごと,,
642A,筧,カケヒ，タケカンムリニケンブツスルノケン,かけひ，竹冠に見物するのケン,ケン,,,,,かけい,かけひ,,,,
642B,筰,サク，タケカンムリニサクブンノサク,サク，竹冠に作文のサク,サク,,,,,たけなわ,,,,,
642C,筱,ジョウ，シノダケノシノノイタイジ,ジョウ，篠竹の篠の異体字,ショウ,,,,,しのだけ,,,,,
642D,筬,セイ，オサ，タケカンムリニセイリツスルノセイ,セイ，おさ，竹冠に成立するのセイ,セイ,,,,,おさ,,,,,
642E,筮,ゼイチクノゼイ,筮竹のゼイ,セイ,ゼイ,,,,めどぎ,うらな（う）,うらな（い）,,,
642F,箝,カンコウレイノカン,箝口令のカン,カン,ケン,,,,はさ（む）,くびかせ,つぐ（む）,とざ（す）,,
6430,箘,キン，タケカンムリニクニガマエノナカニノギヘンノノギ,キン，竹冠に国構えの中に禾偏ののぎ,キン,,,,,しのだけ,やだけ,,,,
6431,箟,キン，タケカンムリニコンチュウノコン,キン，竹冠に昆虫のコン,,,,,,,,,,,
6432,箍,タガガハズレルノタガ,箍が外れるのたが,コ,,,,,たが,,,,,
6433,箜,ク，タケカンムリニソラ,ク，竹冠にそら,コウ,ク,,,,,,,,,
6434,箚,トウ，タケカンムリニゴウカカクノゴウニリットウ,トウ，竹冠に合格のゴウに立刀,サツ,トウ,,,,さ（す）,もうしぶみ,しる（す）,,,
6435,箋,ショホウセンノセン,処方箋のセン,セン,,,,,ふだ,はりふだ,なふだ,ときあ（かし）,てがみ,かきもの
6436,箒,ソウ，ホウキ，タケカンムリニソウジキノソウノツクリ,ソウ，ほうき，竹冠に掃除機のソウの旁,ソウ,シュウ,,,,ほうき,は（く）,はら（う）,,,
6437,箏,ソウキョクノソウ，コト,箏曲のソウ，こと,ソウ,ショウ,,,,こと,そうのこと,しょうのこと,,,
6438,筝,ソウキョクノソウ，コトノイタイジ,箏曲のソウ，ことの異体字,ソウ,ショウ,,,,こと,そうのこと,しょうのこと,
6439,箙,フク，エビラ，タケカンムリニヨウフクノフク,フク，箙，竹冠に洋服のフク,フク,,,,,えびら,やなぐい,,
643A,篋,キョウ，タケカンムリニハコガマエノナカニセマイノキュウジノツクリ,キョウ，竹冠に箱構えの中に狭いの旧字,キョウ,,,,,はこ,,,
643B,篁,コウ，タカムラ，タケカンムリニコウタイシノコウ,コウ，たかむら，竹冠に皇太子のコウ,コウ,,,,,たかむら,たけやぶ,たけ,
643C,篌,コウ，タケカンムリニオウコウキゾクノコウ,コウ，竹冠に王侯貴族のコウ,コウ,ゴ,,,,,,,
643D,篏,ハメキザイクノハメル，カンノイタイジ,嵌木細工の嵌める，カンの異体字,,,,,,,,,
643E,箴,シン，タケカンムリニハリキュウノハリノツクリ,シン，竹冠に鍼灸のはりの旁,シン,,,,,はり,いしばり,いまし（める）,いまし（め）
643F,篆,テンコクノテン,篆刻のテン,テン,,,,,,,,
6440,篝,コウ，カガリビノカガリ,コウ，篝火のかがり,コウ,,,,,かご,ふせご,かがり,
6441,篩,フルイニカケルノフルイ,篩（ふるい）に掛けるのふるい,シ,,,,,ふるい,ふる（う）,,
6442,簑,ミノノイタイジ，タケカンムリニオトロエル,蓑の異体字，竹冠に衰える,サ,サイ,,,,みの,,,
6443,簔,ミノノイタイジ，タケカンムリニオトロエルノヘンケイ,蓑の異体字，竹冠に衰えるの変形,サ,サイ,,,,みの,,,
6444,篦,ヘラ,へら,,,,,,,,,
6445,篥,ヒチリキノリキ，タケカンムリニクリノキノクリ,篳篥のリキ，竹冠に栗の木のくり,リツ,リキ,,,,,,,
6446,籠,ロウジョウスルノロウ，カゴ,籠城するのロウ，かご,,,,,,,,,
6447,簀,スノコノス,簀子のす,サク,,,,,す,すのこ,,
6448,簇,ソウ，ムラガル，タケカンムリニスイゾクカンノゾク,ソウ，むらがる，竹冠に水族館のゾク,ソウ,ソク,ゾク,,,むら（がる）,あつ（まる）,,
6449,簓,ササラ,ささら,セン,,,,,ささら,,,
644A,篳,ヒチリキノヒチ，タケカンムリニヒッキョウノヒツ,篳篥のヒチ，竹冠に畢竟のヒツ,ヒツ,ヒチ,,,,まがき,いばら,しば,
644B,篷,ホウ，トマ，タケカンムリニダンジョノアイビキノアイ,ホウ，とま，竹冠に男女の逢い引きのあい,ホウ,,,,,とま,ふね,こぶね,
644C,簗,サカナヲトルヤナ，タケカンムリニリョウザンパクノリョウ,魚をとる簗，竹冠に梁山泊のリョウ,,,,,,やな,,,
644D,簍,ロウ，タケカンムリニロウカクノロウノキュウジノツクリ,ロウ，竹冠に楼閣のロウの旧字の旁,ロウ,ル,,,,たけかご,,,
644E,篶,エン，タケカンムリニシュウエンノチノエン,エン，竹冠に終焉の地のエン,,,,,,,,,
644F,簣,キ，タケカンムリニキチョウヒンノキ,キ，竹冠に貴重品のキ,キ,,,,,あじか,もっこ,,
6450,簧,コウ，タケカンムリニキイロノキノキュウジ,コウ，竹冠に黄色のキの旧字,コウ,,,,,ふえ,しょうのふえ,した,
6451,簪,カンザシ，シン,かんざし，サン,サン,シン,,,,かんざし,かざ（す）,はや（い）,あつ（まる）
6452,簟,テン，タカムシロ，タケカンムリニニシノシタニハヤオキノハヤイ,テン，たかむしろ，竹冠に西の下に早起きの早い,テン,,,,,たかむしろ,すのこ,,
6453,簷,エン、タケカンムリニタンニンノタンノキュウジノツクリ,エン，竹冠に担任のタンの旧字の旁,エン,,,,,ひさし,のき,,
6454,簫,ショウ，タケカンムリニゲンシュクナノシュクノキュウジ,ショウ，竹冠に厳粛なのシュクの旧字,ショウ,,,,,ふえ,しょうのふえ,,
6455,簽,セン，タケカンムリニシケンヲウケルノケンノキュウジノツクリ,セン，竹冠に試験を受けるのケンの旧字の旁,セン,,,,,ふだ,はりふだ,しる（す）,みだ（し）
6456,籌,チュウ，タケカンムリニコトブキノキュウジ,チュウ，竹冠に寿の旧字,チュウ,,,,,かずとり,はかりごと,はか（る）,
6457,籃,ヨウランキノラン,揺籃期のラン,ラン,,,,,かご,あじろごし,,
6458,籔,ス，タケカンムリニカズノキュウジ,ス，竹冠に数の旧字,ソウ,,,,,こめあげざる,,,
6459,籏,ハタ，タケカンムリニハタヲフルノハタ,はた，竹冠に旗を振るのはた,,,,,,,,,
645A,籀,チュウ，タケカンムリニテヘントリュウガクセイノシュウ,チュウ，竹冠に手偏と留学生のリュウ,チュウ,,,,,よ（む）,,,
645B,籐,トウイスノトウ,籐椅子のトウ,トウ,,,,,,,,
645C,籘,トウイスノトウノイタイジ,籐椅子のトウの異体字,トウ,,,,,,,,
645D,籟,ライ，タケカンムリニイライスルノライノキュウジ,ライ，竹冠に依頼するのライの旧字,ライ,,,,,ふえ,ひび（き）,,
645E,籤,クジビキノクジ，セン,籤引きのくじ，セン,セン,,,,,くじ,うらな（う）,くし,ひご
645F,籖,クジビキノクジ，センノイタイジ,籤引きのくじ，センの異体字,セン,,,,,くじ,うらな（う）,くし,ひご
6460,籥,ヤク，タケカンムリニブシュノヤク,ヤク，竹冠に部首のヤク,ヤク,,,,,ふえ,,,
6461,籬,リ，マガキ,リ，まがき,リ,,,,,まがき,ませがき,,
6462,籵,ナガサノタンイノデカメートル,長さの単位のデカメートル,,,,,,デカメートル,,,
6463,粃,シイナ，コメヘンニヒカクスルノヒ,しいな，米偏に比較するのヒ,,,,,,,,,
6464,粐,ヌカ，コメヘンニトジマリノト,ぬか，米偏に戸締まりのと,,,,,,,,,
6465,粤,チュウゴクカントンショウヲイミスルエツ,中国広東省を意味するエツ,エツ,オチ,,,,ここ（に）,ああ,,
6466,粭,スクモ，コメヘンニゴウカクノゴウ,すくも，米偏に合格のゴウ,,,,,,,,,
6467,粢,シトギ，モクジノジノシタニコメ,しとぎ，目次のジの下に米,シ,,,,,きび,こくもつ,しとぎ,もち
6468,粫,ウルチ，コメヘンニケイジジョウノジ,うるち，米偏に形而上のジ,,,,,,,,,,,
6469,粡,トウ，コメヘンニオナジ,トウ，米偏に同じ,,,,,,,,,,,
646A,粨,ナガサノタンイノヘクトメートル,長さの単位のヘクトメートル,,,,,,ヘクトメートル,,,,,
646B,粳,ウルチマイノウルチ,粳米のうるち,コウ,,,,,うるち,ぬか,,,,
646C,粲,サン，サンゼントカガヤクノサンノツクリ,サン，燦然と輝くのサンの旁,サン,,,,,しらげよね,いい（めし）,あき（らか）,あざ（やか）,きよ（らか）,わら（う）
646D,粱,リョウ，リョウザンパクノリョウノキノカワリニコメ,リョウ，梁山泊のリョウの木の代わりに米,リョウ,,,,,あわ,こくもつ,,,,
646E,粮,ショクリョウノリョウ，カテノイタイジ,食糧のリョウ，かての異体字,,,,,,,,,,,
646F,粹,ジュンスイナノスイノキュウジ,純粋なのスイの旧字,,,,,,,,,,,
6470,粽,ソウ，チマキ,ソウ，ちまき,ソウ,,,,,ちまき,,,,,
6471,糀,コウジ，コメヘンニハナビノハナ,こうじ，米偏に花火のはな,,,,,,こうじ,,,,,
6472,糅,ジュウ，コメヘンニジュウドウノジュウ,ジュウ，米偏に柔道のジュウ,ジュウ,,,,,ま（じる）,まじ（える）,か（てる）,,,
6473,糂,サン，コメヘンニハナハダシイ,サン，米偏に甚だしい,サン,ジン,,,,こながき,ま（じる）,,,,
6474,糘,スクモ，コメヘンニイエ,すくも，米偏に家,,,,,,,,,,,
6475,糒,ヒ，ホシイイ，コメヘンニジュンビスルノビノツクリ,ヒ，ほしいい，米偏に準備するのビの旁,ヒ,ビ,,,,ほしいい,かれいい,かて,,,
6476,糜,ビランノビ,糜爛のビ,ビ,,,,,かゆ,ただ（れる）,つい（やす）,ほろ（びる）,,
6477,糢,アイマイモコノモ，コメヘンニバクダイナノバク,曖昧糢糊のモ，米偏に莫大なのバク,,,,,,,,,,,
6478,鬻,シュク，カユノシタニヘダテルノツクリ,シュク，粥の下に隔てるの旁,,,,,,,,,,,
6479,糯,モチゴメ，コメヘンニヒツジュヒンノジュ,もちごめ，米偏に必需品のジュ,ダ,ナ,,,,もちごめ,,,,,
647A,糲,レイ，コメヘンニハゲムノキュウジノヒダリガワ,レイ，米偏に励むの旧字の左側,レイ,ライ,ラツ,,,くろごめ,あら（い）,そまつ（な）,,,
647B,糴,テキ，カイヨネ,テキ，かいよね,テキ,,,,,か（う）,かいよね,いりよね,,,
647C,糶,チョウ，ウリヨネ,チョウ，うりよね,チョウ,,,,,う（る）,うりよね,だしよね,せり,,
647D,糺,キュウダンスルノキュウ，イトヘンニフダノツクリ,糺弾するのキュウ，糸偏に札の旁,キュウ,,,,,あざな（う）,ただ（す）,,,,
647E,紆,ウヨキョクセツノウ,紆余曲折のウ,ウ,,,,,ま（がる）,ま（げる）,めぐ（る）,まと（う）,まつ（わる）,むす（ぼれる）
6521,紂,インノチュウオウノチュウ，イトヘンニスンポウノスン,殷の紂王のチュウ，糸偏に寸法のスン,チュウ,,,,,しりがい,,,,,
6522,紜,ウン，イトヘンニデンセツノデンノツクリ,ウン，糸偏に伝説のデンの旁,ウン,,,,,みだ（れる）,,,,,
6523,紕,ヒ，イトヘンニヒカクスルノヒ,ヒ，糸偏に比較するのヒ,ヒ,,,,,かざ（り）,かざ（る）,あやま（り）,,,
6524,紊,ブン，フウキビンランノビン,ブン，風紀紊乱のビン,ブン,ビン,,,,みだ（れる）,みだ（す）,,,,
6525,絅,ケイ，イトヘンニコウジョウシンノコウカラテンヲトッタモノ,ケイ，糸偏に向上心のコウから点を取ったもの,ケイ,,,,,うすぎぬ,,,,,
6526,絋,イトヘンニヒロバノヒロ,糸偏に広場のヒロ,,,,,,,,,,,
6527,紮,ケッサツノサツ，ナフダノフダノシタニイト,結紮のさつ，名札のふだの下に糸,サツ,,,,,たば（ねる）,から（げる）,とど（まる）,,,
6528,紲,セツ，イトヘンニセカイノセ,セツ，糸偏に世界のセ,セツ,,,,,きずな,つな（ぐ）,,,,
6529,紿,タイ，イトヘンニダイドコロノダイ,タイ，糸偏に台所のダイ,タイ,,,,,あざむ（く）,ゆる（む）,,,,
652A,紵,チョ，イトヘンニチョキンノチョノツクリ,チョ，糸偏に貯金のチョの旁,チョ,,,,,いちび,あさぬの,
652B,絆,バンソウコウノバン，キズナ,絆創膏のバン，きずな,ハン,バン,,,,きずな,ほだ（す）,つな（ぐ）
652C,絳,コウ，イトヘンニコウスイリョウノコウノツクリ,コウ，糸偏に降水量のコウのツクリ,コウ,,,,,あか,あか（い）,
652D,絖,コウ，イトヘンニヒカリ,コウ，糸偏に光（ひかり）,コウ,,,,,わた,きぬわた,ぬめ
652E,絎,コウ，イトヘンニリョコウスルノコウ,こう，糸偏に旅行するのコウ,コウ,,,,,へり,ぬ（う）,く（ける）
652F,絲,ケイトノイトノキュウジ，イトフタツ,毛糸のいとの旧字，糸二つ,,,,,,,,
6530,絨,ソラトブジュウタンノジュウ,空飛ぶ絨毯のジュウ,ジュウ,,,,,,,
6531,絮,リュウジョノジョ，ワタ,柳絮のジョ，わた,ショ,ジョ,,,,わた,わたいれ,くど（い）
6532,絏,セツ，イトヘンニエイコウダンノエイ,せつ，糸偏に曳光弾のエイ,セツ,,,,,きずな,しば（る）,
6533,絣,カスリノキモノノカスリ,絣（かすり）の着物のかすり,,,,,,,,
6534,經,ケイケンスルノケイノキュウジ,経験するのケイの旧字,,,,,,,,
6535,綉,シシュウスルノシュウノイタイジ,刺繍するのシュウの異体字,シュウ,,,,,ぬいとり,,
6536,絛,ジョウ，ジョウケンノジョウノキュウジノキノカワリニイト,ジョウ，条件のジョウの旧字の木の代わりに糸,トウ,ジョウ,,,,さなだ,うちひも,くみひも
6537,綏,スイゼイテンノウノスイ,綏靖天皇のスイ,スイ,ダ,,,,たれひも,やす（らか）,やす（んずる）
6538,絽,ロノキモノノロ,絽（ろ）の着物のろ,リョ,ロ,,,,しまおりもの,,
6539,綛,カスリ，イトヘンニシノビ,かすり，糸偏に忍び,,,,,,かすり,かせ,
653A,綺,キレイナノキ，イトヘンニキミョウナノキ,綺麗なのキ，糸偏に奇妙なのキ,キ,,,,,あや,うつく（しい）,いろ（う）,,,,
653B,綮,ケイ，ケイハツノケイノクチノカワリニイト,けい，啓発のケイの口の代わりに糸,ケイ,,,,,はたじるし,かなめ,,,,,
653C,綣,ケン，イトヘンニノリマキノマキノキュウジ,けん，糸偏に海苔巻きのまきの旧字,ケン,,,,,まつ（わる）,ねんご（ろ）,,,,,
653D,綵,サイ，イトヘンニハクシュカッサイノサイノキュウジタイ,さい，糸偏に拍手喝采のサイのき旧字体,サイ,,,,,あやぎぬ,あや,,,,,
653E,緇,シ，イトヘンニシチョウヘイノシノツクリ,し，糸偏に輜重兵のシの旁,シ,,,,,くろぎぬ,くろ,くろ（い）,くろ（む）,,,
653F,綽,ヨユウシャクシャクノシャク,余裕綽々のシャク,シャク,,,,,ゆる（やか）,たお（やか）,,,,,
6540,綫,シンカンセンノセンノイタイジ,新幹線のセンの異体字,セン,,,,,いと,すじ,,,,,
6541,總,ソウリダイジンノソウノキュウジ,総理大臣のソウの旧字,,,,,,,,,,,,
6542,綢,チュウ，イトヘンニシュウヘンノシュウノキュウジタイ,ちゅう，糸偏に周辺のシュウの旧字,チュウ,,,,,まと（う）,まつ（わる）,こま（かい）,こみあ（う）,,,
6543,綯,ナワヲナウノナウ,縄を綯うのなう,トウ,,,,,な（う）,よりあわ（せる）,なわ,,,,
6544,緜,モメンノメンノイタイジ,木綿のメンの異体字,,,,,,,,,,,,
6545,綸,リンゲンアセノゴトシノリン,綸言汗の如しのリン,リン,カン,,,,いと,おさ（める）,つかさど（る）,おびひも,,,
6546,綟,レイ，イトヘンニモドル,レイ，糸偏に戻る,ライ,レイ,,,,もえぎいろ,もじ,もじり,,,,
6547,綰,ワン，イトヘンニケイサツカンノカン,ワン，糸偏に警察官のカン,ワン,,,,,むす（ぶ）,す（べる）,つな（ぐ）,わが（ねる）,たが（ねる）,たく（る）,たぐ（る）
6548,緘,カンモクノカン，イトヘンニシンノミヤコカンヨウノカン，,緘黙のカン，糸偏に秦の都の咸陽のカン,カン,,,,,と（じる）,とじなわ,てがみ,,,,
6549,緝,シュウ，イトヘンニクチノシタニミミ,シュウ，糸偏に口の下に耳,シュウ,,,,,つむ（ぐ）,あつ（める）,とら（える）,やわ（らげる）,ひかりかがや（く）,,
654A,緤,セツ，イトヘンニシャベルノツクリ,セツ，糸偏に喋るの旁,セツ,,,,,きずな,つな（ぐ）,,,
654B,緞,ドンスノドン，イトヘンニネダンノダン,緞子のドン，糸偏に値段のダン,タン,ダン,ドン,,,,,,,
654C,緻,チミツナノチ,緻密なのチ,チ,,,,,こま（かい）,くわ（しい）,,,
654D,緲,ビョウ，イトヘンニモクテキノモクニスクナイ,ビョウ，糸偏に目的のモクに少ない,ビョウ,,,,,かす（か）,はる（か）,,,
654E,緡,ビン，イトヘンニタミノシタニマイニチノニチ,ビン，糸偏に民の下に毎日のニチ,ビン,ミン,,,,いと,さし,,,
654F,縅,ヨロイノオドシ，イトヘンニイカクスルノイ,鎧の縅（おどし），糸偏に威嚇するのイ,,,,,,おど（す）,おどし,,,
6550,縊,イシスルノイ，クビル,縊死するのイ，くびる,イ,,,,,くび（る）,くび（れる）,くく（る）,,
6551,縣,トドウフケンノケンノキュウジ,都道府県のケンの旧字,,,,,,,,,,
6552,縡,サイ，イトヘンニテッケツサイショウノサイ,サイ，糸偏に鉄血宰相のサイ,サイ,,,,,こと,いき,,,
6553,縒,ヨリヲモドスノヨリ，イトヘンニサベツカノサ,縒りを戻すのより，糸偏に差別化のサ,シ,サク,,,,ふぞろ（い）,みだ（れる）,よ（る）,よ（り）,
6554,縱,ジュウ，タテヨコノタテノキュウジ,ジュウ，縦横の縦の旧字,,,,,,,,,,
6555,縟,ジョク，イトヘンニブジョクスルノジョク,ジョク，糸偏に侮辱するのジョク,ジョク,,,,,かざ（り）,わずら（わしい）,くど（い）,,
6556,縉,シン，イトヘンニチュウゴクノコクメイノシン，ススムノキュウジ,シン，糸偏に中国の国名の晋，晋（すすむ）の旧字,シン,,,,,うすあか（い）,さしはさ（む）,,,
6557,縋,スガリツクノスガル，ツイ，イトヘンニツイセキスルノツイ,ツイ，すがりつくのすがる，糸偏に追跡するのツイ,ツイ,,,,,すが（る）,,,,
6558,縢,イトカガリノカガル，トウ,糸縢りのかがる，トウ,トウ,,,,,から（げる）,と（じる）,かが（る）,むかばき,
6559,繆,ビュウ，イトヘンニニカワノツクリ,ビュウ，糸偏に膠の旁,ビュウ,リョウ,ボク,キュウ,,あやま（る）,たが（う）,もと（る）,いつわ（る）,まつ（わる）
655A,繦,スキ，キョウ，イトヘンニユミニイエドモノヒダリガワ,すき，キョウ，糸偏に弓に雖もの左側,キョウ,,,,,せおいおび,むつき,,,
655B,縻,キビセイサクノビ,羈縻政策のビ,ビ,,,,,きずな,つな（ぐ）,しば（る）,,
655C,縵,マン，イトヘンニマンダラノマン,マン，糸偏に曼荼羅のマン,バン,マン,,,,むじぎぬ,ゆる（やか）,つれび（き）,,
655D,縹,ヒョウ，ハナダ，イトヘンニトウヒョウスルノヒョウ,ヒョウ，はなだ，糸偏に投票するのヒョウ,ヒョウ,,,,,はなだいろ,はなだ,とお（い）,はる（か）,
655E,繃,ホウタイヲマクノホウ，イトヘンニクズレル,繃帯を巻くのホウ，糸偏に崩れる,ホウ,,,,,たば（ねる）,ま（く）,つつ（む）,,
655F,縷,イチルノノゾミノル,一縷の望みのル,ル,ロウ,,,,いと,いとすじ,ぼろ,くわ（しい）,こま（かい）
6560,縲,ルイ，イトヘンニルイセキスルノルイ,ルイ，糸偏に累積するのルイ,ルイ,,,,,なわ,しば（る）,つな（ぐ）,,
6561,縺,レン，モツレル,レン，もつれる,レン,,,,,もつ（れる）,もつ（れ）,,,
6562,繧,ウン，イトヘンニクモユキノクモ,ウン，糸偏に雲行きのくも,ウン,,,,,,,,,
6563,繝,ゲン，イトヘンニアイダノキュウジ,ゲン，糸偏に間（あいだ）の旧字,ケン,ゲン,,,,あや,にしきもよう,,,
6564,繖,サン，イトヘンニサンポミチノサン,サン，糸偏に散歩道（さんぽみち）のサン,サン,,,,,きぬがさ,あまがさ,,,
6565,繞,カンジブシュノニョウ，イトヘンニギョウシュンノギョウノキュウジ,漢字部首の繞（ニョウ），糸偏に尭舜のギョウの旧字,ジョウ,ニョウ,,,,めぐ（る）,めぐ（らす）,まと（う）,まつ（わる）,
6566,繙,ハン，ヒモトク,ハン，繙く,ハン,ホン,,,,ひもと（く）,ひるがえ（る）,ひきつづ（く）,,
6567,繚,リョウランノリョウ，イトヘンニドウリョウノリョウノツクリ,繚乱のリョウ，糸偏に同僚のリョウの旁,リョウ,,,,,まと（う）,まつ（わる）,めぐ（る）,めぐ（らす）,みだ（れる）
6568,繹,エンエキホウノエキ,演繹法のエキ,エキ,,,,,ひきだ（す）,たず（ねる）,つら（なる）,つら（ねる）,
6569,繪,カイガノカイ，エホンノエノキュウジ,絵画のカイ，絵本のえの旧字,,,,,,,,,,
656A,繩,ジョウモンドキノジョウノキュウジ,縄文土器のジョウの旧字,,,,,,,,
656B,繼,ナマチュウケイノケイノキュウジ,生中継のケイの旧字,,,,,,,,
656C,繻,オリモノノシュスノシュ,織物の繻子のシュ,シュ,ジュ,,,,うすぎぬ,しゅす,
656D,纃,シ，イトヘンニイッセイシャゲキノセイノキュウジ,シ，糸偏に一斉射撃のセイの旧字,,,,,,かすり,,
656E,緕,シ，イトヘンニイッセイシャゲキノセイ,シ，糸偏に一斉射撃のセイ,,,,,,,,
656F,繽,ヒン，イトヘンニライヒンノヒン,ヒン，糸偏に来賓のヒン,ヒン,,,,,,,
6570,辮,ベンパツノベン，カライ，シンフタツノアイダニイト,辮髪のベン，辛い二つの間に糸,ヘン,ベン,,,,あ（む）,く（む）,
6571,繿,ラン，イトヘンニエイガカントクノカン,ラン，糸偏に映画監督のカン,,,,,,,,
6572,纈,コウケチゾメノケチ,纐纈染のケチ,ケチ,ケツ,,,,しぼ（り）,しぼりぞ（め）,かすみめ
6573,纉,サン，イトヘンニサンセイスルノサン,サン，糸偏に賛成するのサン,サン,,,,,つ（ぐ）,うけつ（ぐ）,あつ（める）
6574,續,レンゾクノゾク，ツヅクノキュウジ,連続のゾク，つづくの旧字,,,,,,,,
6575,纒,ハンテンノテン，マトウノイタイジ,半纏のテン，纏うの異体字,,,,,,,,
6576,纐,コウケチゾメノコウ,纐纈染のコウ,コウ,,,,,しぼ（り）,しぼりぞ（め）,
6577,纓,エイ，イトヘンニサクラノキュウジノツクリ,エイ，糸偏に桜の旧字の旁,エイ,ヨウ,,,,ひも,むながい,まと（う）
6578,纔,ワズカヲイミスルイトヘンノサイ,僅かを意味する糸偏のサイ,サイ,,,,,わず（か）,わず（かに）,
6579,纖,カガクセンイノセンノキュウジ,化学繊維のセンの旧字,,,,,,,,
657A,纎,カガクセンイノセンノキュウジノイタイジ,化学繊維のセンの旧字の異体字,,,,,,,,,,,
657B,纛,トク，ドクヤクノドクノシタニトドウフケンノケンノキュウジ,トク，毒薬の毒の下に都道府県のケンの旧字,トウ,トク,,,,はたぼこ,,,,,
657C,纜,ラン，イトヘンニハクランカイノランノキュウジ,ラン，博覧会のランの旧字,ラン,,,,,ともづな,,,,,
657D,缸,コウ，ホトギヘンニズガコウサクノコウ,コウ，缶偏に図画工作のコウ,コウ,,,,,かめ,もたい,,,,
657E,缺,ホケツノケツ，カケルノキュウジ,補欠のケツ，欠けるの旧字,,,,,,,,,,,
6621,罅,ヒビワレルノヒビ，カ,罅割れるのひび，カ,カ,,,,,ひび,すきま,,,,
6622,罌,オウ，カイガラノカイフタツノシタニホトギ,オウ，貝殻のカイ二つの下に缶（ほとぎ）,オウ,,,,,かめ,もたい,,,,
6623,罍,ライ，タハタノタミッツノシタニホトギ,ライ，田畑のた三つの下に缶（ほとぎ）,ライ,,,,,さかだる,,,,,
6624,罎,アキビンノビン，ホトギヘンニクモリ,空きびんのビン，缶偏に曇り,ドン,,,,,さけがめ,びん,,,,
6625,罐,カンヅメノカンノキュウジ,缶詰のカンの旧字,,,,,,,,,,,
6626,网,ボウ，ブシュノアミガシラ,ボウ，部首の網頭（あみがしら）,,,,,,,,,,,
6627,罕,トリアミヲイミスルカン,鳥網を意味するカン,カン,,,,,とりあみ,はた,まれ（に）,,,
6628,罔,モウ，モウマクノモウノツクリ,モウ，網膜のモウの旁,モウ,ボウ,,,,あみ,くら（い）,おろ（か）,し（いる）,あざむ（く）,な（い）
6629,罘,フウ，アミガシラニフシギノフ,フウ，網頭に不思議のフ,フ,フウ,,,,あみ,うさぎあみ,,,,
662A,罟,コ，アミガシラニチュウコシャノコ,コ，網頭に中古車のコ,コ,,,,,あみ,うおあみ,,,,
662B,罠,ワナ，アミガシラニタミ,罠（わな），網頭に民（たみ）,ビン,ミン,,,,あみ,わな,,,,
662C,罨,アンポウノアン,罨法のアン,アン,エン,,,,あみ,おお（う）,,,,
662D,罩,トウ，アミガシラニタッキュウノタク,トウ，網頭に卓球のタク,トウ,,,,,かご,こ（める）,,,,
662E,罧,シノヅケ，アミガシラニミツリンノリン,しのづけ，網頭に密林のリン,シン,,,,,ふしづけ,ふし,,,,
662F,罸,ツミトバツノバツノイタイジ,罪と罰のバツの異体字,,,,,,,,,,,
6630,羂,ケン，アミガシラニキヌイトノキヌ,ケン，網頭に絹糸のきぬ,ケン,,,,,わな,くく（る）,,,,
6631,羆,ヒグマ，アミガシラニクマ,ひぐま，網頭に熊,ヒ,,,,,ひぐま,,,,,
6632,羃,ベキ，アミガシラニジマクノマク,ベキ，網頭に字幕のマク,ベキ,,,,,おお（う）,,,,,
6633,羈,キビセイサクノキ,羈縻政策のキ,キ,,,,,おもがい,たづな,つな（ぐ）,とりし（まる）,たび,たびびと
6634,羇,キ，アミガシラニカクメイノカクニキミョウナノキ,キ，網頭に革命のカクに奇妙なのキ,キ,,,,,たび,たびびと,,,,
6635,羌,チュウゴクホクセイブミンゾクノヒトツ，キョウ，ヒツジノシタニヒトアシ,中国北西部民族の一つ，キョウ，羊の下に人足（ひとあし）,キョウ,,,,,えびす,,,,,
6636,羔,コウ，コヒツジ，ヒツジノシタニレンガ,コウ，こひつじ，羊の下に連火,コウ,,,,,こひつじ,,,,,
6637,羞,シュウチシンノシュウ,羞恥心のシュウ,シュウ,,,,,すす（める）,そなえもの,は（じる）,はずかし（める）,はじ,はずかし（め）
6638,羝,テイ，オヒツジ，ヒツジヘンニテイコウスルノテイノツクリ,テイ，おひつじ，羊編に抵抗するのテイの旁,テイ,,,,,おひつじ,,,,,
6639,羚,レイ，ヒツジヘンニメイレイスルノレイ,レイ，羊編に命令するのレイ,リョウ,レイ,,,,かもしか,,,,,
663A,羣,グンシュウノグン，ムレルノイタイジ,群衆のグン，群れるの異体字,,,,,,,,,,,
663B,羯,ガッキノカッコノカツ,楽器の鞨鼓のカツ,カツ,,,,,えびす,,,,,
663C,羲,チュウゴクノデンセツジョウノテンシ，フクギノギ,中国の伝説上の天子，伏羲のギ,ギ,,,,,,,,,,,
663D,羹,ミズヨウカンノカン，アツモノ,水羊羹のカン，あつもの,コウ,カン,,,,あつもの,,,,,,
663E,羮,ミズヨウカンノカン，アツモノノイタイジ,水羊羹のカン，あつものの異体字,,,,,,,,,,,,
663F,羶,セン，ヒツジヘンニブツダンノダンノツクリ,セン，羊編に仏壇のダンの旁,セン,,,,,なまぐさ（い）,,,,,,
6640,羸,ルイジャクノルイ,羸弱のルイ,ルイ,,,,,や（せる）,つか（れる）,よわ（い）,よわ（る）,,,
6641,譱,ゼンアクノゼン，ヨイノイタイジ,善悪のゼン，よいの異体字,,,,,,,,,,,,
6642,翅,シ，ササエルノミギニウモウノウ,シ，支えるの右に羽毛のウ,シ,,,,,つばさ,はね,ひれ,,,,
6643,翆,ヒスイノスイノイタイジ,翡翠のスイの異体字,,,,,,,,,,,,
6644,翊,ヨク，ドクリツノリツノミギニウモウノウ,ヨク，独立のリツの右に羽毛のウ,ヨク,,,,,とびこ（える）,あくるひ,たす（ける）,,,,
6645,翕,キュウ，ゴウカクスルノゴウニウモウノウ,キュウ，合格するのゴウに羽毛のウ,キュウ,,,,,お（こる）,さか（ん）,あつ（める）,あつ（まる）,と（じる）,,
6646,翔,ヒショウスルノショウ，カケル，ヒツジニウモウノウ,飛翔するのショウ，かける，羊偏に羽毛のウ,ショウ,,,,,かけ（る）,と（ぶ）,,,,,
6647,翡,ヒスイノヒ，ヒジョウグチノヒノシタニウモウノウ,翡翠のヒ，非常口のヒの下に羽毛のウ,ヒ,,,,,かわせみ,,,,,,
6648,翦,セン，マエウシロノマエノシタニウモウノウ,セン，前後ろのまえの下に羽毛のウ,セン,,,,,き（る）,そ（ぐ）,ほろ（ぼす）,はさ（む）,,,
6649,翩,ヘンポントヒルガエルノヘン,翩翻と翻るのヘン,ヘン,,,,,ひるがえ（る）,,,,,,
664A,翳,カゲリ，エイ，オイシャサンノイニルマタ，ソノシタニウモウノウ,かげり，エイ，お医者さんのイに殳（るまた），その下に羽毛のウ,エイ,,,,,かげ,かげ（る）,かげ（り）,かざ（す）,かざ（し）,くも（り）,かす（む）
664B,翹,ギョウ，ギョウシュンノギョウノキュウジニウモウノウ,ギョウ，尭舜のギョウの旧字に羽毛のウ,ギョウ,,,,,あ（げる）,つまだ（てる）,すぐ（れる）,,,,
664C,飜,ホンヤクスルノホンノイタイジ,翻訳するのホンの異体字,,,,,,,,,,
664D,耆,キ，ロウジンノロウノシタニマイニチノニチ,キ，老人のロウの下に毎日のニチ,キ,シ,,,,お（いる）,としよ（り）,おさ,たしな（む）,
664E,耄,モウロクスルノモウ，ロウジンノロウノシタニケイトノケ,耄碌するのモウ，老人のロウの下に毛糸のけ,モウ,ボウ,,,,としよ（り）,おいぼ（れる）,ほう（ける）,,
664F,耋,テツ，ロウジンノロウノシタニダイシキュウノシ，,テツ，老人のロウの下に大至急のシ,テツ,,,,,としよ（り）,お（いる）,,,
6650,耒,ライ，ブシュノスキヘン,ライ，部首の耒偏,,,,,,,,,,
6651,耘,コウウンキノウン，ブシュノスキヘンニウンヌンノウン,耕耘機のウン，耒偏に云々のウン,ウン,,,,,くさぎ（る）,のぞ（く）,,,
6652,耙,ハ，スキヘンニトモエ,ハ，耒偏に巴（ともえ）,ハ,,,,,まぐわ,,,,
6653,耜,シ，スキヘンニケイサツカンノカンノシタガワ,シ，耒偏に警察官のカンの下側,シ,,,,,すき,,,,
6654,耡,ジョ，スキヘンニキュウジョスルノジョ,ジョ，耒偏に救助するのジョ,ジョ,ソ,,,,す（く）,たがや（す）,すき,,
6655,耨,ドウ，スキヘンニブジョクスルノジョク,ドウ，耒偏に侮辱するのジョク,ドウ,,,,,くわ,す（く）,くさぎ（る）,,
6656,耿,コウ，ミミヘンニカヨウビノカ,コウ，耳偏に火曜日のカ,コウ,,,,,あき（らか）,ひか（る）,ひかり,,
6657,耻,ハジヲカクノハジノイタイジ,恥をかくの恥の異体字,,,,,,,,,,
6658,聊,ブリョウヲカコツノリョウ,無聊を託つのリョウ,リョウ,,,,,みみな（り）,たよ（る）,たの（しむ）,いささ（か）,
6659,聆,レイ，ミミヘンニメイレイスルノレイ,レイ，耳偏に命令するのレイ,リョウ,レイ,,,,き（く）,さと（る）,,,
665A,聒,カツ，ミミヘンニシタヲカムノシタ,カツ，耳偏に舌を噛むのした,カツ,,,,,かまびす（しい）,おろ（か）,,,
665B,聘,ショウヘイスルノヘイ,招聘するのヘイ,ヘイ,,,,,と（う）,おとず（れる）,まね（く）,め（す）,めと（る）
665C,聚,ジュラクダイノジュ,聚楽第のジュ,シュウ,ジュ,,,,あつ（まる）,あつ（める）,なかま,たくわ（え）,むらざと,
665D,聟,ムコノイタイジ，ツウチヒョウノチノシタニミミ,婿の異体字，通知表のチの下に耳,婿に同じ,,,,,,,,,,
665E,聢,シカト，ミミヘンニサダメル,しかと，耳偏に定める,,,,,,しか（と）,,,,,
665F,聨,ミミヘンノレンゴウノレンノイタイジ,耳偏の聯合のレンの異体字,,,,,,,,,,,
6660,聳,ソビエル,聳（そび）える,ショウ,,,,,おそ（れる）,つつし（む）,そび（える）,そばだ（つ）,そび（やかす）,すす（める）
6661,聲,オンセイノセイ，コエノキュウジ,音声のセイ，こえの旧字,,,,,,,,,,,
6662,聰,ソウメイナノソウノキュウジ,聡明なのソウの旧字,,,,,,,,,,,
6663,聶,ジョウ，ミミミッツ,ジョウ，耳三つ,ショウ,ジョウ,,,,ささや（く）,,,,,
6664,聹,ネイ，ミミヘンニテイネイノネイ,ネイ，耳偏に丁寧のネイ,,,,,,,,,,,
6665,聽,ホチョウキノチョウノキュウジ,補聴器のチョウの旧字,,,,,,,,,,,
6666,聿,イツ，ブシュノフデヅクリ,イツ，部首の筆旁,イチ,イツ,,,,ふで,の（べる）,おさ（める）,すばや（い）,,
6667,肄,イ，ギモンノギノヒダリガワニフデヅクリ,イ，疑問のギの左側に筆旁,イ,,,,,なら（う）,ひこばえ,,,,
6668,肆,シ，ケイヤクショニツカウスウジノヨン,シ，契約書に使う数字のヨン,シ,,,,,ほしいまま,つら（ねる）,なら（べる）,みせ,,
6669,肅,ゲンシュクナノシュクノキュウジ,厳粛なのシュクの旧字,,,,,,,,,,,
666A,肛,オシリノコウモンノコウ,お尻の肛門のコウ,コウ,,,,,しりのあな,は（れる）,,,,
666B,肓,ヤマイコウコウノウシロノコウ,病膏肓の後ろのコウ,コウ,,,,,むなもと,,,,,
666C,肚,ズ，ニクヅキニドヨウビノド,ズ，肉月に土曜日のド,ト,,,,,はら,いぶくろ,,
666D,肭,ドツ，ニクヅキニコクナイノナイ,どつ，肉月に国内のナイ,ドツ,,,,,,,,
666E,冐,ボウケンカノボウノイタイジ,冒険家のボウの異体字,,,,,,,,,
666F,肬,イボ，ユウ，ニクヅキニモットモ,いぼ，ユウ，肉月に尤も,ユウ,,,,,いぼ,は（れる）,,
6670,胛,コウ，ニクヅキニコウオツノコウ,コウ，肉月に甲乙のコウ,コウ,,,,,かいがらぼね,,,
6671,胥,ショ，オリモノノタンイノヒキノシタニニクヅキ,ショ，織物の単位の疋の下に肉月,ショ,ソ,,,,しおから,たが（いに）,みな,こやくにん
6672,胙,ソ，ニクヅキニムカシナガラノナガラ,ソ，肉月に昔ながらのながら,ソ,,,,,ひもろぎ,そなえもの,,
6673,胝,チ，ニクヅキニテイコウスルノテイノツクリ,チ，肉月に抵抗するのテイの旁,チ,,,,,たこ,まめ,あかぎれ,
6674,胄,チュウ，リユウノユウノシタニニクヅキ,チュウ，理由のユウの下に肉月,チュウ,,,,,よつぎ,ちすじ,,
6675,胚,ハイガマイノハイ,胚芽米のハイ,ハイ,,,,,はら（む）,はじ（め）,きざ（し）,
6676,胖,ハン，ニクヅキニハンブンノハン,ハン，肉月に半分のハン,ハン,,,,,ゆた（か）,ふと（る）,,
6677,脉,サンミャクノミャクノイタイジ，ニクヅキニエイキュウノエイ,山脈のミャクの異体字，肉月に永久のエイ,,,,,,,,,
6678,胯,コ，ニクヅキニハカマノツクリ,コ，肉月に袴の旁,コ,,,,,また,また（ぐ）,また（がる）,
6679,胱,ボウコウエンノコウ,膀胱炎のコウ,コウ,,,,,ゆばりぶくろ,,,
667A,脛,ケイ，スネ，ニクヅキニケイツイノケイノヒダリガワ,ケイ，すね，肉月に頸椎のケイの左側,ケイ,,,,,すね,はぎ,,
667B,脩,ソクシュウヲオサメルノシュウ,束脩を納めるのシュウ,シュウ,,,,,ほじし,おさ（める）,なが（い）,
667C,脣,シン，クチビル，ジュウニシノタツノシタニニクヅキ,シン，くちびる，十二支の辰の下に肉月,シン,,,,,くちびる,,
667D,脯,ホ，ニクヅキニシジンノトホノホ,ホ，肉月に詩人の杜甫のホ,フ,ホ,,,,ほじし,,
667E,腋,エキ，ワキ，ニクヅキニヨルヒルノヨル,エキ，わき，肉月に夜昼のよる,エキ,,,,,わき,わきのした,
6721,隋,ケンズイシノズイ,遣隋使のズイ,,,,,,,,
6722,腆,テン，ニクヅキニコクゴジテンノテン,テン，肉月に国語辞典のテン,テン,,,,,あつ（い）,てあつ（い）,おお（いに）
6723,脾,ゾウキノヒゾウノヒ,臓器の脾臓のヒ,ヒ,,,,,ひぞう,もも,
6724,腓,ヒコツノヒ，コムラ,腓骨のヒ，こむら,ヒ,,,,,こむら,ふくらはぎ,
6725,腑,フヌケノフ,腑抜けのフ,フ,,,,,はらわた,こころ,
6726,胼,ヘイ，ニクヅキニヘイゴウスルノヘイノツクリ,ヘイ，肉月に併合するのヘイの旁,ヘン,,,,,たこ,まめ,あかぎれ
6727,腱,アキレスケンノケン,アキレス腱のケン,ケン,,,,,すじ,,
6728,腮,エラ，ニクヅキニシアンガオノシ,えら，肉月に思案顔のシ,サイ,,,,,あご,あぎと,えら
6729,腥,セイ，ニクヅキニワクセイノセイ,セイ，肉月に惑星のセイ,ショウ,セイ,,,,なまぐさ（い）,みにく（い）,けが（らわしい）
672A,腦,ズノウメイセキノノウノキュウジ,頭脳明晰のノウの旧字,,,,,,,,
672B,腴,ユ，ニクヅキニシュユノマノユ,ユ，肉月に須臾の間のユ,ユ,,,,,こ（える）,あぶら,ゆた（か）
672C,膃,オットセイノオツ,膃肭臍のオツ,オツ,,,,,,,
672D,膈,カク，ニクヅキニヘダテルノツクリ,カク，肉月に隔てるの旁,カク,,,,,,,
672E,膊,ジョウハクコツノハク,上膊骨のハク,ハク,,,,,ほじし,うで,,,,
672F,膀,ボウコウエンノボウ,膀胱炎のボウ,ホウ,ボウ,,,,ゆばりぶくろ,,,,,
6730,膂,リョ，リョヒノリョノシタニニクヅキ,リョ，旅費のリョの下に肉月,リョ,ロ,,,,せぼね,ちから,,,,
6731,膠,コウゲンビョウノコウ，ニカワ,膠原病のコウ，にかわ,コウ,,,,,にかわ,にかわ（する）,つ（く）,かた（い）,あや（まる）,みだ（れる）
6732,膕,カク，ニクヅキニユキグニノクニノキュウジ,カク，肉月に雪国のくにの旧字,,,,,,,,,,,
6733,膤,ユキ，ニクヅキニユキグニノユキ,ゆき，肉月に雪国のゆき,,,,,,,,,,,
6734,膣,チツ，ニクヅキニチッソノチツ,チツ，肉月に窒素のチツ,チツ,,,,,,,,,,
6735,腟,チツ，ニクヅキニキョウシツノシツ,チツ，肉月に教室のシツ,チツ,,,,,,,,,,
6736,膓,チョクチョウノチョウノイタイジ，ニクヅキニキリキズノキズノツクリ,直腸のチョウの異体字，肉月に切り傷のきずの旁,,,,,,,,,,,
6737,膩,ジ，ニクヅキニケイヤクショニツカウカンスウジノニノキュウジ,ジ，肉月に契約書に使う漢数字の二の旧字,ジ,ニ,,,,あぶら,あか,あぶらあか,なめ（らか）,,
6738,膰,ハン，ニクヅキニバンゴウノバン,ハン，肉月に番号のバン,ハン,,,,,ひもろぎ,,,,,
6739,膵,スイゾウノスイ,膵臓のスイ,スイ,,,,,,,,,,
673A,膾,ジンコウニカイシャスルノカイ，ナマス,人口に膾炙するのカイ，なます,カイ,,,,,なます,なます（にする）,,,,
673B,膸,セキズイノズイノイタイジ,脊髄のズイの異体字,,,,,,,,,,,
673C,膽,ダイタンナノタンノキュウジ,大胆なのタンの旧字,,,,,,,,,,,
673D,臀,シリヲイミスルデンブノデン,尻を意味する臀部のデン,デン,,,,,しり,そこ,,,,
673E,臂,ハチメンロッピノヒ，ヒジ,八面六臂のヒ，ひじ,ヒ,,,,,うで,ひじ,,,
673F,膺,ケンケンフクヨウノヨウ,拳々服膺のヨウ,オウ,ヨウ,,,,むね,う（ける）,ひきう（ける）,う（つ）,
6740,臉,セン，ニクヅキニマブタノツクリ,セン，肉月に瞼の旁,ケン,,,,,ほお,かお,,,
6741,臍,セイカタンデンノセイ，ヘソ,臍下丹田のセイ，へそ,サイ,セイ,,,,へそ,ほぞ,,,
6742,臑,ジュ，ニクヅキニジュヨウトキョウキュウノジュ,ジュ，肉月に需要と供給のジュ,ジ,ジュ,ドウ,,,やわ（らか）,に（る）,すね,,
6743,臙,エン，ニクヅキニツバメ,エン，肉月に燕,エン,,,,,のど,べに,,,
6744,臘,ロウ，ニクヅキニリョウジュウノリョウノキュウジノツクリ,ロウ，肉月に猟銃のリョウの旧字の旁,ロウ,,,,,く（れ）,,,,
6745,臈,ロウ，ニクヅキニクズモチノクズ,ロウ，肉月に葛餅のくず,,,,,,,,,,
6746,臚,ロ，ニクヅキニハゼノキノハゼノツクリ,ロ，肉月に櫨の木のはぜの旁,リョ,ロ,,,,はだ,なら（べる）,つた（える）,,
6747,臟,ゴゾウロップノゾウノイタイジ,五臓六腑のゾウの異体字,,,,,,,,,,
6748,臠,レン，コイビトノコイノキュウジノココロノカワリニニク,レン，恋人のこいの旧字の心の代わりに肉,レン,,,,,きりみ,きりにく,みそなわ（す）,,
6749,臧,ゾウ，レイゾウコノゾウノイタイジカラクサカンムリヲトッタカタチ,ゾウ，冷蔵庫のゾウの異体字から草冠を取った形,ゾウ,ソウ,,,,よ（い）,おさ（める）,かく（す）,まいない,しもべ
674A,臺,ダイドコロノダイノキュウジ,台所のダイの旧字,,,,,,,,,,
674B,臻,シン，ブシュノイタルニシンノシコウテイノシン,シン，部首の至（いたる）に秦の始皇帝のシン,シン,,,,,いた（る）,きた（る）,おお（い）,,
674C,臾,シュユノマノユ,須臾の間のユ,ユ,ヨウ,,,,ひきと（める）,しばら（く）,わず（か）,すす（める）,
674D,舁,カゴヲカクノカク,駕篭を舁くのかく,ヨ,,,,,か（ぐ）,かつ（ぐ）,,,
674E,舂,ウスヅク，ショウ,うすづく，ショウ,ショウ,,,,,うすづ（く）,つ（く）,
674F,舅,シュウト,しゅうと,キュウ,,,,,しゅうと,おじ,
6750,與,アタエル，キュウヨノヨノキュウジ,与える，供与のヨの旧字,,,,,,,,
6751,舊,キュウレキノキュウノキュウジ,旧暦のキュウの旧字,,,,,,,,
6752,舍,ガッコウノコウシャノシャノキュウジ,学校の校舎のシャの旧字,,,,,,,,
6753,舐,ナメル，シタヘンニウジガミノウジ,なめる，舌偏に氏神のうじ,シ,,,,,な（める）,ねぶ（る）,
6754,舖,ホソウドウロノホノキュウジ,舗装道路のホの旧字,,,,,,,,
6755,舩,フネ，フネヘンニオオヤケ,ふね，舟偏に公（おおやけ）,,,,,,,,
6756,舫,モヤイムスビノモヤイ,舫結びのもやい,ホウ,,,,,ふね,もやいぶね,もや（う）
6757,舸,カ，フネヘンニカノウセイノカ,カ，舟偏に可能性のカ,カ,,,,,ふね,おおぶね,
6758,舳,フネノヘサキ，フネヘンニリユウノユウ,船のへさき，舟偏に理由のユウ,ジク,チク,,,,へさき,とも,かじ
6759,艀,ハシケ,はしけ,フ,ブ,フウ,,,こぶね,はしけ,
675A,艙,ソウ，フネヘンニカマクラバクフノクラ,ソウ，舟偏に鎌倉幕府のくら,ソウ,,,,,ふなぐら,,
675B,艘,フネヲカゾエルタンイノソウ,船を数える単位のソウ,ソウ,,,,,ふね,,
675C,艝,ソリ，フネヘンニユキグニノユキ,そり，舟偏に雪国のゆき,,,,,,そり,,
675D,艚,ソウ，フネヘンニソウトウシュウノソウ,ソウ，舟偏に曹洞宗のソウ,ソウ,ゾウ,,,,こぶね,,
675E,艟,トウ，フネヘンニグリムドウワノドウ,トウ，舟偏にグリム童話のドウ,トウ,ドウ,,,,いくさぶね,,,,,,
675F,艤,ギ，フネヘンニギムノギ,ギ，舟偏に義務のギ,ギ,,,,,ふなよそお（い）,,,,,,
6760,艢,ショウ，フネヘンニリンショクノショク,ショウ，舟偏に吝嗇のショク,ショウ,,,,,ほばしら,,,,,,
6761,艨,モウ，フネヘンニケイモウスルノモウ,モウ，舟偏に啓蒙するのモウ,ボウ,モウ,,,,いくさぶね,,,,,,
6762,艪,フナコギニツカウロ，フネヘンニロドンナノロ,船漕ぎに使う艪（ろ），舟偏に魯鈍なのロ,ロ,,,,,かい,,,,,,
6763,艫,フネノトモ，フネヘンニハゼノキノハゼノツクリ,船の艫（とも），舟偏に櫨の木のはぜの旁,ロ,,,,,とも,へさき,,,,,
6764,舮,フネノトモ，フネヘンニトジマリノト,船の艫（とも），舟偏に戸締まりのと,,,,,,,,,,,,
6765,艱,カンナンシンクノカン,艱難辛苦のカン,カン,,,,,なや（む）,くる（しむ）,かた（い）,むずか（しい）,けわ（しい）,なや（み）,
6766,艷,ヨウエンナノエン，ツヤノキュウジ,妖艶なのエン，つやの旧字,,,,,,,,,,,,
6767,艸,ソウ，ブシュノクサカンムリ,ソウ，部首の草冠,ソウ,,,,,くさ,,,,,,
6768,艾,モグサ，ガイ,もぐさ，ガイ,ガイ,,,,,よもぎ,もぐさ,としよ（り）,か（る）,おさ（める）,,
6769,芍,ショクブツノシャクヤクノシャク,植物の芍薬のシャク,シャク,,,,,,,,,,,
676A,芒,ボウ、クサカンムリニボウメイスルノボウ,ボウ，草冠に亡命するのボウ,ボウ,,,,,のぎ,けさき,きっさき,すすき,かす（か）,くら（い）,つか（れる）
676B,芫,ゲン、クサカンムリニゲンキナノゲン,ゲン，草冠に元気なのゲン,ゲン,,,,,さつまふじ,ふじもどき,,,,,
676C,芟,サン、クサカンムリニルマタ,サン，草冠にるまた,サン,セン,,,,か（る）,とりのぞ（く）,,,,,
676D,芻,スウ、ハンスウドウブツノスウ,スウ，反芻動物のスウ,シュ,ス,スウ,,,か（る）,くさか（り）,まぐさ,わら,,,
676E,芬,アクシュウフンプンノフン,悪臭芬々のフン,フン,,,,,かお（る）,かお（り）,こうば（しい）,おお（い）,
676F,苡,イ、クサカンムリニイジョウイカノイ,イ，草冠に以上以下のイ,イ,シ,,,,,,,,
6770,苣,キョ、クサカンムリニキョダイナノキョ,キョ，草冠に巨大なのキョ,キョ,,,,,たいまつ,ちさ,ちしゃ,,
6771,苟,イヤシクモ、クサカンムリニハイクノク,苟も，草冠に俳句のク,コウ,,,,,いやしく（も）,かりそめ,まこと（に）,,
6772,苒,ゼン、フタタビノイッカクメノカワリニクサカンムリ,ゼン，再びの一画目の代わりに草冠,,,,,,,,,,
6773,苴,ショ、クサカンムリニクミノツクリ,ショ，草冠に組の旁,ショ,サ,,,,つと,あさ,くろ（い）,おぎな（う）,ちり
6774,苳,トウ、クサカンムリニフユヤスミノフユ,トウ，草冠に冬休みのふゆ,トウ,,,,,ふき,,,,
6775,苺,クダモノノイチゴ、クサカンムリニハハ,果物のイチゴ，草冠に母,バイ,マイ,,,,いちご,こけ,,,
6776,莓,クダモノノイチゴ、クサカンムリニマイニチノマイ,果物のイチゴ，草冠に毎日のマイ,バイ,マイ,,,,いちご,こけ,,,
6777,范,ハン、クサカンムリニカワガハンランスルノハン,ハン，草冠に川が氾濫するのハン,ハン,,,,,いがた,かた,のり,,
6778,苻,フ、クサカンムリニフロクノフ,フ，草冠に付録のフ,フ,,,,,あまかわ,さや,,,
6779,苹,ヘイ、クサカンムリニヘイボンナノヘイ,ヘイ，草冠に平凡なのヘイ,ヒョウ,ヘイ,,,,うきくさ,よもぎ,,,
677A,苞,ホウ、クサカンムリニツツム,ホウ，草冠に包む,ホウ,,,,,つつ（む）,つつ（み）,つと,みやげもの,ねもと
677B,茆,ボウ、クサカンムリニジュウニシノウサギ,ボウ，草冠に十二支の卯,ボウ,,,,,ぬなわ,じゅんさい,かや,,
677C,苜,モク、クサカンムリニモクテキノモク,モク，草冠に目的のモク,モク,ボク,,,,,,,,
677D,茉,マツ、クサカンムリニネンマツノマツ,マツ，草冠に年末のマツ,バツ,マツ,,,,,,,,
677E,苙,リュウ、クサカンムリニドクリツノリツ,リュウ，草冠に独立のリツ,リュウ,,,,,よろいぐさ,,,,
6821,茵,イン、クサカンムリニインガオウホウノイン,イン，草冠に因果応報のイン,イン,,,,,しとね,しきもの,,,
6822,茴,ウイキョウノウイ、クサカンムリニカイスウケンノカイ,茴香のウイ，草冠に回数券のカイ,ウイ,カイ,,,,,,,,
6823,茖,カク、クサカンムリニオノオノ,カク，草冠に各,,,,,,,,,,
6824,茲,シ、クサカンムリニイトガシラフタツ,シ，草冠に糸頭二つ,,,,,,,,,,
6825,茱,シュ，クサカンムリニシュイロノシュ,シュ，草冠に朱色のシュ,シュ,,,,,,,,,
6826,荀,ジュン，クサカンムリニゲジュンノジュン,ジュン，草冠に下旬のジュン,シュン,ジュン,,,,,,,,
6827,茹,ジョ，ユデル，クサカンムリニトツジョノジョ,ジョ，茹でる，草冠に突如のジョ,ジョ,ニョ,,,,く（う）,くさ（る）,な,ゆ（でる）,う（だる）
6828,荐,セン，クサカンムリニソンザイスルノソン,セン，草冠に存在するのソン,セン,ゼン,,,,かさ（ねる）,あつ（まる）,しき（りに）,しばしば,
6829,荅,トウ，クサカンムリニゴウカクノゴウ,トウ，草冠に合格のゴウ,トウ,,,,,あずき,こた（える）,,,
682A,茯,ブクリョウノブク，クサカンムリニキフクニトムノフク,茯苓のブク，草冠に起伏に富むのフク,フク,ブク,,,,,,,,
682B,茫,ボウゼンジシツノボウ，クサカンムリニサンズイニボウメイスルノボウ,茫然自失のボウ，草冠に三水に亡命するのボウ,ボウ,モウ,,,,とお（い）,ひろ（い）,はる（か）,,
682C,茗,ミョウガノミョウ，クサカンムリニナマエノナ,茗荷のミョウ，草冠に名前のナ,メイ,ミョウ,,,,ちゃ,ちゃのめ,よ（う）,,
682D,茘,クダモノノレイシノレイ，クサカンムリニカタナガミッツ,果物の茘枝のレイ，草冠に刀が三つ,リ,レイ,,,,おおにら,,,,
682E,莅,リ，クサカンムリニタンイノイ,リ，草冠に単位のイ,リ,,,,,のぞ（む）,ゆ（く）,おこな（う）,,
682F,莚,エン，ムシロ，クサカンムリニエンキスルノエン,エン，むしろ，草冠に延期するのエン,エン,,,,,の（びる）,はびこ（る）,むしろ,,
6830,莪,ガ，クサカンムリニガマンノガ,ガ，草冠に我慢のガ,ガ,,,,,つのよもぎ,きつねあざみ,,
6831,莟,カン，クサカンムリニフクメル,カン，草冠に含める,ガン,,,,,つぼみ,はなしべ,,
6832,莢,キョウ，マメノサヤ,キョウ，豆の莢（さや）,キョウ,,,,,さや,,,
6833,莖,チカケイノケイノキュウジ,地下茎のケイの旧字,,,,,,,,,
6834,茣,ゴザノゴ，クサカンムリニゴフクヤノゴノキュウジケイ,茣蓙のゴ，草冠に呉服屋のゴの旧字形,ゴ,,,,,,,,
6835,莎,サ、クサカンムリニゴブサタノサ,サ，草冠のご無沙汰のサ,サ,,,,,はなすげ,,,
6836,莇,ショ、クサカンムリニキュウジョスルノジョ,ショ，草冠に救助するのジョ,,,,,,,,,
6837,莊,ベッソウチノソウノイタイジ,別荘地のソウの異体字,,,,,,,,,
6838,荼,ダビニフスノダ,荼毘に付すのダ,ト,タ,ダ,,,にがな,くる（しみ）,,
6839,莵,ト，クサカンムリニウサギノイタイジ,ト，草冠に兔の異体字,,,,,,,,,
683A,荳,トウ、マメ、クサカンムリニマメモチノマメ,トウ，まめ，草冠に豆餅のまめ,トウ,ズ,,,,まめ,,,
683B,荵,ニン、クサカンムリニニンジャノニン,ニン，草冠に忍者のニン,ジン,ニン,,,,しのぶ,しのぶぐさ,,
683C,莠,ユウ，クサカンムリニヒイデル,ユウ，草冠に秀でる,ユウ,,,,,はぐさ,えのころぐさ,わるいもの,みにく（い）
683D,莉,リ、クサカンムリニリエキノリ,リ，草冠に利益のリ,リ,レイ,,,,,,,
683E,莨,ロウ、タバコ、クサカンムリニカイリョウスルノリョウ,ロウ，たばこ，草冠に改良するのリョウ,ロウ,,,,,ちからぐさ,まぐさ,たばこ,
683F,菴,アン，イオリ，クサカンムリニキソクエンエンノエン,アン，いおり，草冠に気息奄々のエン,アン,,,,,いおり,,,
6840,萓,ギ、クサカンムリニベンギノギ,ギ，草冠に便宜のギ,,,,,,,,,,
6841,菫,ショクブツノスミレ,植物のすみれ,キン,,,,,すみれ,とりかぶと,,,
6842,菎,コン、クサカンムリニコンチュウノコン,コン，草冠に昆虫のコン,コン,,,,,,,,,
6843,菽,シュク、クサカンムリニシュクジョノシュクノツクリ,シュク，草冠に淑女のシュクの旁,シュク,,,,,まめ,,,,
6844,萃,スイ、クサカンムリニソツギョウノソツ,スイ，草冠に卒業のソツ,スイ,,,,,くさむら,あつ（まる）,あつ（める）,やつ（れる）,
6845,菘,スズナ、クサカンムリニマツノキノマツ,すずな，草冠に松の木のマツ,シュウ,スウ,,,,すずな,とうな,つけな,,
6846,萋,セイ、クサカンムリニアイサイカノサイ,セイ，草冠に愛妻家のサイ,,,,,,,,,,
6847,菁,セイ、カブ、クサカンムリニセイシュンノセイノキュウジタイ,セイ，かぶ，草冠に青春のセイの旧字体,ショウ,セイ,,,,かぶ,かぶら,かぶらな,,
6848,菷,ソウ、ホウキ，クサカンムリニソウジキノソウノツクリ,ソウ，ほうき，草冠に掃除機のソウの旁,,,,,,,,,,
6849,萇,チョウ、クサカンムリニチョウナンノチョウ,チョウ，草冠に長男のチョウ,,,,,,,,,,
684A,菠,ハ、クサカンムリニハチョウガアウノハ,ハ，草冠に波長が合うのハ,ハ,ホウ,,,,,,,,
684B,菲,ヒ、クサカンムリニヒジョウグチノヒ,ヒ，草冠に非常口のヒ,ヒ,,,,,うす（い）,つ（まらない）,かんば（しい）,,
684C,萍,ヘイ，クサカンムリニサンズイニヘイワノヘイ,ヘイ，草冠に三水に平和のヘイ,ビョウ,ヘイ,,,,うきくさ,よもぎ,,,
684D,萢,ヤチ、クサカンムリニアワダテルノアワ,ヤチ，草冠に泡立てるのあわ,,,,,,やち,やつ,,,
684E,萠,ホウガノホウ，モエルノイタイジ,萌芽のホウ，萌えるの異体字,,,,,,,,,,
684F,莽,ソウモウノシンノモウ,草莽の臣のモウ,モウ,ボウ,,,,くさぶか（い）,くさむら,おお（きい）,ひろ（い）,あら（い）
6850,萸,ユ、クサカンムリニシュユノマノユ,ユ，草冠に須臾の間のユ,,ユ,,,,,,,,
6851,蔆,ヒシガタノヒシノイタイジ,菱形のひしの異体字,,,,,,,,,,
6852,菻,リン、クサカンムリニゾウキバヤシノハヤシ,リン，草冠に雑木林のはやし,,,,,,,,,,
6853,葭,カ、アシ、クサカンムリニヒマツブシノヒマノツクリ,カ，あし，草冠に暇潰しのひまの旁,カ,,,,,あし,よし,あしぶえ,,
6854,萪,カ、クサカンムリニキョウカショノカ,カ，草冠に教科書のカ,,,,,,,,,,
6855,萼,ショクブツノハナノガク,植物の花のガク,ガク,,,,,うてな,はなぶさ,,,
6856,蕚,ショクブツノハナノガクノイタイジ,植物の花のガクの異体字,,,,,,,,,,
6857,蒄,カン、クサカンムリニゲッケイカンノカン,カン，草冠に月桂冠のカン,,,,,,,,,,
6858,葷,クンシュサンモンニイルヲユルサズノクン,葷酒山門に入るを許さずのクン,クン,,,,,くさ（い）,なまぐさ,,,
6859,葫,コ、クサカンムリニミズウミノツクリ,コ，草冠に湖の旁,,,,,,,,,,
685A,蒭,スウ，クサカンムリニハンスウスルノスウ,スウ，草冠に反芻するのスウ,,,,,,,,,,
685B,葮,タン、クサカンムリニシュダンノダン,タン，草冠に手段のダン,,,,,,,,,,
685C,蒂,タイ，クサカンムリニテイオウノテイ,タイ，草冠に帝王のテイ,,,,,,,,,,
685D,葩,ハ，クサカンムリニシロイノミギニトモエ,ハ，草冠に白いの右に巴（ともえ）,ハ,,,,,はな,はなびら,,,
685E,葆,ホウ、クサカンムリニホアンノホ,ホウ，草冠に保安のホ,ホ,ホウ,,,,しげ（る）,たも（つ）,つつ（む）,たから,はねかざ（り）
685F,萬,マンネンヒツノマン、ヨロズノキュウジ,万年筆のマン，よろずの旧字,,,,,,,,,,
6860,葯,ヤク，クサカンムリニヤクソクノヤク,ヤク，草冠に約束のヤク,ヤク,,,,,よろいぐさ,
6861,葹,シ，クサカンムリニホドコス,シ，草冠に施す,,,,,,,
6862,萵,ワ，クサカンムリニナベノツクリ,ワ，草冠に鍋の旁,ワ,カ,,,,,
6863,蓊,オウ，クサカンムリニオキナ,オウ，草冠に翁（おきな）,,,,,,,
6864,葢,フタノイタイジ，クサカンムリニフトイニサラ,蓋の異体字，草冠に太いに皿,,,,,,,
6865,蒹,ケン，クサカンムリニカネル,ケン，草冠に兼ねる,ケン,,,,,おぎ,
6866,蒿,コウ，クサカンムリニタカイヒクイノタカイ,コウ，草冠に高い低いの高い,コウ,,,,,よもぎ,
6867,蒟,コンニャクノイチモジメ，クサカンムリニドクリツノリツ，ソノミギニハイクノク,蒟蒻の一文字目，草冠に独立のドク，その右に俳句のク,コン,ク,,,,,
6868,蓙,ゴザノザ，クサカンムリニギンザノザ,茣蓙のザ，草冠に銀座のザ,,,,,,,
6869,蓍,シ，クサカンムリニヒレノツクリ,シ，草冠に鰭の旁,シ,,,,,めどはぎ,めどぎ
686A,蒻,コンニャクノニャク,蒟蒻のニャク,ジャク,ニャク,,,,がまのめ,むしろ
686B,蓚,シュウ，クサカンムリニシュウリスルノシュウ,シュウ，草冠に修理するのシュウ,,,,,,,
686C,蓐,ジョク，クサカンムリニブジョクスルノジョク,ジョク，草冠に侮辱するのジョク,ジョク,,,,,しとね,しきもの
686D,蓁,シン，クサカンムリニシンノシコウテイノシン,シン，草冠に秦の始皇帝のシン,シン,,,,,しげ（み）,おお（い）
686E,蓆,セキ，クサカンムリニザセキノセキ,セキ，草冠に座席のセキ,セキ,,,,,むしろ,
686F,蓖,ヒマシユノヒ,蓖麻子油のヒ,ヒ,,,,,,
6870,蒡,キンピラゴボウノボウ,金平牛蒡のボウ,ホウ,ボウ,,,,,,,
6871,蔡,サイ，クサカンムリニシュクサイジツノサイ,サイ，草冠に祝祭日のサイ,サイ,サツ,,,,くさむら,あくた,,
6872,蓿,シュク，クサカンムリニシュクダイノシュク,シュク，草冠に宿題のシュク,シュク,,,,,,,,
6873,蓴,ジュンサイノジュン,蓴菜のジュン,シュン,ジュン,,,,ぬなわ,じゅんさい,,
6874,蔗,ショトウノショ，クサカンムリニショミンノショ,蔗糖のショ，草冠に庶民のショ,シャ,ショ,,,,さとうきび,うま（い）,おもしろ（い）,
6875,蔘,シン，クサカンムリニサンギインノサンノキュウジ,シン，草冠に参議院のサンの旧字,シン,サン,,,,にんじん,ちょうせんにんじん,,
6876,蔬,ソサイルイノソ,蔬菜類のソ,ソ,ショ,,,,な,あおもの,あら（い）,こめつぶ
6877,蔟,ソク，クサカンムリニスイゾクカンノゾク,ソク，草冠に水族館のゾク,ソク,ゾク,ソウ,,,まぶし,あつ（まる）,むら（がる）,
6878,蔕,タイ，クサカンムリニオビノキュウジ,タイ，草冠に帯の旧字,タイ,テイ,,,,へた,うてな,とげ,ねもと
6879,蔔,ホク，クサカンムリニホフクゼンシンノフク,ホク，草冠に匍匐前進のフク,フク,,,,,だいこん,,,
687A,蓼,タデクウムシモスキズキノタデ,蓼食う虫も好きずきのたで,リョウ,リク,,,,たで,,,
687B,蕀,キョク，クサカンムリニキョクヒドウブツノキョク,キョク，草冠に棘皮動物のキョク,キョク,,,,,,,,
687C,蕣,シュン，クサカンムリニギョウシュンノシュン,シュン，草冠に尭舜のシュン,シュン,,,,,むくげ,あさがお,,
687D,蕘,ジョウ，クサカンムリニギョウシュンノギョウノキュウジ,ジョウ，草冠に尭舜のギョウの旧字,ジョウ,,,,,しば,たきぎ,きこり,くさか（り）
687E,蕈,シン，クサカンムリニニシノシタニハヤオキノハヤイ,シン，草冠に西の下に早起きの早い,シン,ジン,,,,きのこ,たけ,くわたけ,
6921,蕁,ジンマシンノジン,蕁麻疹のジン,ジン,タン,,,,はなすげ,いらくさ,もずく,
6922,蘂,メシベノシベ，ズイノイタイジ，クサカンムリニココロミッツニジュモクノモク,雌蕊のしべ，ズイの異体字，草冠に心三つに樹木のモク,,,,,,,,
6923,蕋,メシベノシベ，ズイノイタイジ，クサカンムリニシケツスルノシミッツ,雌蕊のしべ，ズイの異体字，草冠に止血するのシ三つ,,,,,,,,
6924,蕕,ユウ，クサカンムリニユウヨスルノユウ,ゆう，草冠に猶予するのユウ,ユウ,,,,,かりがねそう,くさ（み）,
6925,薀,ウンチクヲカタムケルノウン，サンズイ,蘊蓄を傾けるのウン，三水,ウン,オン,,,,つ（む）,たくわ（える）,
6926,薤,ラッキョウ,らっきょう,カイ,,,,,にら,おおにら,らっきょう
6927,薈,ワイ，クサカンムリニカイシャインノカイノキュウジ,ワイ，草冠に会社員のカイの旧字,ワイ,,,,,しげ（る）,くさむら,
6928,薑,キョウ，クサカンムリニカシハラジングウノカシノツクリ,キョウ，草冠に橿原神宮のかしの旁,キョウ,,,,,はじかみ,しょうが,
6929,薊,ショクブツノアザミ,植物のあざみ,ケイ,,,,,あざみ,,
692A,薨,コウキョスルノコウ，ミマカル,薨去するのコウ，みまかる,コウ,,,,,みまか（る）,し（ぬ）,
692B,蕭,ショウ，クサカンムリニゲンシュクナノシュクノキュウジ,ショウ，草冠に厳粛なのシュクの旧字,ショウ,,,,,よもぎ,ものさび（しい）,しず（か）
692C,薔,ショウ，バライロノバラノイチモジメ,ショウ，薔薇色の薔薇の一文字目,ショウ,ソウ,ショク,,,みずたで,ばら,
692D,薛,カワラヨモギヲイミスルセツ,カワラヨモギを意味するセツ,セツ,,,,,かわらよもぎ,はますげ,
692E,藪,ヤブ，ソウ,やぶ，ソウ,,,,,,,,
692F,薇,ビ，バライロノバラノニモジメ,ビ，薔薇色の薔薇の二文字目,ビ,,,,,のえんどう,ぜんまい,
6930,薜,ヘイ，クサカンムリニカベノウエガワ,ヘイ，草冠に壁の上側,ハク,ヘイ,,,,かずら,まさきのかずら,
6931,蕷,ヨ，クサカンムリニアズケル,ヨ，草冠に預ける,ヨ,,,,,やまのいも,じねんじょ,
6932,蕾,ツボミ，ライ，クサカンムリニカミナリ,つぼみ，ライ，草冠に雷,ライ,,,,,つぼみ,つぼ（む）,,,,,
6933,薐,リョウ，クサカンムリニヤマノリョウセンノリョウ,リョウ，草冠に山の稜線のリョウ,ロウ,レン,,,,,,,,,,
6934,藉,セキ，ロウゼキモノノセキ，,セキ，狼藉者のセキ,シャ,セキ,,,,むしろ,し（く）,か（りる）,か（す）,よ（る）,かこつ（ける）,ふ（む）
6935,薺,ナナクサノナズナ，セイ,七草のナズナ，セイ,ザイ,セイ,,,,なずな,はまびし,,,,,
6936,藏,レイゾウコノゾウノイタイジ,冷蔵庫のゾウの異体字,,,,,,,,,,,,
6937,薹,ダイ，トウガタツノトウ,ダイ，薹が立つのトウ,タイ,ダイ,,,,はますげ,あぶらな,とう,,,,
6938,藐,バク，クサカンムリニワカサトビボウノボウ,バク，草冠に若さと美貌のボウ,ビョウ,ミョウ,バク,,,ちい（さい）,さげす（む）,とお（い）,はる（か）,うつく（しい）,,
6939,藕,グウ，クサカンムリニスキヘンニグウゼンノグウノツクリ，,グウ，草冠にすき偏に偶然のグウの旁,グウ,,,,,はす,はすね,,,,,
693A,藝,ゲイジュツノゲイノキュウジ,芸術のゲイの旧字,,,,,,,,,,,,
693B,藥,クスリノイタイジ,薬の旧字,,,,,,,,,,,,
693C,藜,アカザ，レイ,あかざ，レイ,レイ,,,,,あかざ,,,,,,
693D,藹,ワキアイアイノアイ,和気藹藹のアイ,アイ,,,,,さか（ん）,おお（い）,おだ（やか）,,,,
693E,蘊,ウンチクヲカタムケルノウン，イトヘン,蘊蓄を傾けるのウン，糸偏,ウン,,,,,つ（む）,たくわ（える）,,,,,
693F,蘓,ソセイノソノイタイジ，クサカンムリニノギヘンニサカナ,蘇生のソの異体字，草冠にノ木偏に魚,,,,,,,,,,,,
6940,蘋,ヒン，クサカンムリニヒンパンナノヒンノキュウジ,ヒン，草冠に頻繁なのヒンの旧字,ヒン,,,,,かたばみも,うきくさ,,,,,
6941,藾,ライ，クサカンムリニイライスルノライノキュウジ,ライ，草冠に依頼するのライの旧字,ライ,,,,,くさよもぎ,,,,,,
6942,藺,イグサノイ，リン,藺草のイ，リン,リン,,,,,い,いぐさ,,
6943,蘆,アシ，クサカンムリニハゼノキノハゼノツクリ,あし，草冠に櫨の木のはぜの旁,ロ,,,,,あし,よし,,
6944,蘢,ロウ，クサカンムリニキョウリュウノリュウノキュウジ,ロウ，草冠に恐竜のリュウの旧字,ロウ,,,,,いぬたで,おおけたで,,
6945,蘚,セン，コケ，クサカンムリニシンセンナノセン,セン，こけ，草冠に新鮮なのセン,セン,,,,,こけ,,,
6946,蘰,カズラ，クサカンムリニイトヘンニウナギノツクリ,かずら，草冠に糸偏に鰻の旁,,,,,,,,,
6947,蘿,ラ，クサカンムリニモウラスルノラ,ラ，草冠に網羅するのラ,ラ,,,,,つた,つたかずら,つのよもぎ,
6948,虍,コ，ブシュノトラガシラ,コ，部首の虎頭,,,,,,,,,
6949,乕,ドウブツノトラノイタイジ,動物の虎の異体字,,,,,,,,,
694A,虔,ケイケンナイノリノケン,敬虔な祈りのケン,ケン,,,,,つつし（む）,ころ（す）,うば（う）,
694B,號,バンゴウノゴウノキュウジ,番号のゴウの旧字,,,,,,,,,
694C,虧,キ，トラガシラニフルトリミギニオセンスルノオノツクリ,キ，虎頭に隹，右に汚染するのオの旁,キ,,,,,か（ける）,か（く）,,
694D,虱,シラミ，カゼノイッカクメヲトッタモノ,シラミ，風の一画目を取ったもの,,,,,,,,,
694E,蚓,イン，ミミズ，ムシヘンニインリョクノイン,イン，みみず，虫偏に引力のイン,イン,,,,,みみず,,,
694F,蚣,コウ，ムシヘンニオオヤケ,コウ，虫偏に公（おおやけ）,コウ,ショウ,,,,,,,
6950,蚩,オロカヲイミスルシ,愚かを意味するシ,シ,,,,,あなど（る）,おろ（か）,みにく（い）,みだ（れる）
6951,蚪,トウ，ムシヘンニホクトシチセイノト,トウ，虫偏に北斗七星のト,ト,トウ,,,,,,,
6952,蚋,ゼイ，ムシヘンニコクナイノナイ,ゼイ，虫偏に国内のナイ,,,,,,,,
6953,蚌,イツボウノアラソイノボウ,鷸蚌の争いのボウ,ホウ,ボウ,,,,どぶがい,からすがい,はまぐり
6954,蚶,カン，ムシヘンニアマイ,カン，虫偏に甘い,カン,,,,,あかがい,,
6955,蚯,キュウ，ムシヘンニサキュウノキュウ,キュウ，虫偏に砂丘のキュウ,キュウ,,,,,,,
6956,蛄,スシネタノシャコノコ,鮨ネタの蝦蛄のコ,コ,,,,,,,
6957,蛆,ウジムシノウジ，ショ,蛆虫のうじ，ショ,ショ,ソ,,,,うじ,,
6958,蚰,ユウ，ムシヘンニリユウノユウ,ユウ，虫偏に理由のユウ,ユウ,,,,,,,
6959,蛉,トンボノニモジメ，レイ，ムシヘンニメイレイスルノレイ,蜻蛉の二文字目，レイ，虫偏に命令するのレイ,レイ,,,,,,,
695A,蠣,カキ，ムシヘンニゲキレイスルノレイノキュウジノヒダリガワ,かき，虫偏に激励するのレイの旧字の左側,,,,,,,,
695B,蚫,アワビ，ムシヘンニツツム,アワビ，虫偏に包む,ホウ,,,,,あわび,,
695C,蛔,カイ、ムシヘンニカイスウケンノカイ,カイ，虫偏に回数券のカイ,カイ,,,,,はらのむし,,
695D,蛞,ナメクジノイチモジメ，ムシヘンニシタヲカムノシタ,蛞蝓の一文字目，虫偏に舌を噛むのした,カツ,,,,,おたまじゃくし,,
695E,蛩,キョウ、キョウリュウノキョウノココロノカワリニムシ,キョウ，恐竜のキョウの心の代わりに虫,キョウ,,,,,こおろぎ,,
695F,蛬,キョウ、キョウツウスルノキョウノシタニムシ,キョウ，共通するのキョウの下に虫,キョウ,,,,,きりぎりす,こおろぎ,
6960,蛟,コウ、ミズチ、ムシヘンニマジワル,コウ，みずち，虫偏に交わる,コウ,,,,,みずち,,
6961,蛛,クモ，ムシヘンニシュイロノシュ,クモ，虫偏に朱色のシュ,,,,,,,,
6962,蛯,エビ，ムシヘンニロウジンノロウ,えび，虫偏に老人のロウ,,,,,,えび,,
6963,蜒,エン，ムシヘンニエンチョウスルノエン,エン，虫偏に延長するのエン,エン,,,,,,,
6964,蜆,シジミ，ケン,しじみ，ケン,ケン,,,,,しじみ,みのむし,
6965,蜈,ゴ，ムシヘンニゴフクヤノゴノキュウジケイ,ゴ，虫偏に呉服屋のゴの旧字形,ゴ,,,,,,,
6966,蜀,サンゴクシノショク,三国志の蜀,ショク,,,,,いもむし,あおむし,とうまる
6967,蜃,シンキロウノシン,蜃気楼のシン,シン,ジン,,,,おおはまぐり,みずち,
6968,蛻,モヌケノカラノモヌケ,蛻の殻のもぬけ,セイ,ゼイ,,,,ぬけがら,もぬけ,もぬけ（る）
6969,蜑,タン，エンチョウスルノエンノシタニムシ,タン，延長するのエンの下に虫,タン,,,,,えびす,あま,
696A,蜉,フ，ムシヘンニツメノシタニコドモノコ,フ，虫偏に爪の下に子供の子,フ,,,,,,,
696B,蜍,ジョ、ムシヘンニアマリ,ジョ，虫偏に余り,シ,ジョ,,,,,,
696C,蛹,ムシノサナギ、ヨウ,虫のさなぎ，ヨウ,ヨウ,,,,,さなぎ,,
696D,蜊,カイノアサリ、ムシヘンニケンリノリ,貝のアサリ，虫偏に権利のリ,リ,,,,,あさり,,
696E,蜴,エキ、ムシヘンニボウエキフウノエキ,エキ，虫偏に貿易風のエキ,エキ,,,,,,,
696F,蜿,エン、ムシヘンニアテナノアテ,エン，虫偏に宛名のあて,エン,,,,,,,
6970,蜷,ニナ，ムシヘンニノリマキノマキノキュウジ,にな，虫偏に海苔巻きのマキの旧字,ケン,,,,,にな,,
6971,蜻,トンボノイチモジメ，セイ、ムシヘンニアオノキュウジ,蜻蛉の一文字目，セイ，虫偏に青の旧字形,セイ,,,,,,,
6972,蜥,セキ，ムシヘンニブンセキスルノセキ,セキ，虫偏に分析するのセキ,セキ,,,,,,,
6973,蜩,ヒグラシ、ムシヘンニシュウヘンノシュウ,ヒグラシ，虫偏に周辺のシュウ,チョウ,,,,,せみ,ひぐらし,
6974,蜚,ゴキブリノイチモジメ，ヒジョウグチノヒノシタニムシ,蜚_の一文字目，非常口のヒの下に虫,ヒ,,,,,あぶらむし,ごきぶり,と（ぶ）
6975,蝠,コウモリノニモジメ，ムシヘンニフクカイチョウノフクノヒダリガワ,コウモリの二文字目，虫偏に副会長のフクの左側,フク,,,,,,,
6976,蝟,イ、ムシヘンニイブクロノイ,イ，虫偏に胃袋のイ,イ,,,,,はりねずみ,むらが（る）,
6977,蝸,カタツムリノカギュウノカ,カタツムリの蝸牛のカ,カ,ラ,,,,かたつむり,にな,にし
6978,蝌,カ、ムシヘンニキョウカショノカ,カ，虫偏に教科書のカ,カ,,,,,,,
6979,蝎,ダカツノゴトクキラウノカツ、ムシヘンニカッショクノカツノツクリ,蛇蝎のごとく嫌うのカツ，虫偏に褐色のカツ,カツ,,,,,きくいむし,すくもむし,さそり
697A,蝴,コ、ムシヘンニクロコショウノコ,コ，虫偏に黒胡椒のコ,コ,,,,,,,
697B,蝗,コウ、イナゴ、ムシヘンニコウタイシノコウ,コウ，いなご，虫偏に皇太子のコウ,コウ,,,,,いなご,,
697C,蝨,シラミ,しらみ,シツ,,,,,しらみ,,
697D,蝮,ヘビノマムシ、フク,蛇のマムシ，フク,フク,,,,,まむし,,
697E,蝙,コウモリノイチモジメ、ムシヘンニヘンペイソクノヘン,蝙蝠の一文字目，虫偏に扁平足のヘン,ヘン,,,,,,,
6A21,蝓,ナメクジノニモジメ，ムシヘンニニレノキノニレノツクリ,蛞蝓の二文字目，虫偏に楡の木のニレの旁,ユ,,,,,,,
6A22,蝣,ユウ、アソブノシンリョウノカワリニムシヘン,ユウ，遊ぶのしんにょうの代わりに虫偏,ユウ,,,,,,,
6A23,蝪,トウ，ムシヘンニバショノバノツクリ,トウ，虫偏に場所のバの旁,,,,,,,,
6A24,蠅,ムシノハエ,虫のハエ,,,,,,,,
6A25,螢,ホタル，ケイコウトウノケイノキュウジ,ほたる，蛍光灯のケイの旧字,,,,,,,,
6A26,螟,メイ，ムシヘンニメイフクヲイノルノメイ,メイ，虫偏に冥福を祈るのメイ,ミョウ,メイ,,,,ずいむし,,
6A27,螂,カマキリヲイミスルトウロウノロウ，ムシヘンニモモタロウノロウ,カマキリを意味する蟷螂のロウ，虫偏に桃太郎のロウ,ロウ,,,,,,,
6A28,螯,ゴウ，ゴウマンナノゴウノツクリノシタニムシ,ゴウ，傲慢なのゴウの旁の下に虫,ゴウ,,,,,はさみ,,
6A29,蟋,コオロギノイチモジメ，ムシヘンニノゴメノシタニココロ,蟋蟀の一文字目，虫偏にノ米の下に心,シツ,,,,,,,
6A2A,螽,シュウ，キセツノフユノシタニムシフタツ,シュウ，季節の冬の下に虫二つ,シュウ,,,,,いなご,はたおりむし,きりぎりす
6A2B,蟀,コオロギノニモジメ，ムシヘンニソツギョウノソツ,蟋蟀の一文字目，虫偏に卒業のソツ,シュツ,,,,,,,
6A2C,蟐,アカガエル，ムシヘンニヒジョウグチノジョウ,あかがえる，虫偏に非常口のジョウ,,,,,,,,
6A2D,雖,イエドモ,いえども,,,,,,,,
6A2E,螫,セキ，オンシャヲウアタエルノシャノシタニムシ,セキ，恩赦を与えるのシャの下に虫,セキ,,,,,さ（す）,どく,
6A2F,蟄,ケイチツノチツ,啓蟄のチツ,チツ,チュウ,,,,かく（れる）,とじこ（もる）,
6A30,螳,カマキリヲイミスルトウロウノトウ，ムシヘンニコウカイドウノドウ,カマキリを意味する蟷螂のトウ，虫偏に公会堂のドウ,トウ,,,,,,,
6A31,蟇,ガマガエル，バク,がまがえる，バク,バ,マ,バク,,,がま,ひきがえる,
6A32,蟆,ガマガエル，バクノイタイジ,がまがえる，バクの異体字,,,,,,,,
6A33,螻,ロウ，ムシノケラノイチモジメ,ロウ，虫の螻蛄（ケラ）の一文字目,ル,ロウ,,,,けら,おけら,
6A34,蟯,ギョウチュウノギョウ,蟯虫のギョウ,ギョウ,ジョウ,,,,,,,
6A35,蟲,ムシ，コンチュウノチュウノキュウジ,むし，昆虫のチュウの旧字,,,,,,,,,
6A36,蟠,ワダカマル，ハン，ムシヘンニバンゴウノバン,わだかまる，ハン，虫偏に番号のバン,バン,ハン,,,,わだかま（る）,うづくま（る）,ま（がる）,めぐ（る）
6A37,蠏,カニノイタイジ，ムシヘンニカイケツスルノカイ,蟹の異体字，虫偏に解決するのカイ,,,,,,,,,
6A38,蠍,サソリ,さそり,カツ,ケツ,,,,さそり,,,
6A39,蟾,セン，ムシヘンニタンニンノタンノキュウジノツクリ,セン，虫偏に担任のタンの旧字の旁,セン,,,,,ひきがえる,つき,みずさし,
6A3A,蟶,マテガイノマテ，ムシヘンニヒジリ,蟶貝のまて，虫偏に聖（ひじり）,テイ,,,,,まて,まてがい,,
6A3B,蟷,カマキリヲイミスルトウロウノトウ，ムシヘンニベントウノトウノキュウジ,カマキリを意味する蟷螂のトウ，虫偏に弁当のトウの旧字,トウ,,,,,,,,
6A3C,蠎,ウワバミヲイミスルボウ，クサカンムリニホンソウスルノホン,うわばみを意味するボウ，草冠に奔走するのホン,,,,,,,,,
6A3D,蟒,ウワバミヲイミスルボウ，クサカンムリニソウモウノシンノモウ,うわばみを意味するボウ，草冠に草莽の臣のモウ,,,,,,,,,
6A3E,蠑,エイ，ムシヘンニサカエルノキュウジ,エイ，虫偏に栄えるの旧字,エイ,,,,,,,,
6A3F,蠖,カク，ムシヘンニカクトクスルノカクノツクリ,カク，虫偏に獲得するのカクの旁,カク,ワク,,,,しりぞ（く）,,,
6A40,蠕,ゼンドウウンンドウノゼン,蠕動運動のゼン,ゼン,ジュ,,,,うご（く）,うごめ（く）,は（う）,
6A41,蠢,ウゴメク，シュン,蠢く，シュン,シュン,,,,,うごめ（く）,おろ（か）,,
6A42,蠡,レイ，ケイガシラニイノコ，ソノシタニムシフタツ,レイ，ケイ頭に豕（いのこ），その下に虫二つ,レイ,ラ,リ,,,にな,ほらがい,ひさご,
6A43,蠱,コワクスルノコ，ムシミッツノシタニサラ,蠱惑するのコ，虫三つの下に皿,コ,,,,,そこ（なう）,まどわ（す）,まじな（い）,
6A44,蠶,ヨウサンノサン，カイコノキュウジ,養蚕のサン，かいこの旧字,,,,,,,,,
6A45,蠹,ホンニツクムシノトギョノトノイタイジ,本に付く虫の蠧魚のトの異体字,ト,,,,,きくいむし,しみ,むしば（む）,そこ（なう）
6A46,蠧,ホンニツクムシノトギョノト,本に付く虫の蠧魚のト,ト,,,,,きくいむし,しみ,むしば（む）,そこ（なう）
6A47,蠻,ナンバンボウエキノバンノキュウジ,南蛮貿易のバンの旧字,,,,,,,,,
6A48,衄,ジク，チヘンニジュウニシノウシ,ジク，血編に十二支の丑,ジク,,,,,はなぢ,くじ（ける）,,
6A49,衂,ジク，チヘンニヤイバノイタイジ,ジク，血編に刃の異体字,,,,,,,,,
6A4A,衒,キヲテラウノテラウ，ゲン,奇を衒うのてらう，ゲン,ゲン,,,,,う（る）,てら（う）,ひけ（らかす）,
6A4B,衙,ヤクショヲオイミスルカンガノガ,役所を意味する官衙のガ,ガ,,,,,つかさ,あつ（まる）,まい（る）,
6A4C,衞,エイセイテキノエイノキュウジ,衛生的のエイの旧字,,,,,,,,,
6A4D,衢,チマタヲイミスルガイクノク,ちまたを意味する街衢のク,ク,,,,,みち,ちまた,よつつじ,わかれみち
6A4E,衫,サン，コロモヘンニサンヅクリ,サン，衣偏に彡旁,サン,,,,,ころも,ひとえ,はだぎ,
6A4F,袁,エン，ルイジンエンノエンノツクリ,エン，類人猿のエンの旁,,,,,,,,,
6A50,衾,ドウキンスルノキン,同衾するのキン,キン,,,,,ふすま,よぎ,かけぶとん,
6A51,袞,コンリョウノソデノコン,袞竜の袖のコン,コン,,,,,,,,
6A52,衵,ジツ、コロモヘンニニチヨウビノニチ,ジツ，衣偏に日曜日のニチ,ジツ,,,,,なれぎぬ,ふだんぎ,あこめ,
6A53,衽,ジン、コロモヘンニジンシンノランノジン,ジン，衣偏に壬申の乱のジン,,,,,,,,,
6A54,袵,ジン、コロモヘンニセキニンノニン,ジン，衣偏に責任のニン,,,,,,,,,
6A55,衲,ノウ、コロモヘンニコクナイノナイ,ノウ，衣偏に国内のナイ,ドウ,ノウ,,,,つくろ（う）,ころも,そう,
6A56,袂,タモト,たもと,ベイ,,,,,たもと,かたわ（ら）,きわ,
6A57,袗,シン、コロモヘンニシンサツシツノシンノツクリ,袗，衣偏に診察室の診の旁,シン,,,,,ひとえ,ぬいと（りする）,,
6A58,袒,サタンスルノタン、ハダヌグ,左袒するのタン，はだぬぐ,タン,,,,,はだぬ（ぐ）,かたぬ（ぐ）,,
6A59,袮,ネ、コロモヘンニイチニンショウノショウノツクリ,ネ，衣偏に一人称のショウの旁,,,,,,,,,
6A5A,袙,バク、コロモヘンニクロシロノシロ,袙，衣偏に黒白のしろ,ハ,バツ,,,,うちかけ,あこめ,,
6A5B,袢,ジュバンノバン,襦袢のバン,ハン,バン,,,,はだぎ,,,
6A5C,袍,ホウ、コロモヘンニツツム,ホウ，衣偏に包む,ホウ,ボウ,,,,わたいれ,ぬのこ,うわぎ,
6A5D,袤,ボウ，コロモノアイダニムジュンノム,ボウ，衣の間に矛盾のム,ボウ,,,,,ひろが（り）,なが（さ）,,
6A5E,袰,ホロ、ハハノシタニコロモ,ほろ，母の下に衣,,,,,,ほろ,,,
6A5F,袿,ケイ、コロモヘンニツチフタツ,ケイ，衣偏に土二つ,ケイ,,,,,うちかけ,うちぎ,,
6A60,袱,フク、チャブダイノニモジメ,フク，卓袱台の二文字目,フク,ホク,,,,ふくさ,ふろしき,,
6A61,裃,レイフクノカミシモ,礼服の裃（かみしも）,,,,,,かみしも,,,
6A62,裄,ユキタケノユキ、コロモヘンニリョコウキノコウ,裄丈のゆき，衣偏に旅行記のコウ,,,,,,ゆき,,,
6A63,裔,マツエイノエイ,末裔のエイ,エイ,,,,,すそ,すえ,はて,あとつぎ
6A64,裘,キュウ、カワゴロモ,キュウ，かわごろも,キュウ,,,,,かわごろも,,,,
6A65,裙,クン、コロモヘンニショクンノクン,クン，衣偏に諸君のクン,クン,,,,,も,もすそ,すそ,はだぎ,
6A66,裝,フクソウノソウノキュウジ,服装のソウの旧字,,,,,,,,,,
6A67,裹,カ、コロモノアイダニコウカテキノカ,カ，衣の間に効果的のカ,カ,,,,,つつ（む）,つつ（み）,まと（う）,たから,
6A68,褂,カイ、コロモヘンニカケブトンノカケノツクリ,カイ，衣偏に掛け布団のかけの旁,カイ,,,,,うちかけ,はだぎ,,,
6A69,裼,セキ、コロモヘンニボウエキフウノエキ,セキ，衣偏に貿易風のエキ,セキ,テイ,,,,はだぬ（ぐ）,かたぬ（ぐ）,,,
6A6A,裴,ハイ、ヒジョウグチノヒノシタニコロモ,ハイ，非常口のヒの下に衣,ハイ,,,,,たちもとお（る）,,,,
6A6B,裨,ヒ、コロモヘンニヒクツナノヒ,ヒ，衣偏に卑屈なのヒ,ヒ,,,,,おぎな（う）,たす（ける）,たす（け）,ちい（さい）,いや（しい）
6A6C,裲,リョウ、コロモヘンニリョウテノリョウノキュウジ,裲，衣偏に両手の両の旧字,リョウ,,,,,うちかけ,,,,
6A6D,褄,ツジツマガアウノツマ,辻褄が合うのつま,,,,,,つま,,,,
6A6E,褌,フンドシ、コロモヘンニグンタイノグン,ふんどし，衣偏に軍隊の軍,コン,,,,,したばかま,ふんどし,みつ,,
6A6F,褊,ヘン、コロモヘンニヘンペイソクノヘン,ヘン，衣偏に扁平足のヘン,ヘン,,,,,せま（い）,きみじか,,,
6A70,褓,ホウ、ムツキ、コロモヘンニホケンシツノホ,ホウ，むつき，衣偏に保健室の保,ホ,ホウ,,,,むつき,かいまき,,,
6A71,襃,キヨホウヘンノホウノイタイジ,毀誉褒貶の褒の異体字,,,,,,,,,,
6A72,褞,オン、コロモヘンニオンセンノオンノキュウジノツクリ,オン，衣偏に温泉のオンの旧字の旁,ウン,オン,,,,うわぎ,どてら,,,
6A73,褥,サンジョクノジョク、コロモヘンニブジョクノジョク,産褥のジョク，衣偏に侮辱のジョク,ジョク,,,,,しとね,ふとん,,,
6A74,褪,イロアセルノアセル、コロモヘンニタイクツノタイ,色褪せるのあせる，衣偏に退屈のタイ,タイ,トン,,,,あ（せる）,さ（める）,,,,,
6A75,褫,チ，テイシンショウノテイノキュウジノシンニョウノカワリニコロモヘン,チ，逓信省のテイの旧字のしんにょうの代わりに衣偏,チ,,,,,うば（う）,は（ぐ）,,,,,
6A76,襁,キョウ、コロモヘンニベンキョウノキョウ,キョウ，衣偏に勉強のキョウ,キョウ,,,,,せおいおび,むつき,お（う）,,,,
6A77,襄,ジョウ，ユズルノキュウジノツクリ,ジョウ，譲るの旧字の旁,ショウ,ジョウ,,,,のぼ（る）,たか（い）,はら（う）,ゆず（る）,,,
6A78,褻,ワイセツナノセツ,猥褻なのセツ,セツ,,,,,はだぎ,ふだんぎ,な（れる）,けが（れる）,けが（らわしい）,あなど（る）,け
6A79,褶,シュウキョクサンミャクノシュウ、ヒダ,褶曲山脈の褶，ひだ,チョウ,シュウ,,,,あわせ,かさ（ねる）,ひだ,,,,
6A7A,褸,ランルヲマトウノル,襤褸を纏うのル,ル,ロウ,,,,つづれ,ぼろ,,,,,
6A7B,襌,タン、コロモヘンニタンジュンノタンノキュウジ,タン，衣偏に単純のタンの旧字,タン,,,,,ひとえ,はだぎ,,,,,
6A7C,褝,タン、コロモヘンニタンジュンノタン,タン，衣偏に単純のタン,タン,,,,,ひとえ,はだぎ,,,,,
6A7D,襠,トウ、コロモヘンニベントウノトウノキュウジ,トウ，衣偏に弁当のトウの旧字,トウ,,,,,うちかけ,まち,,,,,
6A7E,襞,ヒダ，カベノツチノカワリニコロモ,ひだ，壁の土の代わりに衣,ヒャク,ヘキ,,,,ひだ,しわ,,,,,
6B21,襦,ジュバンノジュ,襦袢のジュ,ジュ,,,,,はだぎ,どうぎ,,,,,
6B22,襤,ランルヲマトウノラン,襤褸を纏うのラン,ラン,,,,,つづれ,ぼろ,,,,,
6B23,襭,ケツ，コロモヘンニダイキチノキチニページ,ケツ，衣偏に大吉のキチに頁（ページ）,ケツ,,,,,つまばさ（む）,,,,,,
6B24,襪,ベツ，コロモヘンニケイベツスルノベツ,ベツ，衣偏に軽蔑するのベツ,バツ,ベツ,,,,たび,くつした,,,,,
6B25,襯,シン、コロモヘンニオヤコノオヤ,シン，衣偏に親子のおや,シン,,,,,はだぎ,,,,,,
6B26,襴,キンランドンスノラン,金襴緞子のラン,ラン,,,,,ひとえ,,,
6B27,襷,タスキ,たすき,,,,,,たすき,,,
6B28,襾,エ，ブシュノオオイカンムリ,エ，部首の覆い冠,,,,,,,,,
6B29,覃,タン，オオイカンムリノシタニハヤオキノハヤイ,タン，覆い冠の下に早起きの早い,タン,,,,,の（びる）,ひ（く）,およ（ぶ）,ふか（い）
6B2A,覈,ガク，オオイカンムリニゲキレイスルノゲキノツクリ,ガク，覆い冠に激励するのゲキの旁,カク,,,,,しら（べる）,かんが（える）,あき（らかにする）,きび（しい）
6B2B,覊,キビセイサクノキノイタイジ,羈縻政策のキの異体字,,,,,,,,,
6B2C,覓,ベキ，ツメノシタニケンブツスルノケン,ベキ，爪の下に見物するのケン,ベキ,,,,,もと（める）,,,
6B2D,覘,テン，ドクセンスルノセンノミギニケンブツスルノケン,テン，独占するのセンの右に見物するのケン,テン,,,,,うかが（う）,のぞ（く）,ぬすみ（みる）,
6B2E,覡,ケキ，ジンジャノミコノフノミギニケンブツスルノケン,ケキ，神社の巫女のフの右に見物するのケン,ケキ,ゲキ,,,,みこ,かんなぎ,,
6B2F,覩,ト，カガクシャノシャノキュウジタイノミギニケンブツスルノケン,ト，科物者の者の旧字体の右に見物するのケン,ト,,,,,み（る）,,,
6B30,覦,ユ，ニレノキノニレノツクリノミギニケンブツスルノケン,ユ，楡の木のにれの右に見物するのケン,ユ,,,,,ねが（う）,のぞ（む）,こいねが（う）,
6B31,覬,キ，ガイセンモンノガイノミギニケンブツスルノケン,キ，凱旋門のガイの右に見物するのケン,キ,,,,,のぞ（む）,ねが（う）,こいねが（う）,
6B32,覯,コウ，ミゾノツクリノミギニケンブツスルノケン,コウ，溝の旁の右に見物するのケン,コウ,,,,,あ（う）,み（る）,あ（わせる）,
6B33,覲,キン，キンムノキンノキュウジタイノチカラノカワリニケンブツスルノケン,キン，勤務のキンの旧字体の力の代わりに見物するのケン,キン,,,,,まみ（える）,あ（う）,,
6B34,覺,カンカクノカク，オボエルノキュウジ,感覚のカク，おぼえるの旧字,,,,,,,,,
6B35,覽,ハクランカイノランノキュウジ,博覧会のランの旧字,,,,,,,,,
6B36,覿,コウカテキメンノテキ,効果覿面のテキ,テキ,,,,,あ（う）,み（る）,しめ（す）,
6B37,觀,カンキャクノカン，ミルノキュウジ,観客のカン，みるの旧字,,,,,,,,,
6B38,觚,コ，ツノヘンニウリ,コ，角偏に瓜,コ,,,,,さかずき,かど,ふだ,
6B39,觜,クチバシ，シ，ヒガンシガンノシノシタニツノ,くちばし，シ，彼岸此岸のシの下に角,シ,スイ,,,,けづの,とろきぼし,くちばし,はし
6B3A,觝,テイ，ツノヘンニテイコウスルノテイノツクリ,テイ，角偏に抵抗するのテイの旁,テイ,,,,,ふ（れる）,さわ（る）,ぶつか（る）,
6B3B,觧,カイ，ツノヘンニヒツジ,カイ，角偏に羊,,,,,,,,,
6B3C,觴,ショウ、ツノヘンニキリキズノキズノツクリ,ショウ，角偏に切り傷のきずの旁,ショウ,,,,,さかずき,もてな（す）,,
6B3D,觸,セッショクスルノショク，フレルノキュウジ,接触するのショク，ふれるの旧字,,,,,,,,,
6B3E,訃,フホウヲキクノフ,訃報を聞くのフ,フ,,,,,つ（げる）,し（らせ）,,
6B3F,訖,キツ，ゴンベンニアマゴイノコウ,キツ，言偏に雨乞いのこう,キツ,,,,,お（わる）,や（む）,いた（る）,
6B40,訐,ケツ，ゴンベンニホス,ケツ，言偏に干す,ケツ,,,,,あば（く）,,,
6B41,訌,コウ、ゴンベンニズガコウサクノコウ,コウ，言偏に図画工作のコウ,コウ,,,,,みだ（れる）,も（める）,うちわも（め）,
6B42,訛,オクニナマリノナマリ、カ,お国訛りのなまり，カ,カ,,,,,なま（る）,なまり,いつわ（る）,あやま（る）
6B43,訝,ケゲンナカオノゲン、イブカル,怪訝な顔のゲン，いぶかる,ガ,ゲン,,,,いぶか（る）,いぶか（しい）,,
6B44,訥,ボクトツノトツ,木訥のトツ,トツ,,,,,ども（る）,くちべた,,
6B45,訶,マカフシギノカ,摩訶不思議のカ,カ,,,,,しか（る）,せ（める）,,
6B46,詁,クンコガクノコ、ゴンベンニチュウコシャノコ,訓詁学のコ，言偏に中古車のコ,コ,,,,,よ（む）,よ（み）,と（く）,わけ,,
6B47,詛,ジュソノソ、ゴンベンニナオカツノカツ,呪詛のソ，言偏に尚且つのかつ,ショ,ソ,,,,のろ（う）,のろ（い）,ちか（う）,ちか（い）,そし（る）,うら（む）
6B48,詒,タイ，ゴンベンニダイドコロノダイ,タイ，言偏に台所のダイ,タイ,イ,,,,あざむ（く）,おく（る）,のこ（す）,,,
6B49,詆,テイ，ゴンベンニテイコウスルノテイノツクリ,テイ，言偏に抵抗するのテイの旁,テイ,,,,,そし（る）,しか（る）,し（いる）,はずかし（める）,あば（く）,あ（てる）
6B4A,詈,バリゾウゴンノリ,罵詈雑言のリ,リ,,,,,ののし（る）,,,,,
6B4B,詼,カイ，ゴンベンニハイイロノハイノキュウジタイ,カイ，言偏に灰色のハイの旧字体,カイ,,,,,たわむ（れる）,おど（ける）,あざけ（る）,,,
6B4C,詭,キベンヲロウスルノキ,詭弁を弄するのキ,キ,,,,,いつわ（る）,あざむ（く）,あや（しい）,そむ（く）,,
6B4D,詬,コウ，ゴンベンニコウゴウヘイカノゴウ,コウ，言偏に皇后陛下のゴウ,ク,コウ,,,,はずかし（める）,はじ,ののし（る）,そし（る）,,
6B4E,詢,ジュン，ゴンベンニゲジュンノジュン,ジュン，言偏に下旬のジュン,シュン,ジュン,,,,と（う）,はか（る）,まこと,,,
6B4F,誅,テンチュウヲクワエルノチュウ,天誅を加えるのチュウ,チュ,チュウ,,,,う（つ）,せ（める）,ころ（す）,のぞ（く）,ほろ（ぼす）,
6B50,誂,アツラエル，チョウ,あつらえる，チョウ,チョウ,,,,,あつら（える）,あつら（え）,,,,
6B51,誄,ルイ，ゴンベンニライスキ,ルイ，言偏に耒,ルイ,,,,,しのびごと,いのりごと,,,,
6B52,誨,カイ，ゴンベンニマイニチノマイ,カイ，言偏に毎日のマイ,カイ,,,,,おし（える）,おし（え）,,,,
6B53,誡,カイ，ゴンベンニイマシメル,カイ，言偏に戒める,カイ,,,,,いまし（める）,いまし（め）,,,,
6B54,誑,タブラカス，キョウ,たぶらかす，キョウ,キョウ,,,,,あざむ（く）,たぶらか（す）,だま（す）,たら（す）,,
6B55,誥,コウ，ゴンベンニツゲル,コウ，言偏に告げる,コウ,,,,,つ（げる）,ふ（れ）,みことのり,,,
6B56,誦,シヲアンショウスルノショウ,詩を暗誦するのショウ,ショウ,ジュ,,,,とな（える）,よ（む）,そら（んずる）,
6B57,誚,ショウ，ゴンベンニショウゾウガノショウ,ショウ，言偏に肖像画のショウ,ショウ,,,,,せ（める）,しか（る）,そし（る）,
6B58,誣,ブコクザイノブ,誣告罪のブ,フ,ブ,,,,し（いる）,あざむ（く）,そし（る）,
6B59,諄,ジュン，ゴンベンニキョウラクテキノキョウ,ジュン，言偏に享楽的のキョウ,シュン,ジュン,,,,あつ（い）,まこと,ねんご（ろ）,くど（い）
6B5A,諍,イサカイ，ソウ,いさかい，ソウ,ショウ,ソウ,,,,いさ（める）,うった（える）,あらそ（う）,いさか（い）
6B5B,諂,ヘツラウ，テン,へつらう，テン,テン,,,,,へつら（う）,おもね（る）,こ（びる）,
6B5C,諚,ジョウ，ゴンベンニサダメル,ジョウ，言偏に定める,ジョウ,,,,,おきて,おお（せ）,,
6B5D,諫,イサメル，カン,いさめる，カン,,,,,,,,,
6B5E,諳,ソランズル，アン,そらんずる，アン,アン,,,,,そら（んじる）,な（れる）,さと（る）,
6B5F,諧,カイギャクノカイ,諧謔のカイ,カイ,,,,,かな（う）,ととの（う）,やわ（らぐ）,たわむ（れ）
6B60,諤,カンカンガクガクノガク,侃々諤々のガク,ガク,,,,,,,,
6B61,諱,イミナ，ゴンベンニイダイナノイノツクリ,いみな，言偏に偉大なのイの旁,キ,,,,,い（む）,はばか（る）,いみな,
6B62,謔,カイギャクノギャク,諧謔のギャク,ギャク,,,,,たわむ（れる）,ふざ（ける）,,
6B63,諠,ケン，ゴンベンニセンデンスルノセン,ケン，言偏に宣伝するのセン,ケン,,,,,かまびす（しい）,やかま（しい）,,
6B64,諢,コン，ゴンベンニグンタイノグン,コン，言偏に軍隊のグン,コン,ゴン,,,,たわむ（れ）,おど（け）,,
6B65,諷,フウシノフウ，ゴンベンニカゼ,諷刺のフウ，言偏に風,フウ,,,,,そら（んじる）,ほの（めかす）,あてこす（る）,
6B66,諞,ヘン，ゴンベンニヘンペイソクノヘン,ヘン，言偏に扁平足のヘン,ヘン,,,,,へつら（う）,,,
6B67,諛,ユ，ゴンベンニシュユノマノユ,ユ，言偏に須臾の間のユ,ユ,,,,,へつら（う）,,,
6B68,謌,ウタ，カ，ゴンベンニカノウセイノカヲカサネル,うた，カ，言偏に可能性のカを重ねる,歌に同じ,,,,,,,,
6B69,謇,ケン，サムイノシタニテンノカワリニゴンベン,ケン，寒いの下二点の代わりに言偏,ケン,,,,,ども（る）,ただ（しい）,まっすぐ,
6B6A,謚,オクリナ，シゴウノシノイタイジ,おくりな，諡号のシの異体字,,,,,,,,,
6B6B,諡,オクリナ，シゴウノシ,おくりな，諡号のシ,,,,,,,,,
6B6C,謖,ナイテバショクヲキルノショク,泣いて馬謖を斬るのショク,シュク,ショク,,,,た（つ）,おきあ（がる）,,
6B6D,謐,セイヒツナノヒツ,静謐なのヒツ,ヒツ,ビツ,,,,しず（か）,やす（らか）,,
6B6E,謗,ヒボウスルノボウ，ソシル,誹謗するのボウ，そしる,ホウ,ボウ,,,,そし（る）,そし（り）,うら（む）,
6B6F,謠,ミンヨウノヨウノキュウジ,民謡のヨウの旧字,,,,,,,,,
6B70,謳,セイシュンヲオウカスルノオウ,青春を謳歌するのオウ,オウ,,,,,うた（う）,うた,,
6B71,鞫,キク，カワヘンニツツミガマエノナカニゴンベン,キク，革偏に包み構えの中に言偏,キク,,,,,ただ（す）,しら（べる）,きわ（める）,きわ（まる）
6B72,謦,ケイガイニセッスルノケイ,謦咳に接するのケイ,ケイ,,,,,いわぶき,せきばら（い）,,
6B73,謫,タク、ゴンベンニテキハツスルノテキノツクリ,タク，言偏に摘発するのテキの旁,タク,チャク,,,,つみ（する）,なが（す）,せ（める）,とが
6B74,謾,マン、ゴンベンニウナギノツクリ,マン，言偏に鰻の旁,バン,マン,,,,あざむ（く）,あなど（る）,おこた（る）,
6B75,謨,ボ、ゴンベンニバクダイナノバク,ボ，言偏に莫大なのバク,ボ,モ,,,,はか（る）,はかりごと,,
6B76,譁,カ、ゴンベンニチュウカナベノカ,カ，言偏に中華鍋の華,カ,,,,,かまびす（しい）,やかま（しい）,,
6B77,譌,オクニナマリノナマリノイタイジ,お国訛りのなまりの異体字,カ,,,,,なま（る）,なまり,いつわ（る）,あやま（る）
6B78,譏,キ、ゴンベンニキカガクノキ,キ，言偏に幾何学のキ,キ,,,,,そし（る）,せ（める）,,
6B79,譎,ケツ、ゴンベンニタチバナノツクリ,ケツ，言偏に橘（たちばな）の旁,キツ,ケツ,,,,いつわ（る）,いつわ（り）,あや（しい）,とおまわ（し）
6B7A,證,ショウ、ショウメイショノショウノキュウジ,ショウ，証明書のショウの旧字,,,,,,,,,
6B7B,譖,シン，ゴンベンニセンエツナガラノセンノツクリ,シン，言偏に僭越ながらのセンの旁,シン,セン,,,,そし（る）,うった（える）,いつわ（る）,
6B7C,譛,シン，ゴンベンニフリカエノカエ,シン，言偏に振り替えのかえ,シン,セン,,,,そし（る）,うった（える）,いつわ（る）,
6B7D,譚,タン，ゴンベンニニシノシタニハヤオキノハヤイ,タン，言偏に西の下に早起きの早い,タン,ダン,,,,はなし,ものがたり,,
6B7E,譫,センモウジョウタイノセン,譫妄状態のセン,セン,,,,,たわごと,うわごと,,
6C21,譟,ソウ、ゴンベンニソウジュウスルノソウノツクリ,ソウ，言偏に操縦するのソウの旁,ソウ,,,,,さわ（ぐ）,さわ（がしい）,,
6C22,譬,タトエバナシノタトエ、ヒ,譬え話のたとえ，ヒ,ヒ,,,,,たと（え）,たと（える）,さと（す）,
6C23,譯,ツウヤクスルノヤク、ワケノキュウジ,通訳するのヤク，訳（わけ）の旧字,,,,,,,,,
6C24,譴,ケンセキショブンノケン、セメル,譴責処分のケン，せめる,ケン,,,,,とが（める）,せ（める）,とが（め）,
6C25,譽,メイヨノヨ、ホマレノキュウジ,名誉のヨ，ほまれの旧字,,,,,,,,,
6C26,讀,ドクショノドク、ヨムノキュウジ,読書のドク，よむの旧字,,,,,,,,,
6C27,讌,エン、ゴンベンニツバメ,エン，言偏に燕,エン,,,,,さかも（り）,くつろ（ぐ）,,
6C28,讎,フクシュウスルノシュウ、アダノイタイジ,復讐するのシュウ，あだの異体字,シュウ,,,,,あだ,むく（いる）,くらべただ（す）,
6C29,讒,ザンゲンンスルノザン、ソシル,讒言するのザン，そしる,サン,ザン,,,,そし（る）,つげぐち,へつら（う）,よこしま
6C2A,讓,ジョウホスルノジョウ、ユズルノキュウジ,譲歩するのジョウ，ゆずるの旧字,,,,,,,,,
6C2B,讖,ヨゲンヲイミスルゴンベンノシン,予言を意味する言偏のシン,シン,,,,,しるし,,,
6C2C,讙,カン，ゴンベンニカンガイヨウスイノカンノツクリ,カン，言偏に灌漑用水のカンの旁,カン,,,,,かまびす（しい）,やかま（しい）,よろこ（ぶ）,
6C2D,讚,ゴンベンノツイタサンビカノサンノイタイジ,言偏の付いた讃美歌のサンの異体字,,,,,,,,,
6C2E,谺,カ、コダマ、タニヘンニキバ,カ，こだま，谷偏に牙,カ,,,,,こだま,やまびこ,,
6C2F,豁,カツゼントサトルノカツ,豁然と悟るのカツ,カツ,,,,,ひら（ける）,ひろ（い）,むな（しい）,
6C30,谿,ケイ，ケイリュウヅリノケイノキュウジノツクリノミギニタニ,ケイ，渓流釣りのケイの旧字の旁の右に谷,ケイ,,,,,たに,たにがわ,,
6C31,豈,アニハカランヤノアニ,豈図らんやのあに,ガイ,キ,,,,たの（しむ）,やわ（らぐ）,あに,
6C32,豌,エンドウマメノエン,豌豆豆のエン,エン,,,,,,,,
6C33,豎,ジュ、ケンジツナノケンノツチノカワリニマメ,ジュ，堅実なのケンの土の代わりに豆,,,,,,,,,
6C34,豐,ユタカナノキュウジ,豊かなの旧字,,,,,,,,,
6C35,豕,シ，ブシュノイノコ,シ，部首の豕（いのこ）,シ,,,,,い,いのこ,ぶた,
6C36,豢,コブシノテノカワリニイノコ,拳の手の代わりに豕（いのこ）,カン,,,,,やしな（う）,か（う）,,
6C37,豬,チョ、イノコノミギニカガクシャノシャノキュウジタイ,チョ，豕（いのこ）の右に科学者のシャの旧字体,,,,,,,,,
6C38,豸,チ，ブシュノムジナ,チ，部首の豸（むじな）,,,,,,,,
6C39,豺,サイロウノムレノサイ、ヤマイヌ,豺狼の群のサイ，やまいぬ,サイ,,,,,やまいぬ,,
6C3A,貂,ドウブツノテン,動物の貂（てん）,チョウ,,,,,てん,,
6C3B,貉,ムジナヘンノドウブツノムジナ,豸編の動物の貉（むじな）,カク,,,,,むじな,,
6C3C,貅,キュウ、ムジナヘンニヤスム,キュウ，豸偏に休む,,,,,,,,
6C3D,貊,ハク、ムジナヘンニカンスウジノヒャク,ハク，豸偏に漢数字の百,バク,,,,,えびす,,
6C3E,貍,リ、ムジナヘンニサトガエリノサト,"貍,豸偏に里帰りのさと",,,,,,,,
6C3F,貎,ゲイ、ムジナヘンニジドウセイトノジノキュウジ,ゲイ，豸偏に児童生徒のジの旧字,ゲイ,,,,,しし,,
6C40,貔,ユウモウナグンタイヲイミスルヒキュウノヒ,勇猛な軍隊を意味する貔貅のヒ,,,,,,,,
6C41,豼,ヒ，ムジナヘンニヒカクスルノヒ,ヒ，豸偏に比較するのヒ,,,,,,,,
6C42,貘,ムジナヘンノドウブツノバク,豸偏の動物のバク,バク,,,,,,,
6C43,戝,サンゾクノゾクノイタイジ,山賊のゾクの異体字,,,,,,,,
6C44,貭,シツモンノシツノイタイジ,質問のシツの異体字,,,,,,,,
6C45,貪,ドンヨクノドン、ムサボル,貪欲のドン，むさぼる,タン,ドン,,,,むさぼ（る）,よくば（り）,
6C46,貽,イズシノイ、カイヘンニダイドコロノダイ,貽鮨のイ，貝偏に台所のダイ,イ,,,,,おく（る）,のこ（す）,
6C47,貲,シ、ヒガンシガンノシノシタニカイガラノカイ,シ，彼岸此岸のシの下に貝殻のかい,シ,,,,,あがな（う）,たから,みのしろ
6C48,貳,カンスウジノニ，シキガマエニ，ニノシタニカイガラノカイ,漢数字の二，式構えに，ニの下に貝殻のかい,,,,,,,,,,,,
6C49,貮,カンスウジノニノイタイジ，ブキノブノトメルノカワリニカイガラノカイ,漢数字の二の異体字，武器のブの止めるの代わりに貝殻のカイ,,,,,,,,,,,,
6C4A,貶,キヨホウヘンノヘン，オトシメル,毀誉褒貶のヘン，貶める,ヘン,,,,,お（とす）,しりぞ（ける）,そし（る）,おとし（める）,けな（す）,さげす（む）,へ（らす）
6C4B,賈,コ、オオイガシラニカイガラノカイ,コ，覆い頭に貝殻のかい,コ,カ,,,,あきな（う）,あきな（い）,う（る）,か（う）,あたい,,
6C4C,賁,ヒ，フンカスルノフンノツクリ,ヒ，噴火するのフンの旁,ヒ,フン,ホン,,,かざ（る）,かざ（り）,あや,つわもの,,,
6C4D,賤,ゲセンナノセン，イヤシイ,下賤なのセン，いやしい,,,,,,,,,,,,
6C4E,賣,ショウバイノバイ、ウルノキュウジ,商売のバイ，うるの旧字,,,,,,,,,,,,
6C4F,賚,ライ，ライネンノライノキュウジノシタニカイガラノカイ,ライ，来年のライの旧字の下に貝殻のかい,ライ,,,,,たま（う）,たまもの,,,,,
6C50,賽,サイセンバコノサイ,賽銭箱のサイ,サイ,,,,,おれいまつ（り）,さいころ,,,,,
6C51,賺,ナダメスカスノスカス,宥め賺すのすかす,タン,レン,,,,すか（す）,だま（す）,,,,,
6C52,賻,フ、カイヘンニハクブツカンノハクノツクリ,フ，貝偏に博物館のハクの旁,フ,,,,,おく（る）,おくりもの,,,,,
6C53,贄,イケニエノニエ,生け贄のにえ,シ,,,,,にえ,てみやげ,,,,,
6C54,贅,ゼイタクノゼイ,贅沢のゼイ,セイ,ゼイ,,,,いぼ,こぶ,むだ,よけい（な）,いりむこ,,
6C55,贊,サンセイハンタイノサンノキュウジ,賛成反対のサンの旧字,,,,,,,,,,,,
6C56,贇,ゲンピンヤキノイン,元贇焼きのイン,イン,,,,,,,,,,,
6C57,贏,カチマケヲイミスルエイシュノエイ,勝ち負けを意味する贏輸のエイ,エイ,,,,,もう（ける）,あま（る）,の（びる）,つつ（む）,にな（う）,か（つ）,
6C58,贍,セン，カイヘンニクシンサンタンノタンノツクリ,セン，貝偏に苦心惨憺のタンの旁,セン,ゼン,,,,た（す）,た（りる）,すく（う）,めぐ（む）
6C59,贐,ハナムケ、ジン,はなむけ，ジン,シン,ジン,,,,おくりもの,はなむけ,,
6C5A,齎,モタラス，セイ,もたらす，セイ,,,,,,,,,
6C5B,贓,ゾウブツザイノゾウ,贓物罪のゾウ,ソウ,ゾウ,,,,かく（す）,,,
6C5C,賍,ゾウブツザイノゾウノタイジ,贓物罪のゾウの異体字,,,,,,,,,
6C5D,贔,ヒイキノヒ、カイミッツ,贔屓のヒ，貝三つ,ヒ,ヒイ,,,,,,,
6C5E,贖,ショクザイノショク，アガナウ,贖罪のショク，あがなう,ショク,,,,,あがな（う）,あがな（い）,,
6C5F,赧,カオヲアカラメルイミノタンガンノタン,顔を赤らめる意味の赧顔のタン,タン,ダン,,,,あから（める）,は（じる）,,
6C60,赭,シャ，アカイロノアカノミギニカガクシャノシャノキュウジタイ,シャ，赤色のあかの右に科学者のシャの旧字体,シャ,,,,,あかつち,あか,あか（い）,はげやま
6C61,赱,ハシル，キョウソウノソウノイタイジ,はしる，競走のソウの異体字,,,,,,,,,
6C62,赳,キュウ、ソウニョウニサケブノツクリ,キュウ，走繞に叫ぶの旁,キュウ,,,,,たけ（し）,,,
6C63,趁,チン，ソウニョウニメズラシイノツクリ,チン，走繞に珍しいの旁,チン,,,,,ゆきなや（む）,お（う）,のりこ（む）,おもむ（く）
6C64,趙,チュウゴクノコクメイノチョウ,中国の国名の趙,チョウ,,,,,こ（える）,およ（ぶ）,,
6C65,跂,キ，アシヘンニササエル,キ，足偏に支える,キ,ギ,,,,つまだ（てる）,は（う）,,
6C66,趾,ジョウシコウエンノシ,城址公園のシ,シ,,,,,あし,あと,ねもと,
6C67,趺,フ，アシヘンニオット,フ，足偏に夫,フ,,,,,あし,うてな,あぐら,
6C68,跏,カ、アシヘンニカソクドノカ,カ，足偏に加速度のカ,カ,,,,,あぐら,,,
6C69,跚,スイホマンサンノサン、アシヘンニイッサツニサツノサツ,酔歩蹣跚のサン，足偏に一冊二冊のサツ,サン,,,,,,,,
6C6A,跖,セキ、アシヘンニイシ,セキ，足偏に石,セキ,,,,,あしのうら,ふ（む）,,
6C6B,跌,ジンセイノサテツノテツ,人生の蹉跌のテツ,テツ,,,,,つまず（く）,こ（える）,あやま（つ）,
6C6C,跛,ハ，アシヘンニケガワノカワ,ハ，足偏に毛皮のかわ,ハ,ヒ,,,,かたよ（る）,,,
6C6D,跋,チョウリョウバッコノバツ,跳梁跋扈のバツ,ハツ,バツ,,,,ふ（む）,こ（える）,つまず（く）,おくがき
6C6E,跪,ヒザマズク，キ,跪く，キ,キ,,,,,ひざまず（く）,,,
6C6F,跫,キョウ、キョウリュウノキョウノココロノカワリニテアシノアシ,キョウ，恐竜のキョウの心の代わりに手足のあし,キョウ,,,,,あしおと,,,
6C70,跟,コン，アシヘンニダイコンノコンノツクリ,コン，足偏に大根のコンの旁,コン,,,,,くびす,かかと,したが（う）,つ（ける）
6C71,跣,セン，アシヘンニイキサキノサキ,セン，足偏に行先のさき,セン,,,,,はだし,すあし,,
6C72,跼,キョク，アシヘンニヤッキョクノキョク,キョク，足偏に薬局のキョク,キョク,,,,,かが（む）,せぐくま（る）,,
6C73,踈,カソチノソノイタイジ，アシヘンニヤクソクノソク,過疎地のソの異体字，足偏に約束のソク,,,,,,,,,
6C74,踉,ヨロメク，ソウロウノロウ,よろめく，蹌踉のロウ,リョウ,ロウ,,,,おど（る）,,,
6C75,跿,ト，アシヘンニダッソウスルノソウ,ト，足偏に脱走するのソウ,ト,,,,,はだし,すあし,,
6C76,踝,クルブシ，カ,くるぶし，カ,カ,,,,,くるぶし,かかと,くびす,
6C77,踞,ソンキョスルノキョ，アシヘンニジュウキョノキョ,蹲踞するのキョ，足偏に住居のキョ,キョ,コ,,,,うずくま（る）,おご（る）,,
6C78,踐,ジッセンスルノセンノキュウジ,実践するのセンの旧字,,,,,,,,,,,
6C79,踟,チ，アシヘンニケンチジノチ,チ，足偏に県知事のチ,チ,,,,,たちもとお（る）,ためら（う）,,,,
6C7A,蹂,ジュウリンスルノジュウ,蹂躙するのジュウ,ジュウ,,,,,ふ（む）,ふみにじ（る）,,,,
6C7B,踵,カカト，ショウ,かかと，ショウ,ショウ,,,,,かかと,くびす,きびす,つ（ぐ）,ふ（む）,いた（る）
6C7C,踰,ユ，アシヘンニニレノキノニレノツクリ,ユ，足偏に楡の木のにれの旁,ユ,,,,,こ（える）,こ（す）,,,,
6C7D,踴,オドル，ブヨウノヨウノイタイジ，アシヘンニイサマシイ,おどる，舞踊のヨウの異体字，足偏に勇ましい,ヨウ,,,,,おど（る）,おど（り）,,,,
6C7E,蹊,ケイ，アシヘンニケイリュウヅリノケイノキュウジノツクリ,ケイ，足偏に渓流釣りのケイの旧字の旁,ケイ,,,,,こみち,みち,,,,
6D21,蹇,ケン，サムイノシタニテンノカワリニアシ,ケン，寒いの下二点の代わりに足,ケン,,,,,なえ（ぐ）,なや（む）,と（まる）,おご（る）,かたくな,ま（がる）
6D22,蹉,ジンセイノサテツノサ,人生の蹉跌のサ,サ,,,,,つまず（く）,あやま（る）,,,,
6D23,蹌,ヨロメク，ソウロウノソウ,よろめく，蹌踉のソウ,ショウ,ソウ,,,,うご（く）,よろめ（く）,はし（る）,,,
6D24,蹐,セキ，アシヘンニセキズイノセキ,セキ，足偏に脊髄のセキ,シャク,セキ,,,,ぬきあし,さしあし,,,,
6D25,蹈,トウ，アシヘンニイネノキュウジノツクリ,トウ，足偏に稲の旧字の旁,トウ,ドウ,,,,ふ（む）,あしぶみ（する）,,,,
6D26,蹙,ヒンシュクヲカウノシュク,顰蹙を買うのシュク,シャク,セキ,,,,せま（る）,しか（める）,きわ（まる）,くる（しむ）,つつし（む）,け（る）
6D27,蹤,ショウ，アシヘンニジュウジスルノジュウノキュウジ,ショウ，足偏に従事するのジュウの旧字,ショウ,,,,,あと,あしあと,したが（う）,ゆくえ,,
6D28,蹠,セキ，アシヘンニショミンノショ,セキ，足偏に庶民のショ,セキ,,,,,あしのうら,ふ（む）,,,,
6D29,踪,シッソウジケンノソウ,失踪事件のソウ,ショウ,ソウ,,,,あと,あしあと,ゆくえ,,,
6D2A,蹣,スイホマンサンノマン，アシヘンニマンゾクノマンノキュウジノツクリ,酔歩蹣跚のマン，足偏に満足のマンの旧字の旁,ハン,バン,マン,,,よろめ（く）,,,,
6D2B,蹕,ヒツ，アシヘンニヒッキョウノヒツ,ヒツ，足偏に畢竟のヒツ,ヒツ,,,,,さきばらい,,,,
6D2C,蹶,ケツ，アシヘンニユウボクミンゾクノトッケツノケツ,ケツ，足偏に遊牧民族の突厥のケツ,ケツ,ケイ,,,,つまず（く）,お（きる）,た（つ）,たお（れる）,すみ（やか）
6D2D,蹲,ソンキョスルノソン，アシヘンニソンケイスルノソン,蹲踞するのソン，足偏に尊敬するのソン,ソン,シュン,,,,うずくま（る）,つくば（う）,つくば（い）,,
6D2E,蹼,ホク，アシヘンニダボクノボクノツクリ,ホク，足偏に打撲のボクの旁,ホク,ボク,,,,みずかき,,,,
6D2F,躁,ソウウツビョウノソウ,躁鬱病のソウ,ソウ,,,,,さわ（ぐ）,さわ（がしい）,うご（く）,あわただ（しい）,あらあら（しい）
6D30,躇,チュウチョスルノチョ,躊躇するのチョ,チョ,チャク,,,,ふ（む）,ためら（う）,たちもとお（る）,こ（える）,わた（る）
6D31,躅,チョク，アシヘンニサンゴクシノショク,チョク，足偏に三国志の蜀,チョク,,,,,ふ（む）,,,,
6D32,躄,ヘキ，カベノツチノカワリニテアシノアシ,ヘキ，壁の土の代わりに手足のあし,ヘキ,,,,,いざ（る）,,,,
6D33,躋,セイ，アシヘンニヘソノツクリ,セイ，足偏に臍の旁,サイ,セイ,,,,のぼ（る）,のぼ（らせる）,,,
6D34,躊,チュウチョスルノチュウ,躊躇するのチュウ,チュウ,,,,,ためら（う）,たちもとお（る）,,,
6D35,躓,ツマズク，チ,つまずく，チ,チ,,,,,つまず（く）,しくじ（る）,くじ（ける）,くる（しむ）,
6D36,躑,テキ，アシヘンニトウテキキョウギノテキノツクリ,テキ，足偏に投擲競技のテキの旁,テキ,,,,,ためら（う）,たちもとお（る）,,,
6D37,躔,テン，アシヘンニマトウノツクリ,テン，足偏に纏うの旁,テン,,,,,めぐ（る）,ふ（む）,まつ（わる）,から（まる）,
6D38,躙,ジュウリンスルノリン,蹂躙するのリン,リン,,,,,にじ（る）,ふみにじ（る）,,,
6D39,躪,ジュウリンスルノリンノイタイジ,蹂躙するのリンの異体字,リン,,,,,にじ（る）,ふみにじ（る）,,,
6D3A,躡,ジョウ、アシヘンニミミミッツ,躡，足偏に耳三つ,ジョウ,,,,,ふ（む）,は（く）,お（う）,のぼ（る）
6D3B,躬,キュウ、ミヘンニユミ,キュウ，身偏に弓,キュウ,,,,,み,みずか（ら）,,
6D3C,躰,タイ，ミヘンニホンモノノホン,タイ，身偏に本物のホン,,,,,,,,,
6D3D,軆,タイ、ミヘンニユタカ,タイ，身偏に豊か,,,,,,,,,
6D3E,躱,タ、ミヘンニジダノジ,タ，身偏に耳朶のダ,タ,,,,,かわ（す）,さ（ける）,,
6D3F,躾,シツケ、ミヘンニウツクシイ,しつけ，身偏に美しい,,,,,,しつけ,,,
6D40,軅,ヤガテ、ミヘンニトリノカリ,やがて，身偏に鳥の雁,,,,,,,,,
6D41,軈,ヤガテ、ミヘンニオウエンスルノオウノキュウジ,やがて，身偏に応援するのオウの旧字,,,,,,やが（て）,,,
6D42,軋,アツレキノアツ,軋轢のアツ,アツ,,,,,きし（る）,かし（む）,くわ（しい）,こま（かい）
6D43,軛,クビキ、クルマヘンニヤクドシノヤク,くびき，車偏に厄年のヤク,アク,ヤク,,,,くびき,,,
6D44,軣,ゴウ、トドロクノイタイジ,ゴウ，轟（とどろく）の異体字,,,,,,,,,
6D45,軼,イツ、クルマヘンニウシナウ,イツ，車偏に失う,イツ,,,,,す（ぎる）,すぐ（れる）,う（せる）,も（れる）
6D46,軻,カ、クルマヘンニカノウセイノカ,カ，車偏に可能性のカ,カ,,,,,,,,
6D47,軫,シン、クルマヘンニシンサツスルノシンノツクリ,シン，車偏に診察するのシンの旁,シン,,,,,いた（む）,うれ（える）,,
6D48,軾,ショク、クルマヘンニニュウガクシキノシキ,ショク，車偏に入学式のシキ,ショク,,,,,しきみ,よこぎ,,
6D49,輊,チ、クルマヘンニゲシトウジノシ,チ，車偏に夏至冬至のシ,チ,,,,,ひく（い）,おも（い）,,
6D4A,輅,ロ、クルマヘンニカクジノカク,ロ，車偏に各自のカク,ロ,,,,,くるま,みくるま,,,
6D4B,輕,カルイオモイノカルイノキュウジ,軽い重いのかるいの旧字,,,,,,,,,,
6D4C,輒,チョウ，クルマヘンニミミニオツ,チョウ，車偏に耳に乙,チョウ,,,,,すなわ（ち）,たちま（ち）,,,
6D4D,輙,チョウ，クルマヘンニウケトルノトル,チョウ，車偏に受け取るのとる,チョウ,,,,,すなわ（ち）,たちま（ち）,,,
6D4E,輓,バン，クルマヘンニメンキョノメン,バン，車偏に免許のメン,バン,,,,,ひ（く）,いた（む）,おそ（い）,ちか（い）,
6D4F,輜,シチョウヘイノシ,輜重兵のシ,シ,,,,,ほろぐるま,にぐるま,,,
6D50,輟,テツ、クルマヘンニツヅルノツクリ,テツ，車偏に綴るの旁,テツ,,,,,つづ（る）,や（める）,とど（める）,,
6D51,輛,リョウ、クルマヘンニリョウテノリョウノキュウジ,リョウ，車偏に両手のリョウの旧字,リョウ,,,,,くるま,,,,
6D52,輌,リョウ、クルマヘンニリョウテノリョウ,リョウ，車偏に両手のリョウ,リョウ,,,,,くるま,,,,
6D53,輦,ホウレンノレン、オットフタツノシタニクルマ,鳳輦のレン，夫二つの下に車,レン,,,,,てぐるま,みくるま,こし,,
6D54,輳,ソウ、クルマヘンニカナデル,ソウ，車偏に奏でる,ソウ,,,,,あつ（まる）,,,,
6D55,輻,フク、クルマヘンニシュクフクノフクノツクリ,フク，車偏に祝福のフクの旁,フク,,,,,や,,,,
6D56,輹,フク、クルマヘンニオウフクスルノフクノツクリ,フク，車偏に往復するのフクの旁,フク,,,,,とこしばり,よこがみしばり,,,
6D57,轅,エン、ナガエ、クルマヘンニルイジンエンノエンノツクリ,エン，ながえ，車偏に類人猿のエンの旁,エン,,,,,ながえ,,,,
6D58,轂,コシキ、コクモツノコクノノギノカワリニクルマ,こしき，穀物のコクの禾の代わりに車,コク,,,,,こしき,くるま,あつ（める）,しめくく（る）,お（す）
6D59,輾,テン、クルマヘンニハッテンノテン,テン，車偏に発展のテン,テン,デン,ネン,,,めぐ（る）,ころ（がる）,ひきうす,,
6D5A,轌,ソリ、クルマヘンニユキ,そり，車偏に雪,,,,,,そり,,,,,
6D5B,轉,ウンテンスルノテンノキュウジ,運転するのテンの旧字,,,,,,,,,,,
6D5C,轆,ロクロノロク,轆轤のロク,ロク,,,,,,,,,,
6D5D,轎,キョウ、クルマヘンニホドウキョウノキョウノツクリ,キョウ，車偏に歩道橋のキョウの旁,キョウ,,,,,かご,やまかご,くるま,,,
6D5E,轗,カン、クルマヘンニカンソウブンノカン,カン，車偏に感想文のカン,カン,,,,,,,,,,
6D5F,轜,ジ、クルマヘンニヒツジュヒンノジュ,ジュ，車偏に必需品のジュ,,,,,,,,,,,
6D60,轢,アツレキノレキ,軋轢のレキ,レキ,,,,,ひ（く）,ふみにじ（る）,きし（る）,,,
6D61,轣,レキ、クルマヘンニレキシカノレキ,轣，車偏に歴史家のレキ,,,,,,,,,,,
6D62,轤,ロクロノロ,轆轤のロ,ロ,,,,,,,,,,
6D63,辜,ムコノコ，チュウコシャノコノシタニカライ,無辜のコ，中古車のコの下に辛い,コ,,,,,つみ,とが,はりつけ,そむ（く）,ひとりじ（め）,
6D64,辟,ヘキエキスルノヘキ,辟易するのヘキ,ヘキ,ヒ,,,,きみ,め（す）,さ（ける）,かたよ（る）,よこしま,ひら（く）
6D65,辣,ラツワンノラツ,辣腕のラツ,ラツ,,,,,から（い）,きび（しい）,むご（い）,すご（い）,,
6D66,辭,コクゴジテンノジノキュウジ,国語辞典のジの旧字,,,,,,,,,,,
6D67,辯,ベンゴシノベンノキュウジ，カライフタツノアイダニゲンゴノゲン,弁護士のベンの旧字，辛い二つの間に言語のゲン,,,,,,,,,,,
6D68,辷,シンニョウニカンスウジノイチ，スベル,之繞に漢数字の一，すべる,,,,,,すべ（る）,,,,,
6D69,迚,トテモ、シンニョウニチュウガクノチュウ,とても，之繞に中学のチュウ,,,,,,とて（も）,とて,,,,
6D6A,迥,ケイ，シンニョウニケイガンノシノケイノツクリ,ケイ，之繞に炯眼の士のケイの旁,ケイ,,,,,はる（か）,とお（い）,,
6D6B,迢,チョウ、シンニョウニチョウノウリョクノチョウノツクリ,チョウ，之繞に超能力のチョウの旁,チョウ,,,,,はる（か）,とお（い）,,
6D6C,迪,テキ，シンニョウニリユウノユウ,テキ，之繞に理由のユウ,テキ,,,,,みち,みちび（く）,ふ（む）,すす（む）
6D6D,迯,ニゲル，トウボウスルノトウノイタイジ,にげる，逃亡するのトウの異体字,,,,,,,,,
6D6E,邇,ジ，シンニョウニソツジナガラノジ,ジ，之繞に率爾ながらのジ,,,,,,,,,
6D6F,迴,カイ、シンニョウニカイスウケンノカイ,カイ，之繞に回数券のカイ,カイ,,,,,めぐ（る）,まわ（る）,さ（ける）,
6D70,逅,メグリアイノカイコウノコウ,巡り会いの邂逅のコウ,コウ,,,,,あ（う）,,,
6D71,迹,セキ，シンニョウニソクセキヲノコスノセキノツクリ,セキ，之繞に足跡を遺すのセキの旁,セキ,シャク,,,,あと,あとかた,おこな（い）,
6D72,迺,ナイ，シンニョウニニシヒガシノニシ,ナイ，之繞に西東のにし,,,,,,,,,
6D73,逑,キュウ、シンニョウニモトメル,キュウ，之繞に求める,キュウ,,,,,あつ（める）,あ（う）,つれあい,
6D74,逕,ケイ、シンニョウニケイドウミャクノケイノヒダリガワ,ケイ，之繞に頸動脈のケイの左側,ケイ,,,,,こみち,みち,ただ（ちに）,
6D75,逡,シュンジュンスルノシュン,逡巡するのシュン,シュン,,,,,ためら（う）,しさ（る）,しりぞ（く）,
6D76,逍,サンポヲイミスルショウヨウノショウ,散歩を意味する逍遥のショウ,ショウ,,,,,さまよ（う）,,,
6D77,逞,タクマシイ，テイ,逞しい，テイ,テイ,,,,,たくま（しい）,たくま（しくする）,こころよ（い）,
6D78,逖,テキ、シンニョウニイテキノテキ,テキ，之繞に夷狄のテキ,テキ,,,,,とお（い）,はる（か）,,
6D79,逋,ホ、シンニョウニシジンノトホノホ,ホ，之繞に詩人の杜甫のホ,フ,ホ,,,,に（げる）,のが（れる）,かく（れる）,おいめ
6D7A,逧,サコ，シンニョウニタニ,サコ，之繞に谷,,,,,,さこ,,,
6D7B,逶,イ，シンニョウニガッキュウイインノイ,イ，之繞に学級委員のイ,,,,,,,,,
6D7C,逵,キ、シンニョウニリクジョウノリクノツクリ,キ，之繞に陸上のリクの旁,キ,,,,,おおじ,おおどおり,,
6D7D,逹,ハイタツノタツノイタイジ,配達のタツの異体字,,,,,,,,,
6D7E,迸,ホトバシル，ホウ,ほとばしる，ホウ,ホウ,ヘイ,,,,はし（る）,ほとばし（る）,たばし（る）,
6.00E+21,遏,アツ，シンニョウニカッショクノカツノツクリ,アツ，之繞に褐色のカツの旁,アツ,,,,,と（める）,とど（める）,た（つ）,さえぎ（る）
6.00E+22,遐,カ，シンニョウニヒマツブシノヒマノツクリ,カ，之繞に暇潰しのひまの旁,カ,,,,,とお（い）,はる（か）,,
6.00E+23,遑,コウ、シンニョウニコウタイシノコウ,コウ，之繞に皇太子のコウ,コウ,,,,,あわただ（しい）,あわ（てる）,いとま,ひま
6.00E+24,遒,シュウ，シンニョウニシュウチョウサンノシュウ,シュウ，之繞に酋長さんのシュウ,シュウ,,,,,せま（る）,つよ（い）,ちからづよ（い）,
6.00E+25,逎,シュウ，シンニョウニジュウニシノトリ,シュウ，之繞に十二支の酉（とり）,シュウ,,,,,せま（る）,つよ（い）,ちからづよ（い）,
6.00E+26,遉,テイ，シンニョウニテイシュクナノテイ,テイ，之繞に貞淑なのテイ,テイ,,,,,うかが（う）,さぐ（る）,さすが,さすが（に）
6.00E+27,逾,ユ，シンニョウニニレノキノニレノツクリ,ユ，之繞に楡の木のにれの旁,ユ,,,,,こ（える）,こ（す）,いよいよ,
6.00E+28,遖,アッパレ，シンニョウニミナミ,あっぱれ，之繞に南（みなみ）,,,,,,あっぱれ,,,
6.00E+29,遘,コウ，シンニョウニミゾノツクリ,コウ，之繞に溝の旁,コウ,,,,,あ（う）,であ（う）,,
6E2A,遞,テイシンショウノテイノキュウジ,逓信省のテイの旧字,,,,,,,,,
6E2B,遨,ゴウ，シンニョウニゴウマンナノゴウノツクリ,ゴウ，之繞に傲慢なのゴウの旁,ゴウ,,,,,あそ（ぶ）,,,
6E2C,遯,トン，シンニョウニトンジルノトン,トン，之繞に豚汁のトン,トン,ドン,,,,のが（れる）,に（げる）,かく（れる）,,,
6E2D,遶,ジョウ，シンニョウニギョウシュンノギョウノキュウジ,ジョウ，之繞に尭舜のギョウの旧字,ジョウ,ニョウ,,,,めぐ（る）,めぐ（らす）,,,,
6E2E,隨,ズイヒツノズイノキュウジ,随筆のズイの旧字,,,,,,,,,,,
6E2F,遲,チコクスルノチ，オソイノキュウジ,遅刻するのチ，遅いの旧字,,,,,,,,,,,
6.00E+30,邂,メグリアウイミノカイコウノカイ,巡り会う意味の邂逅のカイ,カイ,,,,,あ（う）,めぐりあ（う）,,,,
6.00E+31,遽,キュウキョキタクスルノキョ,急遽帰宅するのキョ,キョ,,,,,にわ（か）,すみ（やか）,あわただ（しい）,あわ（てる）,あそ（れる）,せま（る）
6.00E+32,邁,マイシンスルノマイ,邁進するのマイ,バイ,マイ,,,,ゆ（く）,す（ぎる）,すぐ（れる）,つと（める）,,
6.00E+33,邀,ヨウ，シンニョウニゲキレイスルノゲキノツクリ,ヨウ，之繞に激励するのゲキの旁,ヨウ,,,,,むか（える）,もと（める）,,,,
6.00E+34,邊,シュウヘンノヘン，アタリノキュウジ,周辺のヘン，あたりの旧字,,,,,,,,,,,
6.00E+35,邉,シュウヘンノヘン，アタリノキュウジノイタイジ,周辺のヘン，あたりの旧字の異体字,,,,,,,,,,,
6.00E+36,邏,ケイラスルノラ,警邏するのラ,ラ,,,,,めぐ（る）,みまわ（る）,みまわ（り）,,,
6.00E+37,邨,ムラ，シチョウソンノソンノイタイジ,むら，市町村のソンの異体字,ソン,,,,,むら,,,,,
6.00E+38,邯,カンタンノユメノカン,邯鄲の夢のカン,カン,,,,,,,,,,
6.00E+39,邱,キュウ，サキュウノキュウノミギニオオザト,キュウ，砂丘のキュウの右におおざと,キュウ,,,,,おか,,,,,
6E3A,邵,ショウ，マネクノツクリノミギニオオザト,ショウ，招くの旁の右におおざと,ショウ,,,,,,,,,,
6E3B,郢,エイ，ゾウテイスルノテイノミギニオオザト,エイ，贈呈するのテイの右におおざと,エイ,,,,,,,,,,
6E3C,郤,ケキ，タニノミギニオオザト,ケキ，谷の右におおざと,ケキ,ゲキ,,,,ひま,すき,すきま,なかたが（い）
6E3D,扈,チョウリョウバッコノコ,跳梁跋扈のコ,,,,,,,,,
6E3E,郛,フ，ツメノシタニコドモノコノミギニオオザト,フ，爪の下に子供の子の右におおざと,フ,,,,,くるわ,,,
6E3F,鄂,ガク，ワニノツクリノミギニオオザト,ガク，鰐の旁の右におおざと,ガク,,,,,,,,
6.00E+40,鄒,スウ，スウセイノスウノツクリノミギニオオザト,スウ，趨勢のスウの旁の右におおざと,シュ,スウ,,,,,,,
6.00E+41,鄙,ヘンピナノヒ，ヒナ,辺鄙なのヒ，ひな,ヒ,,,,,ひな,ひな（びる）,いや（しい）,いや（しむ）
6.00E+42,鄲,カンタンノユメノタン,邯鄲の夢のタン,タン,,,,,,,,
6.00E+43,鄰,トナリ，リンジンノリンノタイジ,となり，隣人のリンの異体字,,,,,,,,,
6.00E+44,酊,メイテイスルノテイ,酩酊するのテイ,テイ,,,,,よ（う）,,,
6.00E+45,酖,タン，ジュウニシノトリノミギニシズムノツクリ,タン，十二支の酉の右に沈むの旁,タン,チン,,,,ふけ（る）,,,
6.00E+46,酘,トウ，ジュウニシノトリノミギニルマタ,トウ，十二支の酉の右にル又,,,,,,,,,
6.00E+47,酣,カン，ジュウニシノトリノミギニアマイ,カン，十二支の酉の右に甘い,カン,,,,,たの（しむ）,たけなわ,,
6.00E+48,酥,ソ，ジュウニシノトリノミギニノギヘンノノギ,ソ，十二支の酉の右に禾偏ののぎ,ソ,,,,,ちちしる,,,
6.00E+49,酩,メイテイスルノメイ,酩酊するのメイ,メイ,,,,,よ（う）,,,
6E4A,酳,イン，ジュウニシノトリノミギニイトガシラニツキ,イン，十二支の酉の右に糸頭に月,イン,,,,,すす（ぐ）,すす（める）,すす（る）,あま（り）
6E4B,酲,テイ，ジュウニシノトリノミギニゾウテイスルノテイ,テイ，十二支の酉の右に贈呈するのテイ,テイ,,,,,よ（う）,あ（きる）,わるよ（い）,
6E4C,醋,サク，ジュウニシノトリノミギニムカシ,サク，十二支の酉の右に昔,サク,ソ,,,,す,,,,,
6E4D,醉,デイスイスルノスイノキュウジ,泥酔するのスイの旧字,,,,,,,,,,,
6E4E,醂,ミリンノリン，ジュウニシノトリノミギニハヤシ,味醂のリン，十二支の酉の右に林,リン,,,,,さわ（す）,あわ（す）,さわしがき,たるがき,,
6E4F,醢,カイ，ジュウニシノトリノミギニミギノシタニサラ,カイ，十二支の酉の右に右の下に皿,カイ,,,,,ひしお,ししびしお,しおから,,,
6.00E+50,醫,オイシャサンノイノキュウジ,お医者さんのイの旧字,,,,,,,,,,,
6.00E+51,醯,ケイ，ジュウニシノトリノミギニナガレルノツクリノシタニサラ,ケイ，十二支の酉の右に流れるの旁の下に皿,ケイ,,,,,す,すづけ,しおから,,,
6.00E+52,醪,モロミ，ロウ,もろみ，ロウ,ロウ,,,,,にごりざけ,どぶろく,もろみ,,,
6.00E+53,醵,キョキンノキョ，ジュウニシノトリノミギニゲキダンノゲキノヒダリガワ,醵金のキョ，十二支の酉の右に劇団のゲキの左側,キョ,,,,,あつ（める）,つの（る）,,,,
6.00E+54,醴,アマザケ，レイ,あまざけ，レイ,ライ,レイ,,,,あまざけ,あま（い）,,,,
6.00E+55,醺,ビクンヲオビルノクン,微醺を帯びるのクン,クン,,,,,よ（う）,ほろよ（い）,,,,
6.00E+56,釀,ジョウゾウスルノジョウ，カモスノキュウジ,醸造するのジョウ，かもすの旧字,,,,,,,,,,,
6.00E+57,釁,スキマヲイミスルキンゲキノキン,隙間を意味する釁隙のキン,キン,,,,,ぬ（る）,ちぬ（る）,すきま,なかたが（い）,きず,きざ（し）
6.00E+58,釉,ユウヤクノユウ，ウワグスリ,釉薬のユウ，うわぐすり,ユウ,,,,,つや,ひかり,うわぐすり,,,
6.00E+59,釋,シャクホウスルノシャクノキュウジ,釈放するのシャクの旧字,,,,,,,,,,,
6E5A,釐,リ，ミライノミニノブンノシタニタンイノリン,リ，未来のミにのぶんの下に単位の厘,リ,,,,,おさ（める）,あらた（める）,たま（う）,やもめ,わず（か）,
6E5B,釖,トウ、カネヘンニカタナ,トウ、金偏に刀,,,,,,,,,,,
6E5C,釟,ハツ、カネヘンニカンスウジノハチ,ハツ，金偏に漢数字の八,,,,,,,,,
6E5D,釡,カマメシノカマノイタイジ,釜飯のかまの異体字,,,,,,,,,
6E5E,釛,コク，カネヘンニチカラ,コク，金偏に力,,,,,,,,,
6E5F,釼,ケン、カネヘンニヤイバ,ケン，金偏に刃（やいば）,,,,,,,,,
6.00E+60,釵,サイ、カネヘンニヤシャノシャ,サイ、金偏に夜叉のシャ,サ,サイ,,,,かんざし,,,
6.00E+61,釶,シ、カネヘンニクウヤネンブツノヤ,シ，金偏に空也念仏のヤ,,,,,,,,,
6.00E+62,鈞,キン、カネヘンニヘイキンノキンノツクリ,キン，金偏に平均のキンの旁,キン,,,,,ひと（しい）,はか（る）,ろくろ,
6.00E+63,釿,ギン、カネヘンニパンイッキンノキン,ギン，金偏にパン1斤のキン,キン,ギン,,,,おの,ておの,き（る）,た（つ）
6.00E+64,鈔,ショウ、カネヘンニオオイスクナイノスクナイ,ショウ，金偏に多い少ないのすくない,ショウ,ソウ,,,,かす（める）,うつ（す）,うつ（し）,さつ
6.00E+65,鈬,ドウタクノタクノイタイジ,銅鐸のタクの異体字,,,,,,,,,
6.00E+66,鈕,チュウ、カネヘンニジュウニシノウシ,チュウ，金編に十二支の丑,ジュウ,チュウ,,,,つまみ,とって,ボタン,
6.00E+67,鈑,ハン、カネヘンニハンタイスルノハン,ハン，金偏に反対するのハン,ハン,バン,,,,いたがね,,,
6.00E+68,鉞,フエツノエツ、マサカリ,斧鉞のエツ、鉞（まさかり）,エツ,,,,,まさかり,,,
6.00E+69,鉗,カンシブンベンノカン,鉗子分娩のカン,ケン,カン,,,,くびかせ,はさ（む）,と（じる）,かなばさみ
6E6A,鉅,キョ、カネヘンニキョダイナノキョ,キョ、金偏に巨大なのキョ,キョ,,,,,おお（きい）,おお（い）,とうと（い）,
6E6B,鉉,ゲン、カネヘンニゲンマイノゲン,ゲン，金偏に玄米のゲン,ケン,ゲン,,,,つる,とって,,
6E6C,鉤,コウ、カギ、カネヘンニハイクノク,コウ，かぎ，金偏に俳句のク,,,,,,,,,,,,
6E6D,鉈,ナタ,なた,シャ,タ,,,,ほこ,なた,,,,,
6E6E,銕,テツノイタイジ、カネヘンニソンノウジョウイノイ,鉄の異体字、金偏に尊皇攘夷のイ,,,,,,,,,,,,
6E6F,鈿,ラデンノデン,螺鈿のデン,デン,テン,,,,かんざし,かざ（り）,,,,,
6.00E+70,鉋,ダイクドウグノカンナ,大工道具の鉋（かんな）,ホウ,,,,,かんな,,,,,,
6.00E+71,鉐,セキ、カネヘンニイシ,セキ，金偏に石,,,,,,,,,,,,
6.00E+72,銜,カン、ギョウガマエニキンヨウビノキン,カン，行構えに金曜日のキン,カン,ガン,,,,くつわ,ふく（む）,くわ（える）,くらい,,,
6.00E+73,銖,シュ、カネヘンニシュイロノシュ,シュ，金偏に朱色のシュ,シュ,ジュ,,,,わず（か）,かる（い）,にぶ（い）,,,,
6.00E+74,銓,セン、カネヘンニゼンコクノゼン,セン，金偏に全国のゼン,セン,,,,,はかり,はか（る）,しら（べる）,えら（ぶ）,,,
6.00E+75,銛,モリデツクノモリ,銛で突くのもり,セン,,,,,すき,もり,するど（い）,,,,
6.00E+76,鉚,リュウ、カネヘンニジュウニシノウ,リュウ，金偏に十二支の卯,,,,,,,,,,,,
6.00E+77,鋏,ドウグノハサミ,道具の鋏（はさみ）,キョウ,,,,,はさみ,かなばさみ,つるぎ,つか,はさ（む）,,
6.00E+78,銹,シュウ、カネヘンニヒイデル,シュウ，金偏に秀でる,シュウ,,,,,さび,さ（びる）,,,,,
6.00E+79,銷,ショウ、カネヘンニショウゾウガノショウ,ショウ，金偏に肖像画のショウ,ショウ,,,,,と（かす）,と（ける）,つ（くす）,つ（きる）,け（す）,そこ（なう）,ち（る）
6E7A,鋩,ボウ、カネヘンニクサカンムリニボウメイスルノボウ,ボウ，金偏に草冠に亡命するのボウ,ボウ,モウ,,,,きっさき,,,,,,
6E7B,錏,ア、カネヘンニアジアノアノキュウジ,ア，金偏に亜細亜のアの旧字,ア,,,,,しころ,,,,,,
6E7C,鋺,カナマリ、カネヘンニウデノツクリ,かなまり，金偏に腕の旁,エン,,,,,はかりざら,かなまり,まり,
6E7D,鍄,リョウ、カネヘンニトウキョウノキョウ,リョウ，金偏に東京のキョウ,,,,,,,,,
6E7E,錮,キンコケイノコ、カネヘンニカタメル,禁錮刑のコ，金偏に固める,コ,,,,,ふさ（ぐ）,とじこ（める）,かた（い）,ながわずら（い）
6F21,錙,シ、カネヘンニシチョウヘイノシノツクリ,シ，金偏に輜重兵のシの旁,シ,,,,,わず（か）,,,
6F22,錢,ツリセンノセンノキュウジ,釣り銭のセンの旧字,,,,,,,,,
6F23,錚,ソウ、カネヘンニアラソウノキュウジ,ソウ、金偏に争うの旧字,ソウ,,,,,かね,どら,,
6F24,錣,テツ、カネヘンニツヅルノツクリ,テツ，金偏に綴るの旁,テツ,,,,,しころ,,,
6F25,錺,カザリ、カネヘンニホウコウザイノホウ,かざり、金偏に芳香剤のホウ,,,,,,かざり,,,
6F26,錵,ニエ、カネヘンニハナビノハナ,にえ，金偏に花火のはな,,,,,,にえ,,,
6F27,錻,ブリキノブ、カネヘンニブキノブ,錻力（ブリキ）のブ、金偏に武器のブ,ブ,,,,,ブリキ,,,
6F28,鍜,カ，カネヘンニヒマツブシノヒマノツクリ,カ，金偏にに暇潰しのひまの旁,,,,,,,,,
6F29,鍠,コウ、カネヘンニコウタイシノコウ,コウ，金偏に皇太子のコウ,コウ,,,,,まさかり,おの,,
6F2A,鍼,シン，ハリキュウノハリ,シン，鍼灸のはり,シン,,,,,はり,さ（す）,,
6F2B,鍮,キンゾクノシンチュウノチュウ,金属の真鍮のチュウ,チュウ,トウ,,,,,,,
6F2C,鍖,チン、カネヘンニハナハダシイ,チン，金偏に甚だしい,,,,,,,,,
6F2D,鎰,イツ、カネヘンニリエキノエキ,イツ，金偏に利益のエキ,イツ,,,,,かぎ,,,
6F2E,鎬,シノギヲケズルノシノギ,鎬を削るのしのぎ,コウ,,,,,なべ,しのぎ,,
6F2F,鎭,チンアツスルノチン，シズメルノキュウジ,鎮圧するのチン，しずめるの旧字,,,,,,,,,
6F30,鎔,ヨウ、カネヘンニヨウセキノヨウ,ヨウ，金偏に容積のヨウ,,,,,,,,,
6F31,鎹,コハカスガイノカスガイ,子は鎹のかすがい,,,,,,かすがい,,,
6F32,鏖,オウ、ドウブツノシカノシタニキンヨウビノキン,オウ，動物の鹿の下に金曜日のキン,オウ,,,,,みなごろし,,,
6F33,鏗,コウ、カネヘンニケンジツナノケン,コウ，金偏に堅実なのケン,コウ,,,,,つ（く）,う（つ）,,
6F34,鏨,コウグノタガネ,工具の鏨（たがね）,サン,ザン,,,,たがね,え（る）,ほ（る）,
6F35,鏥,シュウ，カネヘンニヤド,シュウ，金偏に宿,,,,,,,,,
6F36,鏘,ショウ、カネヘンニショウグンノショウノキュウジ,ショウ，金偏に将軍のショウの旧字,ショウ,ソウ,,,,,,,
6F37,鏃,ユミヤノヤジリ,弓矢の鏃（やじり）,ソク,ゾク,,,,やじり,するど（い）,,
6F38,鏝,ハンダゴテノコテ,半田鏝のこて,バン,マン,,,,こて,,,
6F39,鏐,リョウ、カネヘンニニカワノツクリ,リョウ，金偏に膠の旁,リュウ,リョウ,,,,こがね,しろがね,,
6F3A,鏈,レン、カネヘンニレンラクノレン,レン，金偏に連絡のレン,レン,,,,,くさり,,,
6F3B,鏤,ルキンノル，チリバメル,鏤金のル，ちりばめる,ロウ,ル,,,,え（る）,きざ（む）,ちりば（める）,かざ（る）
6F3C,鐚,ビタイチモンノビタ,鐚一文のびた,ア,,,,,しころ,びた,,
6F3D,鐔,タン，カネヘンニニシノシタニハヤオキノハヤイ,タン，金偏に西の下に早起きの早い,タン,シン,,,,つば,,,
6F3E,鐓,タイ、カネヘンニチュウゴクノトンコウノトン,タイ，金偏に中国の敦煌のトン,タイ,,,,,つち,いしづき,,,
6F3F,鐃,ドウ、カネヘンニギョウシュンノギョウノキュウジ,ドウ，金偏に尭舜のギョウの旧字,ドウ,ニョウ,,,,どら,,,,
6F40,鐇,ハン、カネヘンニバンゴウノバン,ハン，金偏に番号のバン,,,,,,,,,,
6F41,鐐,リョウ、カネヘンニドウリョウノリョウノツクリ,リョウ，金偏に同僚のリョウの旁,リョウ,,,,,しろがね,ひらがね,あしかせ,,
6F42,鐶,カン、カネヘンニジュンカンスルノカンノツクリ,カン，金偏に循環するのカンの旁,カン,,,,,たまき,わ,かなわ,,
6F43,鐫,セン、カネヘンニフルトリノシタニオウトツノオウノシタ１カクヲトッタモノ,セン，金偏に隹の下に凹凸のオウの下1画を取ったもの,セン,,,,,え（る）,ほ（る）,うが（つ）,しりぞ（ける）,いまし（める）
6F44,鐵,テツドウノテツノキュウジ,鉄道のテツの旧字,,,,,,,,,,
6F45,鐡,テツドウノテツノキュウジノテイノカワリニマメノシタガワ,鉄道のテツの旧字の呈の代わりに豆の下側,,,,,,,,,,
6F46,鐺,トウ、カネヘンニベントウノトウノキュウジ,トウ，金偏に弁当のトウの旧字,トウ,ソウ,,,,くさり,あしがなえ,こじり,こて,
6F47,鑁,バンナジノバン,鑁阿寺のバン,,,,,,,,,,
6F48,鑒,ズカンノカンノイタイジ,図鑑のカンの異体字,鑑の別体字,,,,,,,,,
6F49,鑄,"	チュウゾウスルノチュウ、イルノキュウジ",鋳造するのチュウ，いるの旧字,,,,,,,,,,
6F4A,鑛,テッコウセキノコウノキュウジ,鉄鉱石のコウの旧字,,,,,,,,,,
6F4B,鑠,ゲンキカクシャクノシャク,元気矍鑠のシャク,シャク,,,,,と（かす）,と（ける）,うつく（しい）,,
6F4C,鑢,コウグノヤスリ,工具の鑢（やすり）,リョ,ロ,,,,やすり,す（る）,,,
6F4D,鑞,ロウヅケザイクノロウ,鑞付け細工のロウ,ロウ,,,,,すず,,,,
6F4E,鑪,ロ、カネヘンニハゼノキノハゼノツクリ,ロ，金偏に櫨の木のはぜの旁,ロ,,,,,いろり,さかば,ふいご,,,
6F4F,鈩,ロ、カネヘンニトジマリノト,ロ，金偏に戸締まりのト,,,,,,,,,,,
6F50,鑰,ヤク，カネヘンニブシュノヤク,ヤク，金偏に部首のヤク,ヤク,,,,,かぎ,と（じる）,,,,
6F51,鑵,カン、カネヘンニカンヅメノカンノキュウジノツクリ,カン，金偏に缶詰のカンの旧字の旁,罐→缶に同じ,,,,,,,,,,
6F52,鑷,ジョウ、カネヘンニミミミッツ,ジョウ，金偏に耳三つ,ジョウ,セツ,,,,けぬき,ぬ（く）,,,,
6F53,鑽,ケンサンヲツムノサン,研鑽を積むのサン,サン,,,,,たがね,きり,のみ,き（る）,うが（つ）,きわ（める）
6F54,鑚,ケンサンヲツムノサンノイタイジ,研鑽を積むのサンの異体字,サン,,,,,たがね,きり,のみ,き（る）,うが（つ）,きわ（める）
6F55,鑼,ドラヤキノラ,銅鑼焼きのラ,ラ,,,,,どら,,,,,
6F56,鑾,ラン，コイビトノコイノキュウジノココロノカワリニキンヨウビノキン,ラン，恋人のこいの旧字の心の代わりに金曜日のキン,ラン,,,,,すず,,,,,
6F57,钁,カク，カネヘンニゲンキカクシャクノカク,カク，金偏に元気矍鑠のカク,カク,,,,,くわ,,,,,
6F58,鑿,コウグノノミ,工具ののみ,サク,,,,,のみ,うが（つ）,,,,
6F59,閂,カンヌキ,かんぬき,サン,,,,,かんぬき,,,,,
6F5A,閇,ヘイテンノヘイ，トジルノイタイジ,閉店するのヘイ，とじるの異体字,,,,,,,,,,,
6F5B,閊,ムネガツカエルノツカエル，モンガマエニヤマ,胸が閊えるのつかえる，門構えに山,,,,,,つか（える）,,,,,
6F5C,閔,ビン，モンガマエニブンショウヲカクノブン,ビン，門構えに文章を書くのブン,ビン,ミン,,,,あわ（れむ）,お（しむ）,うれ（える）,つと（める）,,
6F5D,閖,ロウ，モンガマエニミズ,ロウ，門構えに水,,,,,,,,,,,
6F5E,閘,コウ，モンガマエニコウオツノコウ,コウ，門構えに甲乙のコウ,オウ,コウ,,,,ひのくち,,,
6F5F,閙,ドウ，モンガマエニイチバノイチ,ドウ，門構えに市場のイチ,,,,,,,,,
6F60,閠,ウルウドシノウルウノイタイジ,閏年のうるうの異体字,,,,,,,,,
6F61,閨,ケイボウノケイ，ネヤ,閨房のケイ，ねや,ケイ,,,,,ねや,こもん,,
6F62,閧,コウ，モンガマエニキョウツウテンノキョウ,コウ，門構えに共通点のキョウ,コウ,,,,,ちまた,,,
6F63,閭,リョ，モンガマエニオフロノロ,リョ，門構えにお風呂のロ,リョ,ロ,,,,ちまた,さと,むらざと,
6F64,閼,フサグヲイミスルモンガマエノアツ,塞ぐを意味する門構えのアツ,アツ,エン,ア,,,ふさ（ぐ）,さえぎ（る）,,
6F65,閻,エンマサマノエン,閻魔様のエン,エン,,,,,みめうるわ（しい）,,,
6F66,閹,エン，モンガマエニキソクエンエンノエン,エン，門構えに気息奄々のエン,エン,,,,,しもべ,めしつかい,こびへつら（う）,
6F67,閾,イキ，モンガマエニアルイハノアル,イキ，門構えに或いはのアル,イキ,ヨク,,,,しきい,くぎ（る）,,
6F68,闊,ウカツナノカツ,迂闊なのカツ,カツ,,,,,ひろ（い）,うと（い）,,
6F69,濶,ウカツナノカツノイタイジ,迂闊なのカツの異体字,カツ,,,,,ひろ（い）,うと（い）,,
6F6A,闃,ケキ，モンガマエニモクテキノモクノシタニイヌ,ケキ，門構えに目的のモクの下にイヌ,ゲキ,,,,,しず（か）,,,
6F6B,闍,アジャリノジャ,阿闍梨のジャ,ト,ジャ,,,,うてな,ものみ,まち,
6F6C,闌,ラン，ハランバンジョウノランノツクリ,ラン，波瀾万丈のランの旁,ラン,,,,,てすり,たけなわ,おそ（い）,た（ける）
6F6D,闕,ケイバツノケッショノケツ,刑罰の闕所のケツ,ケツ,,,,,もん,か（ける）,のぞ（く）,
6F6E,闔,コウ，モンガマエニキョネンノキョニサラ,コウ，門構えに去年のキョに皿,コウ,,,,,とびら,もん,と（じる）,すべ（て）
6F6F,闖,チンニュウスルノチン，モンガマエニウマ,闖入するのチン，門構えに馬,チン,,,,,うかが（う）,ねら（う）,,
6F70,關,カンケイスルノカン，セキノキュウジ,関係するのカン，せきの旧字,,,,,,,,,
6F71,闡,セン，モンガマエニタンジュンナノタンノキュウジ,セン，門構えに単純なのタンの旧字,セン,,,,,ひら（く）,あき（らか）,ひろ（める）,ひろ（まる）
6F72,闥,タツ，モンガマエニハイタツノタツ,タツ，門構えに配達のタツ,,,,,,,,,
6F73,闢,テンチカイビャクノビャク,天地開闢のビャク,ヘキ,ビャク,,,,ひら（く）,ひら（ける）,しりぞ（ける）,
6F74,阡,セン，コザトヘンニカンスウジノセン,セン，阜偏に漢数字の千,セン,,,,,みち,あぜみち,はかみち,しげ（る）
6F75,阨,アイ，コザトヘンニヤクドシノヤク,アイ，阜偏に厄年のヤク,アイ,ヤク,,,,せま（い）,ふさ（がる）,くる（しむ）,
6F76,阮,ゲン，コザトヘンニガンタンノガン,ゲン，阜偏に元旦のガン,ゲン,,,,,,,,
6F77,阯,シ，コザトヘンニキンシスルノシ,シ，阜偏に禁止するのシ,シ,,,,,もとい,あと,ふもと,
6F78,陂,ハ，コザトヘンニケガワノカワ,ハ，阜偏に毛皮のカワ,ヒ,ハ,,,,つつみ,さか,かたむ（く）,よこしま
6F79,陌,ハク，コザトヘンニカンスウジノヒャク,ハク，阜偏に漢数字の百,ハク,バク,,,,みち,あぜみち,まち,
6F7A,陏,ダ，コザトヘンニユウメイジンノユウ,ダ，阜偏に有名人のユウ,,,,,,,,,
6F7B,陋,ガンメイコロウノロウ,頑迷固陋のロウ,ロウ,,,,,せま（い）,いや（しい）,,
6F7C,陷,オチイル，カンラクノカンノキュウジ,おちいる，陥落のカンの旧字,,,,,,,,,
6F7D,陜,セン，コザトヘンニセマイノキュウジノツクリ,セン，阜偏に狭いの旧字の旁,キョウ,,,,,せま（い）,やまかい,やまあい,
6F7E,陞,ショウ、コザトヘンニイッショウビンノショウノシタニドヨウビノド,しょう、阜偏に一升瓶の升の下に土曜日の土,ショウ,,,,,のぼ（る）,のぼ（らせる）,,,
7021,陝,チュウゴクノセンセイショウノセン,中国の陝西省のセン,セン,,,,,,,,,
7022,陟,チョク、コザトヘンニアルクノキュウジ,チョク、阜偏に歩くの旧字,チョク,,,,,のぼ（る）,のぼ（らせる）,すす（む）,,
7023,陦,トウ、コザトヘンニコトブキ,トウ、阜偏に寿,,,,,,,,,,
7024,陲,スイ、コザトヘンニスイチョクノスイ,スイ、阜偏に垂直のスイ,スイ,,,,,ほとり,さかい,あや（うい）,,
7025,陬,ソウ、コザトヘンニシュトクスルノシュ,ソウ、阜偏に取得するのシュ,シュ,スウ,,,,すみ,くま,かたいなか,,
7026,隍,コウ、コザトヘンニコウタイシノコウ,こう、阜偏に皇太子のコウ,コウ,,,,,ほり,からぼり,むな（しい）,,
7027,隘,アイロノアイ、セマイ,隘路のアイ、せまい,アイ,ヤク,,,,せま（い）,けわ（しい）,いや（しい）,ふさ（がる）,
7028,隕,インセキノイン、オチル,隕石のイン、おちる,イン,,,,,お（ちる）,お（とす）,ふ（る）,し（ぬ）,うしな（う）
7029,隗,カイ、コザトヘンニオニ,カイ、阜偏に鬼,,,,,,,,,,
702A,險,ボウケンカノケンノキュウジ,冒険家のケンの旧字,,,,,,,,,,
702B,隧,トンネルヲイミスルスイドウノスイ,トンネルを意味する隧道のスイ,スイ,ズイ,,,,みち,,,,
702C,隱,イン、カクレルノキュウジ,イン、隠れるの旧字,,,,,,,,,,
702D,隲,シツ、コザトヘンニスコシノシタニバシャノバ,シツ、阜偏に少しの下に馬車のバ,,,,,,,,,,
702E,隰,シツ、コザトヘンニシメッポイノキュジノツクリ,シツ、阜偏に湿っぽいの旧字の旁,シツ,シュウ,,,,さわ,にいばり,,,
702F,隴,リョウ、コザトヘンニキョウリュウノリュウノキュウジ,リョウ、阜偏に恐竜のリュウの旧字,リョウ,ロウ,,,,おか,うね,はたけ,,
7030,隶,イ、ドレイカイホウノレイノツクリ,イ、奴隷解放のレイの旁,,,,,,,,,
7031,隸,レイ、ドレイカイホウノレイノキュウジ,レイ、奴隷解放のレイの旧字,,,,,,,,,
7032,隹,スイ、ブシュノフルトリ,スイ、部首の隹（ふるとり）,,,,,,,,,
7033,雎,ショ、ナオカツノカツノミギニフルトリ,ショ，尚且つの且つの右に隹（ふるとり）,ショ,,,,,みさご,,,
7034,雋,フルトリノシタニオウトツノオウノシタ１カクヲトッタモノ,隹の下に凹凸のオウの下１画を取ったもの,シュン,セン,,,,すぐ（れる）,,,
7035,雉,トリノキジ、チ,鳥の雉、ち,ジ,チ,,,,きじ,,,
7036,雍,シンノヨウセイテイノヨウ,清の雍正帝の雍,ユ,ヨウ,,,,やわ（らぐ）,いだ（く）,ふさ（ぐ）,
7037,襍,ザツオンノザツノイタイジ,雑音のザツの異体字,,,,,,,,,
7038,雜,ザツオンノザツノイキュウジ,雑音のザツの旧字,,,,,,,,,
7039,霍,カク，アメカンムリニフルトリ,カク，雨冠に隹,,,,,,,,,
703A,雕,チョウ、シュウヘンノシュウノミギニフルトリ,チョウ，周辺のシュウの右に隹,チョウ,,,,,わし,きざ（む）,ほ（る）,え（る）
703B,雹,ヒョウアラレノヒョウ，アメカンムリニツツム,ひょうあられのひょう，雨冠に包む,ハク,,,,,ひょう,,,
703C,霄,ショウ、アメカンムリニショウゾウガノショウ,ショウ，雨冠に肖像画のショウ,ショウ,,,,,みぞれ,そら,,
703D,霆,テイ、アメカンムリニキュウテイブンガクノテイ,テイ、雨冠に宮廷文学のテイ,テイ,,,,,いかずち,いなずま,,
703E,霈,ハイ、アメカンムリニハイゼンタルノハイ,ハイ，雨冠に沛然たるのハイ,ハイ,,,,,おおあめ,さか（ん）,,
703F,霓,ゲイ、アメカンムリニジドウセイトノジノキュウジ,ゲイ、雨冠に児童生徒の児の旧字,ゲイ,,,,,にじ,,,
7040,霎,ソウ、アメカンムリニメカケ,ソウ，雨冠に妾,ショウ,ソウ,,,,こさめ,しば（し）,
7041,霑,テン、アメカンムリニサンズイニドクセンスルノセン,テン、雨冠に三水に独占するのセン,テン,,,,,うるお（う）,うるお（す）,
7042,霏,ヒ、アメカンムリニヒジョウグチノヒ,ヒ、雨冠に非常口のヒ,ヒ,,,,,,,
7043,霖,リンウノリン、アメエカンムリニサンリンノリン,霖雨のリン、雨冠に山林のリン,リン,,,,,ながあめ,,
7044,霙,ミゾレ、アメカンムリニエイユウノエイ,霙（みぞれ）、雨冠に英雄のエイ,エイ,,,,,みぞれ,,
7045,霤,リュウ、アメカンムリニリュガクノリュウ,リュウ、雨冠に留学のリュウ,リュウ,,,,,あまだれ,したた（り）,のき
7046,霪,イン、アメカンムリニインランノイン,イン、雨冠に淫乱のイン,イン,,,,,ながあめ,,
7047,霰,アラレ、アメカンムリニサンンポスルノサン,霰（あられ），雨冠に散歩するのサン,サン,セン,,,,あられ,,
7048,霹,セイテンノヘキレキノヘキ,青天の霹靂のヘキ,ヘキ,,,,,かみなり,,
7049,霽,セイ、アメカンムリニイッセイシャゲキノセイノキュウジ？,セイ、雨冠に一斉射撃のセイの旧字,サイ,セイ,,,,は（れる）,さわ（やか）,
704A,霾,バイ、アメカンムリニムジナヘンニサトガエリノサト,バイ，雨冠に豸編に里帰りのさと,バイ,マイ,,,,つちふ（る）,つちぐも（り）,
704B,靄,アサモヤノモヤ,朝靄のもや,アイ,,,,,もや,なご（やか）,
704C,靆,タイ、クモノミギニタイホジョウノタイ,タイ，雲の右に逮捕状のタイ,タイ,,,,,,,
704D,靈,レイエンノレイ、タマノキュウジ,霊園のレイ，たまの旧字,,,,,,,,
704E,靂,セイテンノヘキレキノレキ,青天の霹靂のレキ,レキ,,,,,,,
704F,靉,アイ、クモノミギニアイスルノアイ,アイ，雲の右に愛するのアイ,アイ,,,,,,,
7050,靜,レイセイノセイ、シズカノキュウジ,冷静のセイ，しずかの旧字,,,,,,,,,,,
7051,靠,コウ，ツゲルノシタニヒジョウグチノヒ,コウ，告げるの下に非常口のヒ,コウ,,,,,たが（う）,よ（る）,もた（れる）,,,
7052,靤,ホウ，ジメンノメンノミギニツツム,ホウ，地面のメンの右に包む,ホウ,,,,,にきび,,,,,
7053,靦,"テン、ジメンノメンノミギニケンブツスルノケン		",テン，地面のメンの右に見物するのケン,テン,,,,,は（じる）,あつ（かましい）,,,,
7054,靨,エクボ、エンセイカンノエンノシタニジメンノメン,えくぼ，厭世観のエンの下に地面のジ,ヨウ,,,,,えくぼ,,,,,
7055,勒,ミロクボサツノロク,弥勒菩薩のロク,ロク,,,,,くつわ,おさ（める）,おさ（える）,ほ（る）,きざ（む）,
7056,靫,ウツボカズラノウツボ,靫蔓のうつぼ,サ,サイ,,,,うつぼ,ゆぎ,,,,
7057,靱,キョウジンナノジンノイタイジ,強靱なのジンの異体字,,,,,,,,,,,
7058,靹,ドウ，カワヘンニコクナイノナイ,ドウ，革偏に国内のナイ,,,,,,,,,,,
7059,鞅,オウ，カワヘンニチュウオウノオウ,オウ，革偏に中央のオウ,オウ,,,,,むながい,はらおび,きずな,うら（む）,にな（う）,わるがしこ（い）
705A,靼,ダッタンジンノタン,韃靼人のタン,タツ,タン,,,,なめしがわ,,,,,
705B,鞁,ヒ，カワヘンニケガワノカワ,ヒ，革偏に毛皮のかわ,ヒ,,,,,むながい,,,,,
705C,靺,マツ，カワヘンニネンマツノマツ,マツ，革偏に年末のマツ,マツ,バツ,,,,かわたび,,,,,
705D,鞆,トモ、カワヘンニコウオツヘイノヘイ,とも，革偏に甲乙丙のヘイ,,,,,,とも,,,,,
705E,鞋,ワラジノニモジメ，カイ,草鞋の二文字目，カイ,アイ,カイ,,,,くつ,,,,,
705F,鞏,キョウ、キョウノココロノカワリニカクメイノカク,キョウ，恐竜のキョウの心の代わりに革命のカク,キョウ,,,,,つか（ねる）,かた（める）,かた（い）,,,
7060,鞐,コハゼ、カワヘンニウエシタ,鞐（こはぜ），革偏に上下,,,,,,こはぜ,,,
7061,鞜,トウ，カワヘンニミズノシタニニチヨウビノニチ,トウ，革偏に水の下に日曜日のニチ,トウ,,,,,くつ,かわぐつ,,
7062,鞨,カツ、カワヘンニカッショクノカツノツクリ,カツ，革偏に褐色のカツの旁,カツ,,,,,くつ,かわぐつ,,
7063,鞦,シュウ，カワヘンニキセツノアキ,シュウ，革偏に季節の秋,シュウ,,,,,しりがい,,,
7064,鞣,ナメス，ジュウ,なめす，ジュウ,ジュウ,,,,,なめ（す）,なめしがわ,,
7065,鞳,トウ、カワヘンニゴジュウノトウノトウノツクリ,トウ，革偏に五重塔のトウの旁,トウ,,,,,,,,
7066,鞴,フイゴ，カワヘンニジュンビスルノビノツクリ,ふいご，革偏に準備するのビの旁,フク,ホ,ヒ,ビ,ブ,うつぼ,ふいご,,
7067,韃,ダッタンジンノタツ,韃靼人のタツ,,,,,,,,,
7068,韆,セン，カワヘンニサセンスルノセン,セン，革偏に左遷するのセン,セン,,,,,,,,
7069,韈,ベツ，カワヘンニケイベツスルノベツ,ベツ，革偏に軽蔑するのベツ,ベツ,,,,,たび,くつした,,
706A,韋,イダテンノイ,韋駄天のイ,,,,,,,,,
706B,韜,リクトウサンリャクノトウ,六韜三略のトウ,トウ,,,,,ゆみぶくろ,つつ（む）,かく（す）,ゆごて
706C,韭,ショクブツノニラノセイジ,植物の韮の正字,,,,,,,,,
706D,齏,ナマスヲイミスルセイ,なますを意味するセイ,セイ,サイ,,,,なます,あえもの,あ（える）,くだ（く）
706E,韲,ナマスヲイミスルセイノイタイジ,なますを意味するセイの異体字,セイ,サイ,,,,なます,あえもの,あ（える）,くだ（く）
706F,竟,ヒッキョウノキョウ,畢竟のキョウ,,,,,,,,,
7070,韶,ショウ、オンガクノオンニマネクノツクリ,ショウ，音楽のオンに招くの旁,ショウ,,,,,あき（らか）,うつく（しい）,,
7071,韵,ヨインガノコルノインノイタイジ,余韻が残るのインの異体字,,,,,,,,,
7072,頏,コウ，テイコウスルノコウノツクリノミギニページ,コウ，抵抗するのコウの旁の右に頁,コウ,,,,,のど,くび,,
7073,頌,ショウシュンノショウ，オオヤケニページ,頌春のショウ，公に頁,ショウ,ジュ,ヨウ,,,ほ（める）,たた（える）,かたち,ゆる（やか）
7074,頸,ケイツイノケイ，クビ,頸椎のケイ，くび,,,,,,,,,
7075,頤,オトガイ,おとがい,イ,,,,,おとがい,あご,やしな（う）,
7076,頡,ケツ，ダイキチノキチニページ,ケツ，大吉のキチに頁,ケツ,キツ,,,,みだ（れる）,,,
7077,頷,ウナズク，ガン,うなずく，ガン,カン,ガン,,,,あご,うなず（く）,,
7078,頽,タイハイテキナニタイ，ハゲヤマノハゲノミギニページ,頽廃的なのタイ，禿げ山のはげの右に頁,タイ,,,,,くず（れる）,,,
7079,顆,カリュウノカ，ツブ,顆粒のカ，つぶ,カ,,,,,つぶ,,,
707A,顏,カオ，ガンメンノガンノキュウジ,かお，顔面のガンの旧字,,,,,,,,,
707B,顋,エラ，フシギノシノミギニページ,えら，不思議のシの右に頁,サイ,,,,,あご,あぎと,えら,
707C,顫,セン，ブツダンノダンノツクリノミギニページ,セン，仏壇のダンの旁の右に頁,セン,,,,,ふる（える）,おのの（く）,おどろ（く）,
707D,顯,ケンビキョウノケンノキュウジ,顕微鏡のケンの旧字,,,,,,,,,
707E,顰,ヒンシュクヲカウノヒン,顰蹙を買うのヒン,ヒン,ビン,,,,ひそ（める）,しか（める）,ひそ（み）,
7121,顱,ロ，ハゼノキノハゼノツクリノミギニページ,ロ，櫨の木のはぜの旁の右に頁,ロ,,,,,かしら,こうべ,あたま,どくろ
7122,顴,ケン，カンヅメノカンノキュウジノツクリノミギニページ,ケン，缶詰のカンの旧字の旁の右に頁,カン,ケン,,,,ほおぼね,,,,
7123,顳,ジョウ，ミミミッツノミギニページ,ジョウ，耳三つの右に頁,ショウ,ジョウ,,,,,,,,
7124,颪,オロシ，ジョウゲノシタノシタニカゼ,おろし，上下のゲの下に風,,,,,,おろし,,,,
7125,颯,サッソウトシタノサツ,颯爽としたのサツ,サツ,ソウ,,,,はやて,,,,
7126,颱,タイフウヲイミスルタイ，カゼノミギニダイドコロノダイ,台風を意味するタイ，風の右に台所のダイ,タイ,,,,,たいふう,,,,
7127,颶,グ，カゼノミギニドウグノグ,グ，風の右に道具のグ,グ,,,,,つむじかぜ,,,,
7128,飄,ヒョウヒョウトシタノヒョウ，カゼノヒダリニトウヒョウスルノヒョウ,飄々としたのヒョウ，風の左に投票するのヒョウ,ヒョウ,,,,,つむじかぜ,はや（い）,ひるがえ（る）,ただよ（う）,お（ちる）
7129,飃,ヒョウヒョウトシタノヒョウノイタイジ，カゼノミギニトウヒョウスルノヒョウ,飄々としたのヒョウの異体字，風の右に投票するのヒョウ,,,,,,,,,,
712A,飆,ツムジカゼ，ヒョウ，カゼノヒダリニイヌミッツ,つむじかぜ，ヒョウ，風の左にイヌ三つ,ヒョウ,,,,,つむじかぜ,かぜ,みだ（れる）,,
712B,飩,ドン，ウドンノニモジメ,ドン，饂飩の二文字目,トン,ドン,,,,,,,,
712C,飫,ヨ，アキル，ショクヘンニヒヨクナトチノヨクノツクリ,ヨ，あきる，食偏に肥沃な土地のヨクの旁,オ,ヨ,,,,あ（きる）,さかも（り）,,,
712D,餃,ギョーザノイチモジメ,餃子の一文字目,ヨウ,,,,,あめ,,,,
712E,餉,ショウ，ショクヘンニムカウ,ショウ，食偏に向かう,ショウ,,,,,かれい,かれいい,かて,おく（る）,かたとき
712F,餒,ダイ，ショクヘンニダキョウスルノダ，ウエル,ダイ，食偏に妥協するのダ，うえる,ダイ,,,,,う（える）,くさ（る）,,,
7130,餔,ホ，クラウ，ショクヘンニシジンノトホノホ,ホ，くらう，食偏に詩人の杜甫のホ,フ,ホ,,,,ゆうめし,く（う）,やしな（う）,ゆうぐ（れ）,
7131,餘,ヨユウノヨ，アマルノキュウジ,余裕のヨ，余るの旧字,,,,,,,,,,
7132,餡,クズアンノアン,葛案のアン,アン,カン,,,,,,,,
7133,餝,ショク，カザルノイタイジ，ショクヘンニホウコウザイノホウ,ショク，飾るの異体字，食偏に芳香剤のホウ,,,,,,,,,,
7134,餞,ハナムケ，センベツノセン,はなむけ，餞別のセン,セン,,,,,はなむけ,おく（る）,,,
7135,餤,タン，クラウ，ショクヘンニホノオ,タン，くらう，食偏に炎,タン,,,,,すす（む）,すす（める）,く（う）,く（わせる）,
7136,餠,モチツキノモチノキュウジ,餅つきのモチの旧字,,,,,,,,,,
7137,餬,コ，カユ，ショクヘンニクロコショウノコ,コ，かゆ，黒胡椒のコ,コ,,,,,かゆ,くちすぎ（する）,,,
7138,餮,テツ，ムサボル,テツ，むさぼる,テツ,,,,,むさぼ（る）,,,,
7139,餽,キ，マツル，ショクヘンニオニ,キ，まつる，食偏に鬼,キ,,,,,おく（る）,おくりもの,,,
713A,餾,リュウ，ムス，ショクヘンニリュウガクノリュウ,リュウ，むす，食偏に留学のリュウ,リュウ,,,,,む（す）,むしめし,,,
713B,饂,ドン，ウドンノイチモジメ,ドン，饂飩の一文字目,ウン,,,,,,,,,
713C,饉,キキンニミマワレルノキン,飢饉に見舞われるのキン,キン,,,,,う（える）,,,,
713D,饅,マンジュウノマン,饅頭のマン,バン,マン,,,,ぬた,,,,
713E,饐,イ，スエル,イ，すえる,イ,エツ,,,,す（える）,くさ（る）,むせ（ぶ）,,
713F,饋,キ，オクル，ショクヘンニキチョウヒンノキ,キ，おくる，食偏に貴重品のキ,キ,,,,,おく（る）,すす（める）,おくりもの,たべもの,
7140,饑,キキンニミマワレルノキ，ヒダルイ,飢饉に見舞われるのキ，ひだるい,キ,,,,,う（える）,ひだる（い）,,,
7141,饒,ジョウゼツノジョウ，ユタカ,饒舌のジョウ，ゆたか,ジョウ,ニョウ,,,,ゆた（か）,ゆた（かにする）,おお（い）,あま（る）,ゆとり
7142,饌,セン，ソナエル，ショクヘンニエラブノツクリ,セン，そなえる，食偏に選ぶの旁,サン,セン,,,,そな（える）,そなえもの,く（う）,,
7143,饕,トウ，ムサボル,トウ，むさぼる,トウ,,,,,むさぼ（る）,,,,
7144,馗,ショウキサマノキ,鍾馗様のキ,キ,,,,,みち,,,,
7145,馘,カクシュスルノカク，クビヘンニアル,馘首するのカク，首偏に或,カク,,,,,くびき（る）,みみき（る）,,,
7146,馥,フクイクタルノフク，カオリ,馥郁たるのフク，かおり,フク,,,,,かお（り）,かお（る）,かんば（しい）,,
7147,馭,ギョシャノギョ，ウマヘンニマタ,馭者のギョ，馬偏に又,ギョ,,,,,あやつ（る）,の（る）,す（べる）,おさ（める）,
7148,馮,ヒョウ，タノム，ニスイニウマ,ヒョウ，たのむ，二すいに馬,ヒョウ,フウ,,,,よ（る）,たの（む）,かちわた（る）,いか（る）,つ（く）
7149,馼,ブン，ウマヘンニサクブンノブン,ブン，馬偏に作文のブン,,,,,,,,,,
714A,駟,シ，ウマヘンニカンスウジノヨン,シ，馬偏に漢数字の四,シ,,,,,,,,,
714B,駛,シ，ハセル，ウマヘンニレキシノシ,シ，はせる，馬偏に歴史のシ,シ,,,,,は（せる）,はや（い）,にわ（か）,,
714C,駝,ドウブツノラクダノダ,動物の駱駝のダ,タ,ダ,,,,らくだ,,,,
714D,駘,シュンプタイトウノタイ,春風駘蕩のタイ,タイ,ダイ,,,,ぬ（ぐ）,にぶ（い）ふ（む）,,のど（か）,みにく（い）
714E,駑,ドバノド，ヤッコノシタニウマ,駑馬のド，奴の下に馬,,,,,,,,,,
714F,駭,ガイ，オドロク，ウマヘンニジュウニシノイノシシ,ガイ，おどろく，馬偏に十二支のイノシシ,カイ,ガイ,,,,おどろ（く）,おどろ（かす）,みだ（れる）,はげ（しい）,
7150,駮,ハク，ウマヘンニマジワル,ハク，馬偏に交わる,ハク,バク,,,,まだら,ぶち,なじ（る）,といただ（す）,
7151,駱,ドウブツノラクダノラク,動物の駱駝のラク,ラク,,,,,かわらげ,らくだ,,,
7152,駲,ウマヘンニキュウシュウチホウノシュウ,馬偏に九州地方のシュウ,,,,,,,,,,
7153,駻,カンバノカン，アラウマ,駻馬のカン，あらうま,カン,,,,,あらうま,,,,
7154,駸,シン，ウマヘンニシンリャクスルノシンノツクリ,シン，馬偏に侵略するのシンの旁,シン,,,,,はし（る）,すす（む）,,,
7155,騁,テイ，ハセル，ウマヘンニショウヘイスルノヘイノツクリ,テイ，はせる，馬偏に招聘するのヘイの旁,テイ,,,,,は（せる）,の（べる）,はしいまま（にする）,,
7156,騏,キリンノキ，ウマヘンニソノ,騏_のキ，馬偏に其,キ,,,,,あおぐろ（い）,,,,
7157,騅,スイ，ウマヘンニフルトリ,スイ，馬偏に隹,スイ,,,,,あしげ,,,,
7158,駢,ヘン，ウマヘンニヘイヨウスルノヘイノツクリ,ヘン，馬偏に併用するのヘイの旁,ヘン,ベン,,,,なら（ぶ）,なら（べる）,,,
7159,騙,ダマス,騙す,ヘン,,,,,かた（る）,だま（す）,,,
715A,騫,ケン，サムイノシタニテンノカワリニウマ,ケン，寒いの下二点の代わりに馬,ケン,,,,,か（ける）,あやま（る）,と（る）,かか（げる）,と（ぶ）
715B,騷,サワグ，ソウオンノソウノキュウジ,騒ぐ，騒音のソウの旧字,,,,,,,,,,
715C,驅,ヨンリンクドウノク，カケルノキュウジ,四輪駆動のク，駆けるの旧字,,,,,,,,,,
715D,驂,サン，ウマヘンニサンカスルノサン，マイルノキュウジ,サン，馬偏に参加するのサン，参るの旧字,サン,,,,,そえうま,そえの（り）,,,
715E,驀,バクシンスルノバク,驀進するのバク,バク,,,,,の（る）,のりこ（える）,まっしぐら,たちま（ち）,
715F,驃,ヒョウ，ウマヘンニトウヒョウスルノヒョウ,ヒョウ，馬偏に投票するのヒョウ,ヒョウ,,,,,しらかげ,つよ（い）,いさ（ましい）,,
7160,騾,ドウブツノラバノラ,動物の騾馬のラ,ラ,,,,,らば,,,,
7161,驕,キョウマンナノキョウ，オゴル,驕慢なのキョウ，驕る,キョウ,,,,,おご（る）,ほしいまま,つよ（い）,さか（ん）,
7162,驍,ウマヘンニギョウシュンノギョウノキュウジ,馬偏に尭舜のギョウの旧字,キョウ,ギョウ,,,,たけ（し）,つよ（い）,,
7163,驛,エキビルノエキノキュウジ,駅ビルのエキの旧字,,,,,,,,,
7164,驗,シケンヲウケルノケンノキュウジ,試験を受けるのケンの旧字,,,,,,,,,
7165,驟,シュウウノシュウ，ウマヘンニジュラクダイノジュ,驟雨のシュウ，馬偏に聚楽第のジュ,シュウ,,,,,はし（る）,はや（い）,にわ（か）,しばしば
7166,驢,ドウブツノロバノロ,動物の驢馬のロ,リョ,ロ,,,,ろば,うさぎうま,,
7167,驥,キビニフスノキ,驥尾に付すのキ,キ,,,,,,,,
7168,驤,ジョウ，ウマヘンニユズルノツクリノキュウジ,ジョウ，馬偏に譲るの旁の旧字,ジョウ,,,,,あ（がる）,あ（げる）,はし（る）,はや（い）
7169,驩,カン，ウマヘンニカンボクノカン,カン，馬偏に灌木のカン,カン,,,,,よろこ（ぶ）,よろこ（び）,,
716A,驫,ヒョウ，ウマガミッツ,ヒョウ，馬が三つ,,,,,,,,,
716B,驪,レイ，ウマヘンニウルワシイ,レイ，馬偏に麗しい,リ,レイ,,,,くろうま,くろ（い）,なら（べる）,
716C,骭,カン，ホネヘンニアセノツクリ,カン，骨偏に汗の旁,カン,,,,,はぎ,すね,あばら,
716D,骰,トウ，ホネヘンニナゲルノツクリ,トウ，骨偏に投げるの旁,トウ,,,,,さい,さいころ,,
716E,骼,カク，ホネヘンニゴウカクノカクノツクリ,カク，骨偏に合格のカクの旁,カク,,,,,ほね,ほねぐみ,,
716F,髀,ヒ，ホネヘンニイヤシイ,ヒ，骨偏に卑しい,ヒ,,,,,もも,もものほね,,
7170,髏,ドクロノロ,髑髏のロ,ロ,ロウ,,,,されこうべ,しゃれこうべ,,
7171,髑,ドクロノドク,髑髏のドク,トク,ドク,,,,されこうべ,しゃれこうべ,,
7172,髓,セキズイノズイノキュウジ,脊髄のズイの旧字,,,,,,,,,
7173,體,カラダ，タイイクノタイノキュウジ,体，体育のタイの旧字,,,,,,,,,
7174,髞,ソウ，タカイヒクイノタカイニアヤツルノツクリ,ソウ，高い低いの高いに操るの旁,,,,,,,,,
7175,髟,ヒョウ，カミガシラ,ヒョウ，髪頭,,,,,,,,,
7176,髢,テイ，カミガシラニナリ，カモジ,テイ，髪頭に也，かもじ,テイ,,,,,かもじ,,,
7177,髣,ホウフツノホウ，カミガシラニセイホウケイノホウ,髣髴のホウ，髪頭に正方形のホウ,ホウ,,,,,に（る）,ほの（か）,かす（か）,
7178,髦,ボウ，カミガシラニケイトノケ,ボウ，髪頭に毛糸のケ,ボウ,モウ,,,,たれがみ,さげがみ,すぐ（れる）,ぬき（んでる）
7179,髯,ゼン，ホウヒゲ,ゼン，ほうひげ,,,,,,,,,
717A,髫,チョウ，カミガシラニマネクノツクリ,チョウ，髪頭に招くの旁,チョウ,,,,,うない,たれがみ,こども,
717B,髮,カミノケノカミノキュウジ,髪の毛の髪の旧字,,,,,,,,,
717C,髴,ホウフツノフツ，カミガシラニフットウスルノフツノツクリ,髣髴のフツ，髪頭に沸騰するのフツの旁,フツ,ヒ,,,,に（る）,ほの（か）,かす（か）,
717D,髱,ホウ，カミガシラニツツム,ホウ，髪頭に包む,ホウ,,,,,たぼ,つと,たぼがみ,
717E,髷,キョク，マゲ，カミガシラニマゲル,キョク，まげ，髪頭に曲げる,キョク,,,,,まげ,わげ,まるまげ,
7221,髻,ケイ，カミガシラニダイキチノキチ,ケイ，髪頭に大吉のキチ,ケイ,,,,,たぶさ,もとどり,みずら,
7222,鬆,ショウ，カミガシラニマツノキノマツ,ショウ，髪頭に松の木のマツ,ショウ,ソウ,,,,あら（い）,ゆる（い）,す,
7223,鬘,マン，カミガシラニマンダラノマン,マン，髪頭に曼荼羅のマン,バン,マン,,,,かつら,かずら,,
7224,鬚,シュ，ヒゲ，カミガシラニヒッスノス,シュ，ひげ，髪頭に必須のス,シュ,ス,,,,あごひげ,ひげ,,
7225,鬟,カン，カミガシラニジュンカンスルノカンノツクリ,カン，髪頭に循環するのカンの旁,カン,,,,,わげ,こしもと,みずら,
7226,鬢,ビン，カミガシラニライヒンノヒン,ビン，髪頭に来賓のヒン,ヒン,ビン,,,,,,,
7227,鬣,リョウ，カミガシラニリョウジュウノリョウノキュウジノツクリ,リョウ，髪頭に猟銃のリョウの旁,リョウ,,,,,たてがみ,,,
7228,鬥,トウ，ブシュノトウガマエ,トウ，部首のトウ構え,,,,,,,,,
7229,鬧,ドウ，トウガマエニイチバノイチ,ドウ，トウ構えに市場のイチ,トウ,ドウ,,,,さわ（がしい）,さわ（ぐ）,あらそ（う）,
722A,鬨,トキノコエヲアゲルノトキ,鬨の声を上げるのとき,コウ,,,,,たたか（う）,とき,さわ（ぐ）,さわ（がしい）
722B,鬩,ゲキ，トウガマエニニラムノツクリ,ゲキ，トウ構えに睨むの旁,ケキ,ゲキ,,,,せめ（ぐ）,いいあらそ（う）,なかたが（い）,
722C,鬪,トウギュウシノトウノキュウジ，タタカウ,闘牛士のトウ，たたかう,,,,,,,,,
722D,鬮,キュウ，トウガマエニドウブツノカメノキュウジ,キュウ，トウ構えに動物の亀の旧字,キュウ,,,,,たたかいと（る）,くじ,,
722E,鬯,チョウ，ブシュノニオイザケ,チョウ，部首のニオイザケ,チョウ,,,,,においざけ,の（びる）,,
722F,鬲,カク，ヘダタリノツクリ,カク，隔たりの旁,,,,,,,,,
7230,魄,ハク，シロヘンニオニ,ハク，白偏に鬼,ハク,タク,,,,たましい,こころ,,
7231,魃,ヒデリヲイミスルカンバツノバツ,日照りを意味する旱魃のバツ,ハツ,バツ,,,,ひでり,,,
7232,魏,ギシワジンデンノギ,魏志倭人伝のギ,ギ,,,,,たか（い）,,,
7233,魍,チミモウリョウノモウ,魑魅魍魎のモウ,ボウ,モウ,,,,すだま,もののけ,,
7234,魎,チミモウリョウノリョウ,魑魅魍魎のリョウ,リョウ,,,,,すだま,もののけ
7235,魑,チミモウリョウリョウノチ,魑魅魍魎のチ,チ,,,,,すだま,もののけ
7236,魘,エンセイカンノエンノシタニオニ,厭世観のエンの下に鬼,エン,,,,,うな（される）,おそ（われる）
7237,魴,サカナノホウボウノホウ，ウオヘンニオヤカタノカタ,魚の魴ボウのホウ，魚偏に親方の方,ホウ,,,,,おしきうお,かがみだい
7238,鮓,スシ，ウオヘンニサクブンノサクノツクリ,すし，魚偏に作文の作の旁,サ,,,,,すし,
7239,鮃,ヒラメ，ウオヘンニタイラ,ひらめ，魚偏に平ら,ヒョウ,ヘイ,,,,ひらめ,
723A,鮑,アワビ，ウオヘンニツツム,あわび，魚偏に包む,ホウ,,,,,あわび,
723B,鮖,カジカ，ウオヘンニイシ,かじか，魚偏に石,,,,,,かじか,
723C,鮗,コノシロ，ウオヘンニフユ,このしろ，魚偏に冬,,,,,,このしろ,
723D,鮟,サカナノアンコウノアン，ウオヘンニヤスイ,魚の鮟鱇の鮟，魚偏に安い,,,,,,,
723E,鮠,サカナノハヤ，ウオヘンニアブナイ,魚のはや，魚偏に危ない,ガイ,,,,,はえ,はや
723F,鮨,スシ，ウオヘンニウマイ,すし，魚偏に旨い,シ,ゲイ,,,,すし,さんしょううお
7240,鮴,サカナノゴリ，ウオヘンニヤスム,魚のごり，魚偏に休む,,,,,,ごり,
7241,鯀,コン，ウオヘンニケイレツノケイ,コン，魚偏に系列の系,コン,,,,,,
7242,鯊,サカナノハゼ，サンズイニスクナイノシタニウオ,魚のはぜ，三水に少ないの下に魚,サ,,,,,はぜ,
7243,鮹,タコ，ウオヘンニショウゾウガノショウ,たこ，魚偏に肖像画の肖,ショウ,ソウ,,,,たこ,
7244,鯆,ホ，ウオヘンニシジンノトホノホ,ホ，魚偏に詩人の杜甫の甫,,,,,,,,
7245,鯏,アサリ，ウオヘンニケンリノリ,あさり，魚偏に権利の利,,,,,,うぐい,あさり,
7246,鯑,カズノコ，ウオヘンニマレ,かずのこ，魚偏に希,,,,,,かずのこ,,
7247,鯒,サカナノコチ，ウオヘンニオケノツクリ,魚のこち，魚偏に桶の旁,,,,,,こち,,
7248,鯣,スルメ，ウオヘンニボウエキフウノエキ,するめ，魚偏に貿易風の易,エキ,,,,,するめ,,
7249,鯢,ゲイ，ウオヘンニニラムノツクリ,ゲイ，魚偏に睨むの旁,ゲイ,,,,,さんしゅううお,めくじら,
724A,鯤,コン，ウオヘンニコンチュウノコン,コン，魚偏に昆虫の昆,コン,,,,,,,
724B,鯔,サカナノボラ，ウオヘンニマガリガワノシタニタンボノタ,魚のぼら，魚偏に曲がり川の下に田んぼの田,シ,,,,,ぼら,いな,
724C,鯡,ヒ，ウオヘンニヒジョウグチノヒ,ヒ，魚偏に非常口の非,ヒ,,,,,はららご,はらご,にしん
724D,鰺,サカナノアジノイタイジ，カタカナノムガミッツ,魚の鰺の異体字，片仮名のムが三つ,,,,,,,,
724E,鯲,ドジョウ，ウオヘンニナニナニニオイテノオ,どじょう，魚偏に何々に於いての於,,,,,,どじょう,,
724F,鯱,サカナノシャチ,魚のしゃち,,,,,,しゃち,しゃちほこ,
7250,鯰,ナマズ，ウオヘンニザンネンノネン,なまず，魚偏に残念の念,ネン,,,,,なまず,,
7251,鰕,ウオヘンノエビ，カ,魚偏のえび，カ,カ,,,,,えび,,
7252,鰔,カン，ウオヘンニハリキュウノハリノツクリ,カン，魚偏に鍼灸のはりの旁,カン,,,,,かれい,,
7253,鰉,コウ，ウオヘンニコウタイシノコウ,コウ，魚偏に皇太子のコウ,コウ,,,,,ひがい,,
7254,鰓,エラ，ウオヘンニオモウ,えら，魚偏に思う,サイ,,,,,えら,あぎと,,
7255,鰌,ドジョウ，ウオヘンニシュウチョウサンノシュウ,どじょう，魚偏に酋長さんのシュウ,シュウ,,,,,どじょう,,,
7256,鰆,サワラ，ウオヘンニハル,さわら，魚偏に春,シュン,,,,,さわら,,,
7257,鰈,サカナノカレイ,魚のかれい,チョウ,,,,,かれい,,,
7258,鰒,フグ，ウオヘンニハラノツクリ,ふぐ，魚偏に腹の旁,フク,,,,,あわび,ふぐ,,
7259,鰊,サカナノニシン，レン,魚のにしん，レン,レン,,,,,にしん,,,
725A,鰄,イ，ウオヘンニイゲンガアルノイ,イ，魚偏に威厳があるの威,イ,,,,,かいらぎ,さめ,,
725B,鰮,オン，ウオヘンニトラワレビトノシュウノシタニサラ,オン，魚偏に囚われ人のシュウの下に皿,オン,,,,,いわし,,,
725C,鰛,オン，ウオヘンニオンセンノオンノツクリ,オン，魚偏に温泉の温の旁,オン,,,,,いわし,,,
725D,鰥,カン，オトコヤモメノヤモオ,カン，男寡（やもめ）のやもお,カン,,,,,やもお,やもめ,や（む）,なや（む）
725E,鰤,サカナノブリ,魚のぶり,シ,,,,,ぶり,,,
725F,鰡,ウオヘンニリュウガクノリュウ，ボラ,魚偏に留学の留，ぼら,,,,,,,,,
7260,鰰,サカナノハタハタ，ウオヘンニカミサマノカミ,魚のはたはた，魚偏に神様の神,,,,,,はたはた,,,
7261,鱇,サカナノアンコウノコウ，ウオヘンニイエヤスノヤス,魚の鮟鱇の鮟，魚偏に家康の康,コウ,,,,,,,,
7262,鰲,ゴウ，ゴウマンノゴウノツクリノシタニサカナ,ゴウ，傲慢の傲の旁の下に魚,,,,,,,,,
7263,鱆,ショウ，ウオヘンニブンショウヲカクノショウ,ショウ，魚偏に文章を書くのショウ,ショウ,,,,,たこ,,,
7264,鰾,ウキブクロ，ウオヘンニトウヒョウスルノヒョウ,うきぶくろ，魚偏に投票するの票,ヒョウ,,,,,ふえ,うきぶくろ
7265,鱚,サカナノキス，ウオヘンニヨロコブ,魚のきす，魚偏に喜ぶ,,,,,,きす,
7266,鱠,ウオヘンノナマス,魚偏のなます,,,,,,えそ,
7267,鱧,サカナノハモ，ウオヘンニユタカ,魚のはも，魚偏に豊か,レイ,,,,,はも,
7268,鱶,サカナノフカ，ウオヘンニヤシナウ,魚のふか，魚偏に養う,ショウ,,,,,ふか,
7269,鱸,サカナノスズキ,魚のすずき,ロ,,,,,すずき,
726A,鳧,ミズドリノケリ，トリノシタニツクエノツクリ,水鳥の鳧（けり），鳥の下に机の旁,フ,,,,,かも,けり
726B,鳬,ミズドリノケリ，トリノヨツテンノカワリニツクエノツクリ,水鳥の鳧（けり），鳥の四つ点の代わりに机の旁,フ,,,,,かも,けり
726C,鳰,ミズトリノニオ，ニュウガクノニュウニトリ,水鳥の鳰（にお），入学の入に鳥,,,,,,にお,
726D,鴉,キバニトリ，カラス,牙に鳥，鴉（からす）,ア,,,,,からす,
726E,鴈,ガン，ガンダレニニンベンニトリ,ガン，雁垂に人偏に鳥,,,,,,,
726F,鳫,ガン，ガンダレニトリ,ガン，雁垂に鳥,,,,,,,
7270,鴃,トリヘンニカイテキノカイ，モズ,鳥偏に快適の快，鴃（もず）,ゲキ,ゲツ,,,,もず,
7271,鴆,チン，シズムノツクリノミギニトリ,チン，沈むの旁の右に鳥,チン,,,,,,
7272,鴪,イツ，アナヲホルノアナノミギニトリ,イツ，穴を掘るの穴の右に鳥,イツ,,,,,はや（い）,
7273,鴦,エンオウノオウ，オシドリ,鴛鴦の鴦，おしどり,,,,,,,
7274,鶯,ウグイス，アタマニカヨウビノカガフタツ,鴬（うぐいす），頭に火曜日の火が二つ,,,,,,,
7275,鴣,トリノシャコノコ，チュウコシャノコノミギニトリ,鳥のシャコのコ，中古車のコの右に鳥,コ,,,,,,
7276,鴟,シ，テイコウスルノテイノツクリノミギニトリ,シ，抵抗するの抵の旁の右に鳥,シ,,,,,とび,ふくろう
7277,鵄,シ，ゲシノシノミギニトリ,シ，夏至の至の右に鳥,シ,,,,,とび,
7278,鴕,ダ，トリヘンニブッダノダノツクリ,ダ，鳥偏に仏陀の陀の旁,タ,ダ,,,,だちょう,
7279,鴒,セキレイノレイ,鶺鴒の鴒,レイ,,,,,,
727A,鵁,コウ，コウツウノコウノミギニトリ,コウ，交通の交の右に鳥,コウ,,,,,,
727B,鴿,コウ，ゴウカクノゴウノミギニトリ,コウ，合格の合の右に鳥,コウ,,,,,いえばと,どばと
727C,鴾,ボウ，シャカムニノムノミギニトリ,ボウ，釈迦牟尼の牟の右に鳥,ボウ,ム,,,,とき,つき
727D,鵆,ギョウガマエノナカニトリ，チドリ,行構えの中に鳥，鵆（ちどり）,,,,,,ちどり,
727E,鵈,ミミヘンニトリ，トビ,耳偏に鳥，鵈（とび）,,,,,,,
7321,鵝,ガ，ガマンノガノミギニトリ，ガチョウノガ,ガ，我慢の我の右に鳥，鵝鳥の鵝,ガ,,,,,がちょう,
7322,鵞,ガ，ガマンノガノシタニトリ，ガチョウノガ,ガ，我慢の我の下に鳥，鵞鳥の鵞,ガ,,,,,がちょう,
7323,鵤,ツノヘンニトリ，イカルガ,角偏に鳥，鵤（いかるが）,,,,,,いかる,いかるが
7324,鵑,ケン，キヌイトノキヌノツクリノミギニトリ,ケン，絹糸の絹の旁の右に鳥,ケン,,,,,ほととぎす,さつき
7325,鵐,ブ，ジンジャノミコノフノミギニトリ,ブ，神社の巫女のフの右に鳥,,,,,,,
7326,鵙,ケキ，カイヘンニトリ,ケキ，貝偏に鳥,,,,,,,
7327,鵲,カササギ，ムカシノミギニトリ,鵲（かささぎ），昔の右に鳥,ジャク,,,,,かささぎ,
7328,鶉,トリノウズラ,鳥の鶉（うずら）,ジュン,,,,,うずら,
7329,鶇,ツグミ，ヒガシノミギニトリ,鶫（つぐみ），東の右に鳥,トウ,,,,,つぐみ,
732A,鶫,ツグミ，ニシンノツクリノミギニトリ,鶫（つぐみ），鰊の旁の右に鳥,,,,,,,
732B,鵯,ヒヨドリ，ヒクツナノヒノミギニトリ,鵯（ひよどり），卑屈なの卑の右に鳥,ヒ,ヒツ,,,,ひよ,ひよどり
732C,鵺,ヨゾラノヨノミギニトリ，ヌエ,夜空の夜の右に鳥，鵺（ぬえ）,ヤ,,,,,ぬえ,
732D,鶚,ガク，ワニノツクリノミギニトリ，ミサゴ,ガク，鰐の旁の右に鳥，鶚（みさご）,ガク,,,,,みさご,
732E,鶤,コン，グンタイノグンノミギニトリ,コン，軍隊の軍の右に鳥,コン,,,,,とうまる,しゃも
732F,鶩,ボク，ムジュンノムトノブンノシタニトリ,ボク，矛盾の矛とのぶんの下に鳥,ボク,ブ,,,,あひる,か（ける）
7330,鶲,オウ，オキナノミギニトリ,オウ，翁の右に鳥,オウ,,,,,ひたき,
7331,鷄,ニワトリノキュウジ,鶏の旧字,,,,,,,
7332,鷁,ゲキ，リエキノエキノミギニトリ，アオサギ,ゲキ，利益の益の右に鳥，鷁（あおさぎ）,ゲキ,,,,,,
7333,鶻,コツ，ホネノミギニトリ,コツ，骨の右に鳥,コツ,,,,,はやぶさ,くまたか
7334,鶸,ジャク，ヨワイノミギニトリ，ヒワ,ジャク，弱いの右に鳥，鶸（ひわ）,ジャク,,,,,ひわ,
7335,鶺,セキレイノセキ,鶺鴒の鶺,セキ,,,,,,
7336,鷆,テン，マゴコロノマノキュウジノミギニトリ,テン，真心の真の旧字の右に鳥,シン,テン,デン,,,つつどり,よたか,,,,,
7337,鷏,テン，マゴコロノマノミギニトリ,テン，真心の真の右に鳥,,,,,,,,,,,,
7338,鷂,テン，マゴコロノマノミギニトリ,ヨウ，民謡の謡の旧字の旁の右に鳥，はしたか,ヨウ,,,,,はしたか,はいたか,,,,,
7339,鷙,シ，シツジノシツノシタニトリ,シ，執事の執の下に鳥,シ,,,,,あらどり,あら（い）,あらあら（しい）,う（つ）,,,
733A,鷓,トリノシャコノシャ，ショミンノショノミギニトリ,鳥のシャコのシャ，庶民の庶の右に鳥,シャ,,,,,,,,,,,
733B,鷸,イツ，タチバナノツクリノミギニトリ，シギ,イツ，橘の旁の右に鳥，鷸（しぎ）,イツ,,,,,しぎ,かわせみ,,,,,
733C,鷦,ショウ，コゲルノミギニトリ,ショウ，焦げるの右に鳥,ショウ,,,,,みそさざい,,,,,,
733D,鷭,バン，バンゴウノバンノミギニトリ,バン，番号の番の右に鳥,ハン,バン,,,,,,,,,,
733E,鷯,リョウ，ドウリョウノリョウノツクリノミギニトリ,リョウ，同僚の僚の旁の右に鳥,リョウ,,,,,,,,,,,
733F,鷽,ガク，ガクカンムリノキュウジタイノシタニトリ,ガク，学冠の旧字体の下に鳥,カク,ガク,,,,うそ,,,,,,
7340,鸚,トリノオウムノオウ,鳥の鸚鵡の鸚,,,,,,,,,,,,
7341,鸛,トリノコウノトリ，カン,鳥の鸛（こうのとり），カン,カン,,,,,こうのとり,,,,,,
7342,鸞,シンランショウニンノラン,親鸞聖人の鸞,ラン,,,,,すず,,,,,,
7343,鹵,ロカクノロ，シオ,鹵獲のロ，しお,ロ,,,,,しお,しおち,おろそ（か）,おろ（か）,たて,かす（める）,うば（う）
7344,鹹,カンスイコノカン，カライ，ロカクノロノミギニハリキュウノハリノツクリ,鹹水湖のカン，からい，鹵獲のロの右に鍼灸のはりの旁,カン,,,,,から（い）,しおから（い）,しおけ,,,,
7345,鹽,シオノキュウジ，エン,塩の旧字，エン,,,,,,,,,,,,
7346,麁,ソ，アライ，カタカナノクノシタニシカ,ソ，あらい，片仮名のクの下に鹿,,,,,,,,,,
7347,麈,シュ，シカノシタニシュジンコウノシュ,シュ，鹿の下に主人公のシュ,シュ,ス,,,,おおじか,,,,
7348,麋,ビ，シカノシタニコメ,ビ，鹿の下に米,ビ,ミ,,,,おおじか,なれしか,まゆ,くだ（ける）,みだ（れる）
7349,麌,オジカ，ゴ，シカノシタニゴフクヤノゴノキュウジケイ,おじか，ゴ，鹿の下に呉服屋のゴの旧字形,グ,ゴ,,,,おじか,,,,
734A,麒,キリンジノキ，シカノミギニソノ,麒麟児のキ，鹿の右に其,,,,,,,,,,
734B,麕,ノロジカノノロ，シカノシタニクニガマエニノギヘンノノギ,麕鹿のノロ，鹿の下に国構えに禾編ののぎ,キン,クン,,,,のろ,くじか,むら（がる）,,
734C,麑,カノコ，ゲイ，シカノシタニジドウセイトノジノキュウジ,かのこ，ゲイ，鹿の下に児童生徒の児の旧字,ゲイ,ベイ,,,,かのこ,,,,
734D,麝,ジャコウジカノジャ，シカノシタニハンシャノシャ,麝香鹿のジャ，鹿の下に反射のシャ,シャ,ジャ,,,,じゃこうじか,,,,
734E,麥,ムギノキュウジ,麦の旧字,,,,,,,,,,
734F,麩,オフノフ，ムギノキュウジニオット,お麩のフ，麦の旧字に夫,フ,,,,,ふすま,,,,
7350,麸,オフノフ，ムギニオット,お麩のフ，麦に夫,フ,,,,,ふすま,,,,
7351,麪,メンルイノメンノイタイジ,麺類の麺の異体字,,,,,,,,,,
7352,麭,ホウ，ムギノキュウジニツツム,ホウ，麦の旧字に包む,ホウ,,,,,こなもち,だんご,,,
7353,靡,フウビスルノビ，ナビク,風靡するのビ，なびく,,,,,,,,,,
7354,黌,ショウヘイコウノコウ,昌平黌のコウ,コウ,,,,,まなびや,,,,
7355,黎,レイメイキノレイ,黎明期のレイ,,,,,,,,,,
7356,黏,ネバル，ネン，キビヘンニドクセンスルノセン,ねばる，ネン，黍偏に独占するのセン,粘の別体字,,,,,,,,,
7357,黐,トリモチノモチ，キビヘンニハナレルノツクリ,鳥黐のモチ，黍偏に離れるの旁,チ,,,,,もち,とりもち,,,
7358,黔,クロイ，ケン，クロイノミギニイマ,くろい，ケン，黒いの右に今,ケン,,,,,くろ（い）,くろ（む）,,,
7359,黜,シリゾケル，チュツ，クロノミギニデル,しりぞける，チュツ，黒の右に出る,チュツ,,,,,しりぞ（ける）,おと（す）,,,
735A,點,テンスウノテンノキュウジ,点数のテンの旧字,,,,,,,,,,
735B,黝,アオグロイ，ユウ，クロノミギニオサナイ,あおぐろい，ユウ，黒の右に幼い,ユウ,,,,,あおぐろ（い）,くろ,くろ（い）,くろ（む）,うすぐら（い）
735C,黠,カツ，クロノミギニダイキチノキチ,カツ，黒の右に大吉の吉,カツ,,,,,さと（い）,さか（しい）,わるがしこ（い）,,
735D,黥,ゲイ，イレズミ，クロノミギニトウキョウノキョウ,ゲイ，いれずみ，黒の右に東京のキョウ,ケイ,ゲイ,,,,いれずみ,,,,
735E,黨,ヨトウヤトウノトウノキュウジ,与党野党のトウの旧字,,,,,,,,,,
735F,黯,クライ，アン，クロノミギニオンガクノオン,くらい，アン，黒の右に音楽のオン,アン,,,,,くろ（い）,くら（い）,いた（ましい）,,
7360,黴,カビ，バイキンノバイ,かび，黴菌のバイ,バイ,ビ,ミ,,,かび,か（びる）,よご（れる）,,
7361,黶,ホクロ，エン,ほくろ，エン,エン,,,,,ほくろ,あざ,,,
7362,黷,ケガス，トク，クロノミギニハンバイノバイノキュウジ,けがす，トク，黒の右に販売のバイの旧字,トク,,,,,けが（す）,けが（れる）,よご（す）,よご（れる）,
7363,黹,チ，ブシュノフツ,チ，部首のフツ,チ,,,,,ぬ（う）,ぬいとり,,,
7364,黻,ヒザカケヲイミスルフツ,膝掛けを意味するフツ,フツ,,,,,ひざかけ,ぬいとり,ぬ（う）,,
7365,黼,ヌイトリノモヨウヲイミスルフ,縫い取りの模様を意味するフ,フ,ホ,,,,あや,ぬいとり,,,
7366,黽,ビン，ナワノキュウジノツクリ,ビン，縄の旧字の旁,ベン,ビン,ボウ,,,あおがえる,つと（める）,,
7367,鼇,オオガメヲイミスルゴウ,大亀を意味するゴウ,ゴウ,,,,,おおうみがめ,おおすっぽん,,
7368,鼈,ベッコウアメノベツ,鼈甲飴のベツ,ヘツ,ベツ,,,,すっぽん,,,
7369,皷,ツヅミノイタイジ，ツクリガケガワノカワ,鼓の異体字，旁が毛皮のカワ,,,,,,,,,
736A,鼕,トウ，ツヅミノシタニフユ,トウ，鼓の下に冬,,,,,,,,,
736B,鼡,ネズミノイタイジ,鼠の異体字,,,,,,,,,
736C,鼬,ドウブツノイタチ,動物のイタチ,ユ,ユウ,,,,いたち,,,
736D,鼾,イビキ,鼾,カン,,,,,いびき,,,
736E,齊,イッセイシャゲキノセイノキュウジ,一斉射撃のセイの旧字,,,,,,,,,
736F,齒,ハブラシノハノキュウジ,歯ブラシのハの旧字,,,,,,,,,
7370,齔,シン，ハノキュウジノミギニカタカナノヒ,シン，歯の旧字の右に片仮名のヒ,シン,,,,,はがわり,みそっぱ,おさな（い）,
7371,齣,コマ，ハノキュウジノミギニハイクノク,こま，歯の旧字の右に俳句のク,シュツ,セキ,,,,くぎり,くさり,きれめ,こま
7372,齟,ソゴヲキタスノソ,齟齬を来すのソ,ショ,ソ,,,,か（む）,くいちが（う）,,
7373,齠,チョウ，ハノキュウジノミギニショウシュウレイジョウノショウ,チョウ，歯の旧字の右に召集令状のショウ,チョウ,,,,,みそっぱ,おさな（い）,,
7374,齡,ネンレイノレイノキュウジ,年齢のレイの旧字,,,,,,,,,
7375,齦,ギン，ハグキ,ギン，歯茎,ギン,コン,,,,はぐき,か（む）,,
7376,齧,ゲッシルイノゲツ，カジル,齧歯類のゲツ，かじる,ゲツ,ケツ,,,,か（む）,かじ（る）,くいこ（む）,か（ける）
7377,齬,ソゴヲキタスノゴ,齟齬を来すのゴ,ゴ,,,,,くいちが（う）,,,
7378,齪,アクセクスルノセク，ハノキュウジノミギニアシ,齷齪するのセク，歯の旧字の右に足,サク,セク,シュク,,,せま（る）,こせつ（く）,つつし（む）,
7379,齷,アクセクスルノアク，ハノキュウジノミギニオクジョウノオク,齷齪するのアク，歯の旧字の右に屋上のオク,アク,,,,,こま（かい）,せま（い）,せま（る）,こせつ（く）
737A,齲,ウシノウ，ムシバ,齲歯のウ，虫歯,ウ,ク,,,,むしば,,,
737B,齶,アゴ，ガク，ハノキュウジノミギニガクゼントスルノガクノツクリ,あご，ガク，歯の旧字の右に愕然とするのガクの旁,ガク,,,,,はぐき,,,
737C,龕,ガンドウノガン，ゴウカクノゴウノシタニリュウ,龕灯のガン，合格のゴウの下に龍,ガン,カン,,,,ずし,か（つ）,,
737D,龜,ドウブツノカメノキュウジ,動物の亀の旧字,,,,,,,,,
737E,龠,ブシュノヤク，フエ,部首のヤク，ふえ,ヤク,,,,,ふえ,,,
7421,堯,ギョウシュンノギョウノキュウジ,尭舜のギョウの旧字,,,,,,,,,
7422,槇,ショクブツノマキノキュウジ,植物の槙の旧字,,,,,,,,,
7423,遙,ヨウハイスルノヨウ，ハルカノキュウジ,遥拝するのヨウ，遥かの旧字,,,,,,,,,
7424,瑤,ヨウ，オウヘンニユレルノツクリノキュウジ,ヨウ，王偏に揺れるの旁の旧字,,,,,,,,,
7425,凜,リンレツタルノリン,凜冽たるのリン,,,,,,,,,
7426,熙,キ，モトシュショウノホソカワモリヒロノヒロ,キ，元首相の細川護煕のヒロ,,,,,,,,,
